L1,L2,csv_n,web_n,diff(web-csv),note
连接器，互连器件,圆形连接器,796775,1454897,658122,web has 6 L3 entries (or duplicate L2 names)
连接器，互连器件,矩形连接器,605448,896061,290613,web has 12 L3 entries (or duplicate L2 names)
集成电路（IC）,电源管理（PMIC）,8744,222013,213269,web has 30 L3 entries (or duplicate L2 names)
连接器，互连器件,D-Sub、D 形连接器,24544,224132,199588,web has 9 L3 entries (or duplicate L2 names)
电容器,陶瓷电容器,757416,876120,118704,
集成电路（IC）,嵌入式,5011,118643,113632,web has 10 L3 entries (or duplicate L2 names)
未分类,未分类,109134,208016,98882,
电缆组件,同轴电缆（射频）,465070,391890,-73180,
分立半导体产品,晶体管,22905,92678,69773,web has 6 L3 entries (or duplicate L2 names)
集成电路（IC）,存储器,1133,55106,53973,web has 4 L3 entries (or duplicate L2 names)
工业自动化与控制,工业传感器,146913,198997,52084,web has 12 L3 entries (or duplicate L2 names)
集成电路（IC）,线性,3452,44524,41072,web has 4 L3 entries (or duplicate L2 names)
集成电路（IC）,逻辑,22976,59851,36875,web has 15 L3 entries (or duplicate L2 names)
传感器，变送器,温度传感器,18470,51077,32607,web has 7 L3 entries (or duplicate L2 names)
电路保护,断路器,63602,93876,30274,
集成电路（IC）,接口,18580,48734,30154,web has 20 L3 entries (or duplicate L2 names)
工业自动化与控制,气动，液压,3097,32147,29050,web has 7 L3 entries (or duplicate L2 names)
开发板，套件，编程器,评估板,30312,54336,24024,web has 13 L3 entries (or duplicate L2 names)
电路保护,压敏电阻，MOV,6,23910,23904,
电路保护,瞬态电压抑制器（TVS）,89864,113661,23797,web has 4 L3 entries (or duplicate L2 names)
分立半导体产品,二极管,121481,143297,21816,web has 5 L3 entries (or duplicate L2 names)
开关,可配置开关元件,2715,22636,19921,web has 4 L3 entries (or duplicate L2 names)
集成电路（IC）,数据采集,12342,31963,19621,web has 6 L3 entries (or duplicate L2 names)
电缆，电线 - 管理,缆线固定扣,26,17880,17854,
电缆组件,圆形电缆组件,106585,89187,-17398,
集成电路（IC）,时钟/定时,5582,20952,15370,web has 7 L3 entries (or duplicate L2 names)
工业自动化与控制,控制器,5900,20477,14577,web has 6 L3 entries (or duplicate L2 names)
连接器，互连器件,FFC、FPC（扁平柔性）连接器,2892,16769,13877,web has 4 L3 entries (or duplicate L2 names)
工具,压接器，压接机，压力机,80668,67113,-13555,web has 3 L3 entries (or duplicate L2 names)
胶带，粘合剂，材料,胶带,26635,13257,-13378,
连接器，互连器件,同轴连接器（射频）,28445,40495,12050,web has 5 L3 entries (or duplicate L2 names)
风扇，风机，热管理,热器件,143030,131549,-11481,web has 8 L3 entries (or duplicate L2 names)
电源 - 板安装,DC DC 转换器,99750,88308,-11442,
连接器，互连器件,模块化/以太网连接器,9174,20304,11130,web has 8 L3 entries (or duplicate L2 names)
工具,配件,4723,14206,9483,
连接器，互连器件,背板连接器,55396,46251,-9145,web has 8 L3 entries (or duplicate L2 names)
电容器,钽电容器,133958,142403,8445,
传感器，变送器,光学传感器,4679,11533,6854,web has 14 L3 entries (or duplicate L2 names)
电缆组件,光纤电缆,47270,41139,-6131,
电容器,薄膜电容器,158933,164832,5899,web has 2 L3 entries (or duplicate L2 names)
连接器，互连器件,端子,33445,38867,5422,web has 20 L3 entries (or duplicate L2 names)
开关,开关帽,1,5353,5352,
隔离器,光耦合器，光隔离器,13178,18356,5178,web has 3 L3 entries (or duplicate L2 names)
工具,磨料和表面修整产品,6167,11305,5138,
安全产品,机器安全,14896,19940,5044,web has 8 L3 entries (or duplicate L2 names)
测试与计量,测试引线,17224,12371,-4853,web has 9 L3 entries (or duplicate L2 names)
电缆，电线,单芯电缆（连接线）,20153,24823,4670,
连接器，互连器件,光纤连接器,405,4999,4594,web has 4 L3 entries (or duplicate L2 names)
继电器,功率继电器，高于 2 A,33801,29222,-4579,
连接器，互连器件,端子块,203017,207398,4381,web has 11 L3 entries (or duplicate L2 names)
滤波器,射频滤波器,1,4359,4358,
工业自动化与控制,面板仪表,8,4356,4348,web has 3 L3 entries (or duplicate L2 names)
连接器，互连器件,重载连接器,18820,23153,4333,web has 6 L3 entries (or duplicate L2 names)
连接器，互连器件,触头,53,4332,4279,web has 3 L3 entries (or duplicate L2 names)
测试与计量,测试设备,3929,7864,3935,web has 11 L3 entries (or duplicate L2 names)
传感器，变送器,运动传感器,519,4447,3928,web has 7 L3 entries (or duplicate L2 names)
工业自动化与控制,机器视觉,129,3775,3646,web has 4 L3 entries (or duplicate L2 names)
电缆组件,矩形电缆组件,149633,146016,-3617,
分立半导体产品,晶闸管,6736,10300,3564,web has 4 L3 entries (or duplicate L2 names)
工具,螺丝刀、螺母起子和套件,7062,10595,3533,web has 3 L3 entries (or duplicate L2 names)
开关,选择开关,23835,20348,-3487,
连接器，互连器件,刀片式电源连接器,870,4308,3438,web has 4 L3 entries (or duplicate L2 names)
电路保护,电路保护配件,9221,12522,3301,
风扇，风机，热管理,风扇,24841,28020,3179,web has 5 L3 entries (or duplicate L2 names)
电缆，电线,扁平带状电缆,3369,6418,3049,
电缆，电线,多芯电缆,48189,51078,2889,
滤波器,电力线滤波模块,11506,14347,2841,
电缆，电线 - 管理,螺线包材，伸缩套管,13,2815,2802,
光电器件,LED COB、引擎、模块、灯条,31383,34147,2764,
开关,拨动开关,12480,15230,2750,
箱盒，外壳，机架,箱盒,30723,28016,-2707,
电源 - 外部/内部（板外）,DC DC 转换器,7420,4894,-2526,
开发板，套件，编程器,软件，服务,3887,1378,-2509,
五金件，紧固件，配件,弹簧,12486,14972,2486,web has 3 L3 entries (or duplicate L2 names)
电路保护,保险丝座,4181,6622,2441,
电缆组件,模块化/以太网电缆（RJ45，RJ11）,47882,45498,-2384,
射频和无线,射频开关,3530,5817,2287,
五金件，紧固件，配件,其他,2149,4331,2182,
连接器，互连器件,香蕉和尖头连接器,131,2293,2162,web has 4 L3 entries (or duplicate L2 names)
继电器,接触器（机电）,15673,13575,-2098,
五金件，紧固件，配件,缓冲器，支脚，焊盘，握把,2,2051,2049,
工具,钢丝钳,2,2011,2009,
工业自动化与控制,机器人,935,2897,1962,web has 3 L3 entries (or duplicate L2 names)
电阻器,底座安装电阻器,27163,29086,1923,
工具,点胶设备,728,2613,1885,web has 3 L3 entries (or duplicate L2 names)
连接器，互连器件,IC、晶体管插座,17711,15832,-1879,web has 3 L3 entries (or duplicate L2 names)
射频和无线,射频屏蔽,16298,14510,-1788,
电机、执行器、电磁阀和驱动器,电机驱动器板，模块,15747,13966,-1781,
连接器，互连器件,固态照明连接器,95,1794,1699,web has 3 L3 entries (or duplicate L2 names)
电缆组件,D-Sub 电缆,10807,12357,1550,
开关,滑动开关,483,2004,1521,
电感器，线圈，扼流圈,固定电感器,151038,149598,-1440,
电缆，电线 - 管理,标签，标记,8856,10292,1436,
开关,触摸开关,12043,13428,1385,
晶体，振荡器，谐振器,晶体,116017,114727,-1290,
电容器,电容器网络、阵列,62,1324,1262,
光电器件,光纤收发器模块,16949,15728,-1221,
工业用品,HVAC,88,1249,1161,web has 5 L3 entries (or duplicate L2 names)
滤波器,陶瓷滤波器,1,1155,1154,
连接器，互连器件,交流电源连接器,13849,12717,-1132,web has 3 L3 entries (or duplicate L2 names)
光电器件,LED 白光照明,43639,44743,1104,
箱盒，外壳，机架,盒配件,10747,9669,-1078,
射频和无线,射频放大器,6627,5612,-1015,
电缆组件,特种电缆组件,2943,1961,-982,
电容器,铝电解电容器,112668,111701,-967,
线路保护，配电，备用,配电，浪涌保护器,5182,4216,-966,
存储器 - 模块，卡,固态硬盘（SSD），硬盘驱动器（HDD）,7824,6906,-918,
开关,按钮开关,64506,63617,-889,
电缆组件,套管连接器电缆,751,1607,856,web has 2 L3 entries (or duplicate L2 names)
射频和无线,射频收发器 IC,3861,4690,829,
套件,连接器套件,5,830,825,
工具,扳手,3161,3970,809,
电机、执行器、电磁阀和驱动器,电动执行器/气缸,971,1772,801,
标签，标志，隔离带，标识,标志，铭牌，招贴,12149,12947,798,
光电器件,LED 指示 - 分立式,24601,23876,-725,
连接器，互连器件,存储器连接器,2623,3293,670,web has 4 L3 entries (or duplicate L2 names)
工业自动化与控制,监视器,1107,1776,669,web has 2 L3 entries (or duplicate L2 names)
光电器件,LED 字符与数字,5773,5113,-660,
继电器,信号继电器，高达 2 A,7606,8253,647,
射频和无线,射频天线,17349,17972,623,
工业自动化与控制,工业 PC,4269,4885,616,
箱盒，外壳，机架,把手,1553,995,-558,
电源 - 外部/内部（板外）,AC DC 转换器,75663,76206,543,
连接器，互连器件,卡边缘连接器,619431,618899,-532,web has 5 L3 entries (or duplicate L2 names)
安全产品,用户控制安全,3213,3738,525,web has 2 L3 entries (or duplicate L2 names)
电位计，可变电阻器,旋转式电位计，变阻器,680405,680922,517,
连接器，互连器件,光伏（太阳能板）连接器,52,565,513,web has 3 L3 entries (or duplicate L2 names)
标签，标志，隔离带，标识,标签，贴纸，贴标 - 预印,8977,9474,497,
开关,旋转开关,3744,3275,-469,
电缆，电线,光纤电缆,4524,4058,-466,
工业自动化与控制,工业照明,2898,3356,458,web has 2 L3 entries (or duplicate L2 names)
射频和无线,衰减器,7135,6684,-451,
变压器,开关转换器，SMPS 变压器,1978,1540,-438,
电缆，电线 - 管理,电缆支撑与紧固件,5834,6266,432,
电缆组件,平软线，带状跳线,26780,26351,-429,
滤波器,铁氧体磁珠和芯片,7611,8029,418,
箱盒，外壳，机架,机架组件,5484,5898,414,
音频产品,麦克风,975,1373,398,
变压器,脉冲变压器,4920,4546,-374,
五金件，紧固件，配件,电路板支座,3937,4308,371,
工具,套筒和套筒手柄,6351,6711,360,web has 2 L3 entries (or duplicate L2 names)
标签，标志，隔离带，标识,标签,3119,3479,360,
工业自动化与控制,可叠接塔台照明、信标和元器件,7399,7061,-338,
电缆，电线 - 管理,电线管，线槽,5596,5930,334,web has 3 L3 entries (or duplicate L2 names)
存储器 - 模块，卡,存储器 - 模块,2733,2418,-315,
工业自动化与控制,人机界面（HMI）,2068,2376,308,web has 2 L3 entries (or duplicate L2 names)
连接器，互连器件,分路器，跳线,1427,1130,-297,
连接器，互连器件,USB、DVI、HDMI 连接器,5895,5610,-285,web has 3 L3 entries (or duplicate L2 names)
线路保护，配电，备用,线路保护，配电配件,4642,4920,278,
工业自动化与控制,信号调节器和隔离器,1133,1399,266,
电容器,电机启动，电机运行电容器（AC）,3151,2892,-259,
电机、执行器、电磁阀和驱动器,配件,7994,8252,258,
传感器，变送器,超声波接收器、发射器,1727,1984,257,
射频和无线,射频多路复用器,1119,1366,247,
工具,专用工具,11523,11770,247,
工业自动化与控制,工业照明控制,113,348,235,web has 2 L3 entries (or duplicate L2 names)
五金件，紧固件，配件,铰链,218,448,230,
五金件，紧固件，配件,铆钉,2711,2935,224,
光学器件,透镜,1475,1270,-205,
箱盒，外壳，机架,插头板、插线架、插孔面板配件,500,296,-204,
磁性元件 - 变压器，电感器元件,套环（线圈管），固定件，五金件,974,772,-202,
传感器，变送器,压力传感器、变送器,10958,11150,192,
射频和无线,RFID 读取器模块,567,381,-186,
箱盒，外壳，机架,机架热管理,3805,3625,-180,
光电器件,LED 可寻址，专用,386,559,173,
工具,钳子,2012,2185,173,
磁性元件 - 变压器，电感器元件,铁氧体磁芯,11885,11713,-172,
嵌入式计算机,单板计算机（SBC）,5701,5549,-152,
测试与计量,测试与计量配件,7244,7092,-152,
原型开发，制造品,有孔原型板,636,489,-147,
连接器，互连器件,Keystone 连接器,2714,2860,146,web has 3 L3 entries (or duplicate L2 names)
变压器,音频变压器,889,1032,143,
传感器，变送器,传感器电缆配件,1336,1197,-139,
电缆组件,电源、线缆和加长线,5440,5303,-137,
防静电、ESD、无尘室产品,电离装置,198,335,137,
五金件，紧固件，配件,螺母,1200,1064,-136,
传感器，变送器,磁体,865,1001,136,web has 2 L3 entries (or duplicate L2 names)
防静电、ESD、无尘室产品,静电控制接地垫，防静电垫,1193,1322,129,
箱盒，外壳，机架,卡导槽配件,610,482,-128,
胶带，粘合剂，材料,薄膜,383,255,-128,
电路保护,涌流限制器（ICL）,2236,2362,126,
工具,刀，剪刀，切割工具,1106,981,-125,
电源 - 外部/内部（板外）,外置/内置电源配件,1776,1901,125,
光学器件,激光光学器件,144,268,124,web has 7 L3 entries (or duplicate L2 names)
标签，标志，隔离带，标识,封锁，挂锁,1867,1753,-114,
网络解决方案,其他,2119,2228,109,
防静电、ESD、无尘室产品,静电控制屏蔽包，防静电袋、物料,1034,1143,109,
连接器，互连器件,端子条和转台板,381,489,108,
电池产品,电池座，电池夹，电池触头,1668,1775,107,
焊接、拆焊、返修产品,焊接、拆焊、返修配件,2615,2721,106,
变压器,电流互感器,1695,1591,-104,
创客/DIY，教育,教学套件,1126,1229,103,
五金件，紧固件，配件,夹子，吊架，挂钩,259,360,101,
传感器，变送器,太阳能电池,387,484,97,
滤波器,EMI/RFI 滤波器（LC，RC 网络）,1925,2019,94,
继电器,接触器（固态）,955,864,-91,
焊接、拆焊、返修产品,焊料,1632,1542,-90,
光电器件,LED 彩光照明,5075,5161,86,
开发板，套件，编程器,编程器、仿真器和调试器,1078,992,-86,
电缆，电线,扁平柔性电缆（FFC、FPC）,72,158,86,
射频和无线,RFID 应答器、标签,814,729,-85,
防静电、ESD、无尘室产品,静电控制器件容器，防静电仪器盒子,1033,1117,84,
箱盒，外壳，机架,插头板、插线架、插孔面板,2506,2423,-83,
电容器,硅电容器,375,294,-81,
光电器件,LED 点阵和群集,630,550,-80,
开发板，套件，编程器,可编程适配器，插座,1739,1659,-80,
防静电、ESD、无尘室产品,静电控制，防静电服,1133,1058,-75,
分立半导体产品,功率驱动器模块,1005,1079,74,
防静电、ESD、无尘室产品,防静电、ESD、无尘室配件,1083,1154,71,
传感器，变送器,磁性传感器,7760,7830,70,web has 4 L3 entries (or duplicate L2 names)
传感器，变送器,气体传感器,1325,1256,-69,
防静电、ESD、无尘室产品,静电控制，防静电接地线，防静电腕带,719,788,69,
电池产品,电池充电器,511,579,68,
测试与计量,测试点,281,343,62,
创客/DIY，教育,可穿戴设备,230,290,60,web has 3 L3 entries (or duplicate L2 names)
集成电路（IC）,专用 IC,2214,2274,60,
箱盒，外壳，机架,评估、开发板外壳,669,725,56,
光电器件,光导管,35583,35528,-55,
射频和无线,巴伦转换器，平衡-不平衡转换器,1189,1134,-55,
测试与计量,测试探头尖,626,572,-54,
存储器 - 模块，卡,存储卡,2963,2910,-53,
继电器,继电器插槽,1787,1839,52,
继电器,I/O 继电器模块,531,582,51,
射频和无线,射频接收器,1642,1592,-50,
传感器，变送器,多功能,411,362,-49,
电缆组件,视频电缆（DVI，HDMI），视频数据线,2260,2212,-48,
音频产品,配件,473,521,48,
传感器，变送器,传感器接口接线块,2204,2249,45,
传感器，变送器,力传感器，测压元件,1201,1156,-45,
电源 - 外部/内部（板外）,以太网供电（PoE）,794,838,44,
存储器 - 模块，卡,USB 闪存驱动器,559,517,-42,
传感器，变送器,传感器电缆组件,2657,2618,-39,
计算机设备,监视器,477,440,-37,
光电器件,LED 发射器 - 红外，紫外，可见光,3861,3826,-35,
光电器件,光纤开关 ，交换机，多路复用器，解复用器,670,635,-35,
防静电、ESD、无尘室产品,无尘室处理，清洁剂，擦拭巾,280,314,34,
箱盒，外壳，机架,卡机架配件,398,365,-33,
工业自动化与控制,工业设备,2808,2776,-32,
射频和无线,RFID，射频接入，监控 IC,1493,1462,-31,
测试与计量,温度计,1451,1420,-31,
五金件，紧固件，配件,粘扣带,1387,1417,30,
光电器件,光纤接收器,313,283,-30,
电阻器,配件,216,186,-30,
工具,化学品，清洁剂,255,226,-29,
焊接、拆焊、返修产品,焊剂，焊剂去除剂,247,219,-28,
射频和无线,射频前端（LNA + PA),600,573,-27,
滤波器,SAW 滤波器,1841,1868,27,
箱盒，外壳，机架,背板,121,94,-27,
连接器，互连器件,端子接线系统,2619,2592,-27,
连接器，互连器件,系列间适配器,747,774,27,
电缆组件,固态照明电缆,300,274,-26,
箱盒，外壳，机架,卡机架,281,255,-26,
创客/DIY，教育,机器人套件,450,475,25,
五金件，紧固件，配件,元件绝缘子，安装座，垫片,747,724,-23,
光学检测设备,显微镜,357,380,23,
变压器,配件,206,183,-23,
射频和无线,射频检测器,511,488,-23,
继电器,磁簧继电器,1589,1566,-23,
五金件，紧固件，配件,螺钉扣眼,445,467,22,
套件,传感器套件,343,321,-22,
音频产品,扬声器,2784,2762,-22,
传感器，变送器,电流传感器,5080,5059,-21,
传感器，变送器,LVDT 变送器（线性可变差动变压器）,501,521,20,
射频和无线,射频配件,5187,5167,-20,
电位计，可变电阻器,刻度盘,92,112,20,
五金件，紧固件，配件,密封件 - O 圈,122,141,19,
射频和无线,射频调制器,217,198,-19,
箱盒，外壳，机架,卡导槽,730,711,-19,
原型开发，制造品,适配器，分线板,1586,1604,18,
电缆组件,LGH 电缆,412,394,-18,
工具,六角、梅花六角扳手,1194,1211,17,
晶体，振荡器，谐振器,谐振器,1705,1688,-17,
电源 - 外部/内部（板外）,LED 驱动器,5147,5164,17,
电阻器,电阻器网络，阵列,44906,44923,17,
五金件，紧固件，配件,轴承,155,139,-16,
套件,EMI，滤波器套件,221,205,-16,
原型开发，制造品,跳线,482,497,15,
工具,线缆扎带枪和配件,227,212,-15,
工具,锤子,451,466,15,
焊接、拆焊、返修产品,焊接，拆焊，焊台，返修台,260,275,15,
光电器件,垫片，支座,3747,3761,14,
开关,限位开关,14172,14158,-14,
计算机设备,USB 集线器,357,371,14,
开发板，套件，编程器,配件,2476,2489,13,
焊接、拆焊、返修产品,吸锡网线，吸锡带 ，吸锡器，棉芯，泵,406,419,13,
计算机设备,隐私滤光片，屏幕保护器，防窥片,362,375,13,
原型开发，制造品,涂层，油脂，维修,126,114,-12,
工业用品,车辆保养和定制产品,17,29,12,
电阻器,特种电阻器,920,932,12,
继电器,汽车继电器,1989,1977,-12,
工业用品,户外用品,318,329,11,web has 5 L3 entries (or duplicate L2 names)
电池产品,非充电电池（一次电池）,94,105,11,
光电器件,光纤衰减器,250,240,-10,
光电器件,反射镜,469,459,-10,
电路保护,热熔断体（热熔保险丝）,321,311,-10,
光学器件,滤波器,59,50,-9,
原型开发，制造品,卡扩展器,69,60,-9,
套件,开关套件,40,49,9,
射频和无线,射频接收器、发射器、收发器成品,1602,1593,-9,
工业用品,安全,2,11,9,web has 2 L3 entries (or duplicate L2 names)
箱盒，外壳，机架,存储,21,30,9,
继电器,高频（射频）继电器,927,918,-9,
风扇，风机，热管理,加热带、加热毯和加热器,5303,5294,-9,
传感器，变送器,接近/占位传感器成品,615,607,-8,
光学检测设备,光学检查配件,569,561,-8,
嵌入式计算机,嵌入式计算机接口板,510,502,-8,
工业用品,电气,13,21,8,web has 2 L3 entries (or duplicate L2 names)
工具,真空吸尘器,43,51,8,
电池产品,点烟器组件,77,69,-8,
磁性元件 - 变压器，电感器元件,电磁线,49,57,8,
五金件，紧固件，配件,安装托架,62,69,7,
光电器件,激光二极管、模块配件,85,78,-7,
原型开发，制造品,配件,339,332,-7,
套件,电容器套件,725,732,7,
套件,电路保护套件 - 保险丝,165,158,-7,
传感器，变送器,冲击传感器,21,15,-6,
存储器 - 模块，卡,存储卡，模块配件,54,48,-6,
工业用品,维护保养,97,91,-6,web has 2 L3 entries (or duplicate L2 names)
开关,导航开关，操纵杆,2106,2100,-6,
滤波器,DSL 滤波器,19,13,-6,
计算机设备,键盘,322,316,-6,
光学检测设备,灯 - 放大，工作,805,800,-5,
光电器件,光纤发射器 - 分立式,186,181,-5,
套件,其他,207,202,-5,
电容器,配件,213,218,5,
计算机设备,打印机，标签打印机,339,344,5,
光电器件,光纤发射器 - 驱动器集成电路,86,82,-4,
光电器件,显示屏背光,99,95,-4,
光电器件,氦氖激光头,18,22,4,
原型开发，制造品,钻头，立铣刀,91,87,-4,
套件,变压器套件,33,29,-4,
光电器件,显示器，监视器 - LCD 驱动器/控制器,66,63,-3,
工业用品,产品、材料搬运和存储,19,22,3,web has 3 L3 entries (or duplicate L2 names)
工业用品,工作站、办公家具和设备,7,10,3,web has 2 L3 entries (or duplicate L2 names)
焊接、拆焊、返修产品,烟雾排除,113,116,3,
焊接、拆焊、返修产品,焊接海绵，烙铁头清洁剂,108,111,3,
电感器，线圈，扼流圈,可调电感器,185,182,-3,
计算机设备,托架,34,37,3,
隔离器,特殊用途隔离器,114,117,3,
传感器，变送器,色彩传感器,78,76,-2,
传感器，变送器,触摸传感器,100,98,-2,
光学检测设备,视频检测系统,102,100,-2,
光电器件,LED 照明套件,48,50,2,
光电器件,显示器边框，透镜,85,87,2,
光电器件,氙气灯照明,162,160,-2,
光电器件,氦氖激光系统,25,27,2,
工具,铆固工具,56,58,2,
电容器,微调器，可变电容器,1580,1578,-2,
电缆，电线 - 管理,光纤电缆,155,153,-2,
电缆，电线 - 管理,电缆拉柄与支持握柄,727,729,2,
网络解决方案,串口设备服务器,603,601,-2,
胶带，粘合剂，材料,配件,37,35,-2,
计算机设备,磁条，智能卡读卡器,44,46,2,
光学检测设备,支臂，安装座，支架,85,84,-1,
射频和无线,射频发射器,565,564,-1,
工业自动化与控制,油脂和润滑剂,112,113,1,
工业自动化与控制,电缆和软管载具，牵引链,208,207,-1,
工具,工作台、工作站和配件,38,37,-1,web has 2 L3 entries (or duplicate L2 names)
标签，标志，隔离带，标识,标签、标志、护栏配件,778,779,1,
电缆组件,智能电缆,103,104,1,
电缆，电线 - 管理,冷缩带，套管,117,116,-1,
计算机设备,桌面操纵杆，模拟产品,41,40,-1,
音频产品,警报器、蜂鸣器和警笛,5066,5067,1,
光学器件,反光镜,132,132,0,
光学器件,棱镜,19,19,0,
光电器件,冷阴极萤光（CCFL）和 UV 灯,188,188,0,
光电器件,激光二极管，激光模块 - 激光传输，激光光纤,216,216,0,
光电器件,非接触式荧光粉光源,269,269,0,
原型开发，制造品,定制可配置 PCB,2,2,0,
套件,LED 套件,52,52,0,
套件,原型开发板，制造套件,31,31,0,
套件,各类分立套件,42,42,0,
射频和无线,射频功率控制器 IC,51,51,0,
工业用品,小车和推车,19,19,0,
工业自动化与控制,凸轮定位器,16,16,0,
工具,螺线包材，伸缩套管,46,46,0,
开关,可编程显示器开关,24,24,0,
开关,按钮开关 - 霍尔效应,15,15,0,
滤波器,滤波器配件,67,67,0,
焊接、拆焊、返修产品,焊接模版，模板,647,647,0,
电位计，可变电阻器,操纵杆电位计,9,9,0,
电感器，线圈，扼流圈,延迟线,50,50,0,
电源 - 外部/内部（板外）,AC AC 壁插式电源适配器,173,173,0,
电源 - 外部/内部（板外）,AC DC 可配置电源（工厂组装）,237,237,0,
箱盒，外壳，机架,凸轮,66,66,0,
计算机设备,KVM 切换器（键盘视频鼠标）,349,349,0,
五金件，紧固件，配件,DIN 导轨通道,,2053,,ONLY_IN_WEBSITE
五金件，紧固件，配件,垫圈,,5631,,ONLY_IN_WEBSITE
五金件，紧固件，配件,孔插头 - 锥形盖,,4257,,ONLY_IN_WEBSITE
五金件，紧固件，配件,旋钮,,3218,,ONLY_IN_WEBSITE
五金件，紧固件，配件,板垫片，支座,,19381,,ONLY_IN_WEBSITE
五金件，紧固件，配件,泡沫,,526,,ONLY_IN_WEBSITE
五金件，紧固件，配件,结构、移动五金件,,6697,,ONLY_IN_WEBSITE
五金件，紧固件，配件,螺丝，螺栓,,9057,,ONLY_IN_WEBSITE
五金件，紧固件，配件,配件,,1385,,ONLY_IN_WEBSITE
传感器，变送器,IrDA 收发器模块,,139,,ONLY_IN_WEBSITE
传感器，变送器,专用传感器,,2087,,ONLY_IN_WEBSITE
传感器，变送器,传感器、变送器放大器,,1459,,ONLY_IN_WEBSITE
传感器，变送器,传感器、变送器配件,,14113,,ONLY_IN_WEBSITE
传感器，变送器,位置传感器,,19035,,ONLY_IN_WEBSITE
传感器，变送器,压力传感器、变送器 - 工业,158,,,ONLY_IN_CSV
传感器，变送器,应变计,,1471,,ONLY_IN_WEBSITE
传感器，变送器,接近传感器,,4651,,ONLY_IN_WEBSITE
传感器，变送器,流量传感器,,569,,ONLY_IN_WEBSITE
传感器，变送器,浮子，液位传感器,,2478,,ONLY_IN_WEBSITE
传感器，变送器,温度传感器 - 模拟和数字输出 - 工业,1348,,,ONLY_IN_CSV
传感器，变送器,温控器 - 机械式 - 工业,2097,,,ONLY_IN_CSV
传感器，变送器,湿度、湿敏传感器,,704,,ONLY_IN_WEBSITE
传感器，变送器,编码器,,13158,,ONLY_IN_WEBSITE
传感器，变送器,编码器 - 工业,11034,,,ONLY_IN_CSV
传感器，变送器,颗粒、粉尘传感器,,52,,ONLY_IN_WEBSITE
光学器件,偏光镜,,62,,ONLY_IN_WEBSITE
光学器件,分束镜,,38,,ONLY_IN_WEBSITE
光学检测设备,小型放大镜，放大镜,,66,,ONLY_IN_WEBSITE
光学检测设备,摄像头,,79,,ONLY_IN_WEBSITE
光学检测设备,机器视觉 - 透镜,,472,,ONLY_IN_WEBSITE
光学检测设备,机器视觉 - 配件,,786,,ONLY_IN_WEBSITE
光学检测设备,照明光源,,80,,ONLY_IN_WEBSITE
光学检测设备,目镜，透镜,,107,,ONLY_IN_WEBSITE
光电器件,LCD、OLED 字符与数字,,1923,,ONLY_IN_WEBSITE
光电器件,LCD，OLED，图形,,4038,,ONLY_IN_WEBSITE
光电器件,LED 散热产品,,327,,ONLY_IN_WEBSITE
光电器件,光学机械,,335,,ONLY_IN_WEBSITE
光电器件,光电配件,,6571,,ONLY_IN_WEBSITE
光电器件,氦氖激光系统配件,,11,,ONLY_IN_WEBSITE
光电器件,激光二极管、模块,,847,,ONLY_IN_WEBSITE
光电器件,灯替换,,1256,,ONLY_IN_WEBSITE
光电器件,电致发光,,85,,ONLY_IN_WEBSITE
光电器件,电路板指示器，阵列，发光条，条形图,,6975,,ONLY_IN_WEBSITE
光电器件,白炽灯，氖灯,,1071,,ONLY_IN_WEBSITE
光电器件,真空荧光（VFD）,,100,,ONLY_IN_WEBSITE
光电器件,触摸屏覆盖层,,227,,ONLY_IN_WEBSITE
光电器件,透镜,,3411,,ONLY_IN_WEBSITE
光电器件,镇流器，逆变器,,280,,ONLY_IN_WEBSITE
光电器件,面板指示器，指示灯,,27435,,ONLY_IN_WEBSITE
分立半导体产品,电流调节 - 二极管，晶体管,,1004,,ONLY_IN_WEBSITE
创客/DIY，教育,书籍，媒体,246,,,ONLY_IN_CSV
创客/DIY，教育,原型开发，制造品,66,,,ONLY_IN_CSV
创客/DIY，教育,小工具，小装置,89,,,ONLY_IN_CSV
原型开发，制造品,3D 打印机,,66,,ONLY_IN_WEBSITE
原型开发，制造品,3D 打印材料,,1071,,ONLY_IN_WEBSITE
原型开发，制造品,3D 打印配件,,219,,ONLY_IN_WEBSITE
原型开发，制造品,PCB 镂铣机，布线机，铣床,,26,,ONLY_IN_WEBSITE
原型开发，制造品,无孔原型板,,62,,ONLY_IN_WEBSITE
原型开发，制造品,无焊试验板,,220,,ONLY_IN_WEBSITE
原型开发，制造品,蚀刻和制造设备,,34,,ONLY_IN_WEBSITE
变压器,专用变压器,,242,,ONLY_IN_WEBSITE
变压器,电源变压器,,6418,,ONLY_IN_WEBSITE
变压器,隔离变压器和自耦变压器，升压，降压,,606,,ONLY_IN_WEBSITE
套件,五金套件,,100,,ONLY_IN_WEBSITE
套件,光学 - 光导管套件,,4,,ONLY_IN_WEBSITE
套件,光纤套件,,81,,ONLY_IN_WEBSITE
套件,射频屏蔽套件,,30,,ONLY_IN_WEBSITE
套件,晶体套件,,6,,ONLY_IN_WEBSITE
套件,热敏电阻套件,,19,,ONLY_IN_WEBSITE
套件,热缩管套件,,222,,ONLY_IN_WEBSITE
套件,电位计套件,,32,,ONLY_IN_WEBSITE
套件,电感器套件,,377,,ONLY_IN_WEBSITE
套件,电缆装配套件,,30,,ONLY_IN_WEBSITE
套件,电缆，电线 - 单芯导线套件,,21,,ONLY_IN_WEBSITE
套件,电路保护 - 分类套件,,76,,ONLY_IN_WEBSITE
套件,电路保护套件 - TVS 二极管,,31,,ONLY_IN_WEBSITE
套件,电阻器套件,,550,,ONLY_IN_WEBSITE
套件,线缆扎带套件,,43,,ONLY_IN_WEBSITE
套件,胶带套件,,28,,ONLY_IN_WEBSITE
套件,连接器适配器套件,,43,,ONLY_IN_WEBSITE
套件,集成电路（IC）套件,,68,,ONLY_IN_WEBSITE
套件,静电控制套件,,348,,ONLY_IN_WEBSITE
套件,音频套件,43,,,ONLY_IN_CSV
存储器 - 模块，卡,专用,,45,,ONLY_IN_WEBSITE
安全产品,直接人身安全,,1796,,ONLY_IN_WEBSITE
射频和无线,RFI 和 EMI - 屏蔽和吸收材料,,2924,,ONLY_IN_WEBSITE
射频和无线,RFI 和 EMI - 触头、簧片和衬垫,,3544,,ONLY_IN_WEBSITE
射频和无线,RFID 天线,,479,,ONLY_IN_WEBSITE
射频和无线,RFID 配件,,125,,ONLY_IN_WEBSITE
射频和无线,其他射频 IC 和模块,,3020,,ONLY_IN_WEBSITE
射频和无线,射频功率分配器/分线器,,1583,,ONLY_IN_WEBSITE
射频和无线,射频定向耦合器,,2963,,ONLY_IN_WEBSITE
射频和无线,射频收发器和调制解调器,,6106,,ONLY_IN_WEBSITE
射频和无线,射频混频器,,1479,,ONLY_IN_WEBSITE
射频和无线,射频环行器和隔离器,,2313,,ONLY_IN_WEBSITE
射频和无线,射频解调器,,205,,ONLY_IN_WEBSITE
射频和无线,用户识别模块（SIM）卡,,49,,ONLY_IN_WEBSITE
嵌入式计算机,嵌入式计算机配件,,1117,,ONLY_IN_WEBSITE
工业用品,保洁和维护产品,,336,,ONLY_IN_WEBSITE
工业用品,办公设备,,332,,ONLY_IN_WEBSITE
工业用品,运输和包装产品,,172,,ONLY_IN_WEBSITE
工业用品,风扇,,3,,ONLY_IN_WEBSITE
工业自动化与控制,保护继电器和系统,,865,,ONLY_IN_WEBSITE
工业自动化与控制,图形/数字显示,,23,,ONLY_IN_WEBSITE
工业自动化与控制,工业、DIN 导轨电源,4558,,,ONLY_IN_CSV
工业自动化与控制,工业专用,,895,,ONLY_IN_WEBSITE
工业自动化与控制,工业自动化配件,,10933,,ONLY_IN_WEBSITE
工业自动化与控制,延时继电器,,4940,,ONLY_IN_WEBSITE
工业自动化与控制,液体过滤,,481,,ONLY_IN_WEBSITE
工具,光纤和配件,,578,,ONLY_IN_WEBSITE
工具,冲压机,,268,,ONLY_IN_WEBSITE
工具,剥线钳和配件,,1312,,ONLY_IN_WEBSITE
工具,各类工具套件,,786,,ONLY_IN_WEBSITE
工具,工具袋、盒和柜,,292,,ONLY_IN_WEBSITE
工具,手电筒,,88,,ONLY_IN_WEBSITE
工具,打线，刀片,,116,,ONLY_IN_WEBSITE
工具,插拔工具,,2930,,ONLY_IN_WEBSITE
工具,油漆用品,,17,,ONLY_IN_WEBSITE
工具,热风枪，气炬，配件,,1034,,ONLY_IN_WEBSITE
工具,电铲，钩，镊子，探针，调节工具,,198,,ONLY_IN_WEBSITE
工具,绕接,,64,,ONLY_IN_WEBSITE
工具,虎钳,,84,,ONLY_IN_WEBSITE
工具,镊子,,2377,,ONLY_IN_WEBSITE
开关,DIP 开关,,8115,,ONLY_IN_WEBSITE
开关,互锁开关,2935,,,ONLY_IN_CSV
开关,小键盘开关,,486,,ONLY_IN_WEBSITE
开关,开关护套，密封件,,689,,ONLY_IN_WEBSITE
开关,拨轮开关,,262,,ONLY_IN_WEBSITE
开关,摇臂开关,,44201,,ONLY_IN_WEBSITE
开关,断连开关元件,,3326,,ONLY_IN_WEBSITE
开关,磁性、磁簧开关,,382,,ONLY_IN_WEBSITE
开关,配件,,16869,,ONLY_IN_WEBSITE
开关,钥匙锁开关,,16783,,ONLY_IN_WEBSITE
晶体，振荡器，谐振器,VCO（压控振荡器）,,494,,ONLY_IN_WEBSITE
晶体，振荡器，谐振器,可编程振荡器,,8148,,ONLY_IN_WEBSITE
晶体，振荡器，谐振器,引脚可配置/可选择振荡器,,4491,,ONLY_IN_WEBSITE
晶体，振荡器，谐振器,振荡器,,419101,,ONLY_IN_WEBSITE
晶体，振荡器，谐振器,晶体、振荡器、谐振器配件,,162,,ONLY_IN_WEBSITE
晶体，振荡器，谐振器,晶体套件,6,,,ONLY_IN_CSV
晶体，振荡器，谐振器,独立编程器,,27,,ONLY_IN_WEBSITE
标签，标志，隔离带，标识,屏障、路障、地面标记、胶带,,1082,,ONLY_IN_WEBSITE
标签，标志，隔离带，标识,标签，贴纸，贴标 - 空白,,14463,,ONLY_IN_WEBSITE
测试与计量,GPIB 和通信,,101,,ONLY_IN_WEBSITE
测试与计量,数据采集（DAQ）,,1792,,ONLY_IN_WEBSITE
滤波器,共模扼流圈,,9181,,ONLY_IN_WEBSITE
滤波器,单片晶体,,51,,ONLY_IN_WEBSITE
滤波器,电缆铁氧体,,1939,,ONLY_IN_WEBSITE
滤波器,螺旋滤波器,5,,,ONLY_IN_CSV
滤波器,铁氧体圆盘和平板,,135,,ONLY_IN_WEBSITE
滤波器,馈通式、穿心式电容器,,4062,,ONLY_IN_WEBSITE
滤波器,馈通式电容器,4236,,,ONLY_IN_CSV
焊接、拆焊、返修产品,支座，支架,,114,,ONLY_IN_WEBSITE
焊接、拆焊、返修产品,烙铁，镊子，手柄,,324,,ONLY_IN_WEBSITE
焊接、拆焊、返修产品,焊接，拆焊，返修尖头，喷嘴,,3240,,ONLY_IN_WEBSITE
电位计，可变电阻器,可调功率电阻器,,1058,,ONLY_IN_WEBSITE
电位计，可变电阻器,微调电位计,,18182,,ONLY_IN_WEBSITE
电位计，可变电阻器,拨轮式电位计,,384,,ONLY_IN_WEBSITE
电位计，可变电阻器,数值显示电位计,,26,,ONLY_IN_WEBSITE
电位计，可变电阻器,滑动电位计,,14072,,ONLY_IN_WEBSITE
电位计，可变电阻器,配件,,157,,ONLY_IN_WEBSITE
电容器,云母和 PTFE 电容器,,8746,,ONLY_IN_WEBSITE
电容器,双电层电容器（EDLC），超级电容器,,2921,,ONLY_IN_WEBSITE
电容器,氧化铌电容器,,212,,ONLY_IN_WEBSITE
电容器,钽 - 聚合物电容器,,13312,,ONLY_IN_WEBSITE
电容器,铝聚合物电容器,,10575,,ONLY_IN_WEBSITE
电感器，线圈，扼流圈,共模扼流圈,8353,,,ONLY_IN_CSV
电感器，线圈，扼流圈,无线充电线圈,,237,,ONLY_IN_WEBSITE
电感器，线圈，扼流圈,电感器套件,1,,,ONLY_IN_CSV
电感器，线圈，扼流圈,阵列，信号转换器,,1302,,ONLY_IN_WEBSITE
电机、执行器、电磁阀和驱动器,"变频驱动器（VFD, VSD）",,4980,,ONLY_IN_WEBSITE
电机、执行器、电磁阀和驱动器,步进电机,,1141,,ONLY_IN_WEBSITE
电机、执行器、电磁阀和驱动器,电机 - AC，DC,,8803,,ONLY_IN_WEBSITE
电机、执行器、电磁阀和驱动器,电磁阀,,415,,ONLY_IN_WEBSITE
电池产品,充电电池（二次电池）,,480,,ONLY_IN_WEBSITE
电池产品,电池产品配件,,286,,ONLY_IN_WEBSITE
电池产品,电池组,,3,,ONLY_IN_WEBSITE
电源 - 外部/内部（板外）,AC DC 可配置电源机架,,1412,,ONLY_IN_WEBSITE
电源 - 外部/内部（板外）,AC DC 可配置电源模块,,163,,ONLY_IN_WEBSITE
电源 - 外部/内部（板外）,AC DC 台式、壁插式电源适配器,,14911,,ONLY_IN_WEBSITE
电源 - 外部/内部（板外）,工业、DIN 导轨电源,,4743,,ONLY_IN_WEBSITE
电源 - 板安装,AC DC 转换器,,6986,,ONLY_IN_WEBSITE
电源 - 板安装,LED 驱动器,,316,,ONLY_IN_WEBSITE
电源 - 板安装,板安装电源配件,,849,,ONLY_IN_WEBSITE
电缆组件,D 形，并口电缆,,454,,ONLY_IN_WEBSITE
电缆组件,Firewire 电缆（IEEE 1394）,,105,,ONLY_IN_WEBSITE
电缆组件,USB 电缆,,5962,,ONLY_IN_WEBSITE
电缆组件,可插拔电缆,,13328,,ONLY_IN_WEBSITE
电缆组件,扁平柔性跳线、电缆（FFC、FPC）,,2059,,ONLY_IN_WEBSITE
电缆组件,系列间适配器电缆,,5601,,ONLY_IN_WEBSITE
电缆组件,跳线，预压接引线,,23080,,ONLY_IN_WEBSITE
电缆，电线,同轴电缆（射频）,,3917,,ONLY_IN_WEBSITE
电缆，电线,模块化 - 扁平电缆,,283,,ONLY_IN_WEBSITE
电缆，电线,绕接,,101,,ONLY_IN_WEBSITE
电缆，电线 - 管理,保护软管，实心管，衬套,,4266,,ONLY_IN_WEBSITE
电缆，电线 - 管理,接地织物，接地带,,699,,ONLY_IN_WEBSITE
电缆，电线 - 管理,标记物,,16312,,ONLY_IN_WEBSITE
电缆，电线 - 管理,热缩包材,,8,,ONLY_IN_WEBSITE
电缆，电线 - 管理,热缩套，帽盖,,8443,,ONLY_IN_WEBSITE
电缆，电线 - 管理,热缩布,,492,,ONLY_IN_WEBSITE
电缆，电线 - 管理,热缩管,,14895,,ONLY_IN_WEBSITE
电缆，电线 - 管理,焊接套管,,2861,,ONLY_IN_WEBSITE
电缆，电线 - 管理,电缆扎带 - 支座和固定座,,1354,,ONLY_IN_WEBSITE
电缆，电线 - 管理,电缆扎带和束线带,,5708,,ONLY_IN_WEBSITE
电缆，电线 - 管理,线缆扎带套件,50,,,ONLY_IN_CSV
电缆，电线 - 管理,衬套，索环,,4638,,ONLY_IN_WEBSITE
电缆，电线 - 管理,配件,,11837,,ONLY_IN_WEBSITE
电缆，电线 - 管理,配线箱，保护,,297,,ONLY_IN_WEBSITE
电路保护,PTC 自恢复保险丝,,4991,,ONLY_IN_WEBSITE
电路保护,保险丝,,12941,,ONLY_IN_WEBSITE
电路保护,接地故障电路断路器（GFCI）,,772,,ONLY_IN_WEBSITE
电路保护,气体放电管避雷器（GDT）,,2131,,ONLY_IN_WEBSITE
电路保护,浪涌抑制 IC,,550,,ONLY_IN_WEBSITE
电路保护,照明保护,,78,,ONLY_IN_WEBSITE
电路保护,电气专用保险丝,,19676,,ONLY_IN_WEBSITE
电路保护,电路保护套件 - TVS 二极管,31,,,ONLY_IN_CSV
电阻器,片式电阻器 - 表面贴装,,1206790,,ONLY_IN_WEBSITE
电阻器,通孔式电阻器,,533438,,ONLY_IN_WEBSITE
箱盒，外壳，机架,机架,,2769,,ONLY_IN_WEBSITE
箱盒，外壳，机架,机架配件,,12849,,ONLY_IN_WEBSITE
箱盒，外壳，机架,盒组件,,5488,,ONLY_IN_WEBSITE
箱盒，外壳，机架,闩锁，锁,,700,,ONLY_IN_WEBSITE
线路保护，配电，备用,DC 到 AC（电源）逆变器,,417,,ONLY_IN_WEBSITE
线路保护，配电，备用,不间断电源（UPS）系统,,1957,,ONLY_IN_WEBSITE
线路保护，配电，备用,线路调节器,,70,,ONLY_IN_WEBSITE
继电器,I/O 继电器模块机架,,191,,ONLY_IN_WEBSITE
继电器,固态继电器（SSR）,,8680,,ONLY_IN_WEBSITE
继电器,安全继电器,1433,,,ONLY_IN_CSV
继电器,配件,,5172,,ONLY_IN_WEBSITE
网络解决方案,交换机，集线器,,5927,,ONLY_IN_WEBSITE
网络解决方案,媒体转换器,,1492,,ONLY_IN_WEBSITE
网络解决方案,网关，路由器,,6471,,ONLY_IN_WEBSITE
网络解决方案,配件,,2874,,ONLY_IN_WEBSITE
胶带，粘合剂，材料,2D 材料,,75,,ONLY_IN_WEBSITE
胶带，粘合剂，材料,原材料 - 塑料,,56,,ONLY_IN_WEBSITE
胶带，粘合剂，材料,原材料 - 复合材料,,1,,ONLY_IN_WEBSITE
胶带，粘合剂，材料,胶带分配器,,95,,ONLY_IN_WEBSITE
胶带，粘合剂，材料,胶，粘合剂，敷料器,,3185,,ONLY_IN_WEBSITE
计算机设备,KVM 切换器（键盘视频鼠标）- 电缆,,132,,ONLY_IN_WEBSITE
计算机设备,存储卡读卡器,,31,,ONLY_IN_WEBSITE
计算机设备,摄像头，投影仪,,192,,ONLY_IN_WEBSITE
计算机设备,服务器加速卡,,32,,ONLY_IN_WEBSITE
计算机设备,计算机鼠标，轨迹球,,113,,ONLY_IN_WEBSITE
计算机设备,适配器卡,,683,,ONLY_IN_WEBSITE
计算机设备,适配器，转换器,,1058,,ONLY_IN_WEBSITE
计算机设备,配件,,3046,,ONLY_IN_WEBSITE
连接器，互连器件,LGH 连接器,,330,,ONLY_IN_WEBSITE
连接器，互连器件,套管连接器,,3787,,ONLY_IN_WEBSITE
连接器，互连器件,插拔式连接器,,5673,,ONLY_IN_WEBSITE
连接器，互连器件,连接器套件,825,,,ONLY_IN_CSV
防静电、ESD、无尘室产品,无尘室棉签和刷子,,306,,ONLY_IN_WEBSITE
防静电、ESD、无尘室产品,监测仪，测试仪,,400,,ONLY_IN_WEBSITE
防静电、ESD、无尘室产品,静电控制套件,327,,,ONLY_IN_CSV
隔离器,数字隔离器,,5695,,ONLY_IN_WEBSITE
隔离器,隔离器 - 栅极驱动器,,4343,,ONLY_IN_WEBSITE
集成电路（IC）,集成电路（IC）套件,68,,,ONLY_IN_CSV
集成电路（IC）,音频专用,,1311,,ONLY_IN_WEBSITE
音频产品,放大器,,11,,ONLY_IN_WEBSITE
音频产品,蜂鸣器元件，压电弯曲器,,259,,ONLY_IN_WEBSITE
