category_path,n
电容器 > 陶瓷电容器,757416
电容器 > 薄膜电容器,158933
电容器 > 钽电容器,133958
电容器 > 铝电解电容器,112668
电容器 > 电机启动，电机运行电容器（AC）,3151
电容器 > 微调器，可变电容器,1580
电容器 > 硅电容器,375
电容器 > 配件,213
电容器 > 电容器网络、阵列,62
电位计，可变电阻器 > 旋转式电位计，变阻器,680405
电位计，可变电阻器 > 刻度盘,92
电位计，可变电阻器 > 操纵杆电位计,9
连接器，互连器件 > 卡边缘连接器 > 边缘板连接器,618849
连接器，互连器件 > 圆形连接器 > 圆形连接器组件,611164
连接器，互连器件 > 矩形连接器 > 针座，公插针,348082
连接器，互连器件 > 矩形连接器 > 板间隔柱，堆叠器（板对板）,192571
连接器，互连器件 > 圆形连接器 > 圆形连接器外壳,149394
连接器，互连器件 > 端子块 > 针座、插头和插座,86040
连接器，互连器件 > 端子块 > 隔板块,40268
连接器，互连器件 > 端子块 > 线对板,38730
连接器，互连器件 > 圆形连接器 > 底壳和电缆夹,36217
连接器，互连器件 > 矩形连接器 > 矩形连接器外壳,34193
连接器，互连器件 > 背板连接器 > 专用,33857
连接器，互连器件 > 同轴连接器（射频） > 同轴连接器（射频）组件,28075
连接器，互连器件 > D-Sub、D 形连接器 > D-Sub、D 形连接器外壳,20525
连接器，互连器件 > IC、晶体管插座 > IC 插座,17457
连接器，互连器件 > 重载连接器 > 重载连接器外壳、盖罩、基底,12984
连接器，互连器件 > 矩形连接器 > 弹簧式,11426
连接器，互连器件 > 端子块 > DIN 导轨，通道,10988
连接器，互连器件 > 背板连接器 > 背板连接器外壳,9267
连接器，互连器件 > 矩形连接器 > 针座，专用插针,8656
连接器，互连器件 > 端子块 > 端子块配件 > 端子块标记条,8483
连接器，互连器件 > 矩形连接器 > 矩形连接器触头,8160
连接器，互连器件 > 交流电源连接器 > 电源接入模块（PEM）,8041
连接器，互连器件 > 端子块 > 端子块配件 > 配件,7595
连接器，互连器件 > 端子 > 环形连接器,6941
连接器，互连器件 > 模块化/以太网连接器 > 带磁性的模块化/以太网连接器（RJ45）插孔,6192
连接器，互连器件 > 端子 > 接线片,5557
连接器，互连器件 > 端子 > PC 引脚插座，插座连接器,5470
连接器，互连器件 > 端子 > 快速连接，快速断开连接器,5275
连接器，互连器件 > 交流电源连接器 > 插头和插座,4900
连接器，互连器件 > USB、DVI、HDMI 连接器 > USB、DVI、HDMI 连接器组件,4758
连接器，互连器件 > 背板连接器 > 硬公制，标准,4431
连接器，互连器件 > 重载连接器 > 重载连接器插件、模块,3941
连接器，互连器件 > 端子块 > 专用,3901
连接器，互连器件 > 端子块 > 端子块配件 > 端子块跳线,3552
连接器，互连器件 > 端子 > PC 引脚，单接线柱连接器,3210
连接器，互连器件 > 端子 > 电线接头连接器,3176
连接器，互连器件 > D-Sub、D 形连接器 > 并口连接器,2631
连接器，互连器件 > 端子接线系统,2619
连接器，互连器件 > 端子 > 铲形连接器,2587
连接器，互连器件 > 背板连接器 > 背板连接器触头,2500
连接器，互连器件 > FFC、FPC（扁平柔性）连接器 > FFC、FPC（扁平柔性）连接器组件,2499
连接器，互连器件 > 存储器连接器 > 直列式模块插座,2484
连接器，互连器件 > 背板连接器 > 背板连接器配件,2293
连接器，互连器件 > 背板连接器 > ARINC 插件,2233
连接器，互连器件 > 矩形连接器 > 一件式线到板，直接线对板,1927
连接器，互连器件 > 模块化/以太网连接器 > 模块化/以太网连接器（RJ45，RJ11）插头,1598
连接器，互连器件 > 端子块 > 接口模块,1587
连接器，互连器件 > Keystone 连接器 > Keystone 插件,1462
连接器，互连器件 > 分路器，跳线,1427
连接器，互连器件 > D-Sub、D 形连接器 > D-Sub、D 形连接器 - 适配器,1357
连接器，互连器件 > Keystone 连接器 > Keystone 面板、框架,1252
连接器，互连器件 > 端子块 > 面板安装,1235
连接器，互连器件 > 模块化/以太网连接器 > 模块化/以太网连接器适配器,1213
连接器，互连器件 > 重载连接器 > 重型连接器组件,975
连接器，互连器件 > 重载连接器 > 重型连接器触头,920
连接器，互连器件 > 交流电源连接器 > 电源接入连接器配件,908
连接器，互连器件 > 连接器套件,825
连接器，互连器件 > 背板连接器 > ARINC,815
连接器，互连器件 > USB、DVI、HDMI 连接器 > USB、DVI、HDMI 连接器适配器,812
连接器，互连器件 > 系列间适配器,747
连接器，互连器件 > 端子块 > 端子块适配器,638
连接器，互连器件 > 刀片式电源连接器 > 刀片式电源连接器配件,509
连接器，互连器件 > 端子 > 套管、子弹式连接器,423
连接器，互连器件 > 矩形连接器 > 矩形连接器适配器,417
连接器，互连器件 > 端子条和转台板,381
连接器，互连器件 > 同轴连接器（射频） > 同轴连接器（射频）触头,370
连接器，互连器件 > FFC、FPC（扁平柔性）连接器 > FFC、FPC（扁平柔性）连接器外壳,361
连接器，互连器件 > 刀片式电源连接器 > 刀片式电源连接器触头,361
连接器，互连器件 > 端子 > 端子配件,326
连接器，互连器件 > USB、DVI、HDMI 连接器 > USB、DVI、HDMI 连接器配件,325
连接器，互连器件 > 光纤连接器 > 光纤连接器适配器,272
连接器，互连器件 > 端子 > 电线引脚连接器,255
连接器，互连器件 > IC、晶体管插座 > 插座适配器,254
连接器，互连器件 > 卡边缘连接器 > 卡边缘连接器外壳,250
连接器，互连器件 > 卡边缘连接器 > 卡边缘连接器配件,174
连接器，互连器件 > 卡边缘连接器 > 卡边缘连接器触头,158
连接器，互连器件 > 模块化/以太网连接器 > 模块化/以太网连接器插头外壳,146
连接器，互连器件 > 端子 > 线对板连接器,145
连接器，互连器件 > 存储器连接器 > 存储器连接器配件,139
连接器，互连器件 > 光纤连接器 > 光纤连接器外壳,133
连接器，互连器件 > 固态照明连接器 > 固态照明连接器触头,95
连接器，互连器件 > 香蕉和尖头连接器 > 香蕉和尖头连接器适配器,71
连接器，互连器件 > 香蕉和尖头连接器 > 香蕉和尖头连接器配件,60
连接器，互连器件 > 触头 > 引线框架,53
连接器，互连器件 > 光伏（太阳能板）连接器 > 光伏（太阳能板）连接器触头,52
连接器，互连器件 > 端子 > 焊片连接器,41
连接器，互连器件 > 端子 > 箔片连接器,33
连接器，互连器件 > FFC、FPC（扁平柔性）连接器 > FFC、FPC（扁平柔性）连接器配件,32
连接器，互连器件 > D-Sub、D 形连接器 > D-Sub、D 形连接器端接器,31
连接器，互连器件 > 模块化/以太网连接器 > 模块化/以太网连接器接线块配件,25
连接器，互连器件 > 矩形连接器 > 阵列，边缘型，夹层式（板对板）,16
连接器，互连器件 > 端子 > 专用连接器,5
连接器，互连器件 > 端子 > 磁性电线连接器,1
电缆组件 > 同轴电缆（射频）,465070
电缆组件 > 矩形电缆组件,149633
电缆组件 > 圆形电缆组件,106585
电缆组件 > 模块化/以太网电缆（RJ45，RJ11）,47882
电缆组件 > 光纤电缆,47270
电缆组件 > 平软线，带状跳线,26780
电缆组件 > D-Sub 电缆,10807
电缆组件 > 电源、线缆和加长线,5440
电缆组件 > 特种电缆组件,2943
电缆组件 > 视频电缆（DVI，HDMI），视频数据线,2260
电缆组件 > 套管连接器电缆 > 套管音频电缆,751
电缆组件 > LGH 电缆,412
电缆组件 > 固态照明电缆,300
电缆组件 > 智能电缆,103
电感器，线圈，扼流圈 > 固定电感器,151038
电感器，线圈，扼流圈 > 共模扼流圈,8353
电感器，线圈，扼流圈 > 可调电感器,185
电感器，线圈，扼流圈 > 延迟线,50
电感器，线圈，扼流圈 > 电感器套件,1
工业自动化与控制 > 工业传感器 > 压力传感器、变送器 - 工业,140148
工业自动化与控制 > 可叠接塔台照明、信标和元器件,7399
工业自动化与控制 > 工业传感器 > 流量传感器 - 工业,6573
工业自动化与控制 > 工业、DIN 导轨电源,4558
工业自动化与控制 > 工业 PC,4269
工业自动化与控制 > 控制器 > PLC 模块,3751
工业自动化与控制 > 工业照明 > 工作照明,2898
工业自动化与控制 > 工业设备,2808
工业自动化与控制 > 气动，液压 > 接头、联轴器和分配器,1667
工业自动化与控制 > 控制器 > 可编程器件（PLC，PAC）,1613
工业自动化与控制 > 人机界面（HMI） > 人机接口,1311
工业自动化与控制 > 信号调节器和隔离器,1133
工业自动化与控制 > 监视器 > 继电器输出监视器,1107
工业自动化与控制 > 气动，液压 > 气动配件,1037
工业自动化与控制 > 机器人 > 机器人配件,844
工业自动化与控制 > 人机界面（HMI） > 人机接口（HMI）- 配件,757
工业自动化与控制 > 控制器 > 液体，液位,536
工业自动化与控制 > 电缆和软管载具，牵引链,208
工业自动化与控制 > 工业传感器 > 超声波接收器、发射器 - 工业,192
工业自动化与控制 > 气动，液压 > 管路，软管，管道,161
工业自动化与控制 > 机器视觉 > 控制/处理,129
工业自动化与控制 > 气动，液压 > 制备/处理,129
工业自动化与控制 > 工业照明控制 > 照明控制配件,113
工业自动化与控制 > 油脂和润滑剂,112
工业自动化与控制 > 机器人 > 末端效应器,91
工业自动化与控制 > 气动，液压 > 执行器/气缸,80
工业自动化与控制 > 气动，液压 > 减震器，阻尼器,23
工业自动化与控制 > 凸轮定位器,16
工业自动化与控制 > 面板仪表 > 仪表,8
风扇，风机，热管理 > 热器件 > 散热器,123627
风扇，风机，热管理 > 风扇 > 无刷直流风扇（BLDC）,24839
风扇，风机，热管理 > 热器件 > 垫，片,15060
风扇，风机，热管理 > 加热带、加热毯和加热器,5303
风扇，风机，热管理 > 热器件 > 热配件,1635
风扇，风机，热管理 > 热器件 > 热电、珀尔帖模块,1525
风扇，风机，热管理 > 热器件 > 粘合剂，环氧树脂，油脂，膏,718
风扇，风机，热管理 > 热器件 > 液体冷却，加热,274
风扇，风机，热管理 > 热器件 > 热电、珀尔帖组件,191
风扇，风机，热管理 > 风扇 > 交流风扇,2
晶体，振荡器，谐振器 > 晶体,116017
晶体，振荡器，谐振器 > 谐振器,1705
晶体，振荡器，谐振器 > 晶体套件,6
未分类 > 未分类 ,109134
电源 - 板安装 > DC DC 转换器,99750
电路保护 > 瞬态电压抑制器（TVS） > TVS 二极管,89356
电路保护 > 断路器,63602
电路保护 > 电路保护配件,9221
电路保护 > 保险丝座,4181
电路保护 > 涌流限制器（ICL）,2236
电路保护 > 瞬态电压抑制器（TVS） > 混合技术,508
电路保护 > 热熔断体（热熔保险丝）,321
电路保护 > 电路保护套件 - TVS 二极管,31
电路保护 > 压敏电阻，MOV,6
电源 - 外部/内部（板外） > AC DC 转换器,75663
电源 - 外部/内部（板外） > DC DC 转换器,7420
电源 - 外部/内部（板外） > LED 驱动器,5147
电源 - 外部/内部（板外） > 外置/内置电源配件,1776
电源 - 外部/内部（板外） > 以太网供电（PoE）,794
电源 - 外部/内部（板外） > AC DC 可配置电源（工厂组装）,237
电源 - 外部/内部（板外） > AC AC 壁插式电源适配器,173
分立半导体产品 > 二极管 > 齐纳 > 单齐纳二极管,66270
分立半导体产品 > 二极管 > 整流器 > 单二极管,46350
分立半导体产品 > 二极管 > 桥式整流器,6265
分立半导体产品 > 晶体管 > FET，MOSFET > FET、MOSFET 阵列,6059
分立半导体产品 > 晶体管 > 双极（BJT） > 单体、预偏置双极晶体管,4038
分立半导体产品 > 晶体管 > IGBT > 单 IGBT,4036
分立半导体产品 > 晶闸管 > SCR,4005
分立半导体产品 > 晶体管 > FET，MOSFET > RF FET，MOSFET,3154
分立半导体产品 > 晶体管 > IGBT > IGBT 模块,2520
分立半导体产品 > 晶闸管 > SCR - 模块,2443
分立半导体产品 > 二极管 > 射频二极管,2279
分立半导体产品 > 晶体管 > 双极（BJT） > 双极晶体管阵列,2053
分立半导体产品 > 晶体管 > JFET,1045
分立半导体产品 > 功率驱动器模块,1005
分立半导体产品 > 二极管 > 整流器 > 二极管阵列,317
分立半导体产品 > 晶闸管 > DIAC，SIDAC,288
开关 > 按钮开关,64506
开关 > 选择开关,23835
开关 > 限位开关,14172
开关 > 拨动开关,12480
开关 > 触摸开关,12043
开关 > 旋转开关,3744
开关 > 互锁开关,2935
开关 > 导航开关，操纵杆,2106
开关 > 可配置开关元件 > 可配置开关触头块,1472
开关 > 可配置开关元件 > 可配置开关照明光源,1243
开关 > 滑动开关,483
开关 > 可编程显示器开关,24
开关 > 按钮开关 - 霍尔效应,15
开关 > 开关帽,1
工具 > 压接器，压接机，压力机 > 压接器、压接机、压力机配件,56615
工具 > 压接器，压接机，压力机 > 压接器，压接机，压力机,18647
工具 > 专用工具,11523
工具 > 磨料和表面修整产品,6167
工具 > 套筒和套筒手柄 > 套筒，手柄,5701
工具 > 压接器，压接机，压力机 > 压头，成套模具,5406
工具 > 螺丝刀、螺母起子和套件 > 螺丝和螺母起子刀头和手柄,5083
工具 > 配件,4723
工具 > 扳手,3161
工具 > 钳子,2012
工具 > 螺丝刀、螺母起子和套件 > 螺丝和螺母起子套件,1979
工具 > 六角、梅花六角扳手,1194
工具 > 刀，剪刀，切割工具,1106
工具 > 套筒和套筒手柄 > 套筒组,650
工具 > 点胶设备 > 瓶子，注射器,603
工具 > 锤子,451
工具 > 化学品，清洁剂,255
工具 > 线缆扎带枪和配件,227
工具 > 点胶设备 > 涂胶器，打胶器,125
工具 > 铆固工具,56
工具 > 螺线包材，伸缩套管,46
工具 > 真空吸尘器,43
工具 > 工作台、工作站和配件 > 工作台和工作站配件,29
工具 > 工作台、工作站和配件 > 工作台和工作站,9
工具 > 钢丝钳,2
电缆，电线 > 多芯电缆,48189
电缆，电线 > 单芯电缆（连接线）,20153
电缆，电线 > 光纤电缆,4524
电缆，电线 > 扁平带状电缆,3369
电缆，电线 > 扁平柔性电缆（FFC、FPC）,72
电阻器 > 电阻器网络，阵列,44906
电阻器 > 底座安装电阻器,27163
电阻器 > 特种电阻器,920
电阻器 > 配件,216
光电器件 > LED 白光照明,43639
光电器件 > 光导管,35583
光电器件 > LED COB、引擎、模块、灯条,31383
光电器件 > LED 指示 - 分立式,24601
光电器件 > 光纤收发器模块,16949
光电器件 > LED 字符与数字,5773
光电器件 > LED 彩光照明,5075
光电器件 > LED 发射器 - 红外，紫外，可见光,3861
光电器件 > 垫片，支座,3747
光电器件 > 光纤开关 ，交换机，多路复用器，解复用器,670
光电器件 > LED 点阵和群集,630
光电器件 > 反射镜,469
光电器件 > LED 可寻址，专用,386
光电器件 > 光纤接收器,313
光电器件 > 非接触式荧光粉光源,269
光电器件 > 光纤衰减器,250
光电器件 > 激光二极管，激光模块 - 激光传输，激光光纤,216
光电器件 > 冷阴极萤光（CCFL）和 UV 灯,188
光电器件 > 光纤发射器 - 分立式,186
光电器件 > 氙气灯照明,162
光电器件 > 显示屏背光,99
光电器件 > 光纤发射器 - 驱动器集成电路,86
光电器件 > 显示器边框，透镜,85
光电器件 > 激光二极管、模块配件,85
光电器件 > 显示器，监视器 - LCD 驱动器/控制器,66
光电器件 > LED 照明套件,48
光电器件 > 氦氖激光系统,25
光电器件 > 氦氖激光头,18
继电器 > 功率继电器，高于 2 A,33801
继电器 > 接触器（机电）,15673
继电器 > 信号继电器，高达 2 A,7606
继电器 > 汽车继电器,1989
继电器 > 继电器插槽,1787
继电器 > 磁簧继电器,1589
继电器 > 安全继电器,1433
继电器 > 接触器（固态）,955
继电器 > 高频（射频）继电器,927
继电器 > I/O 继电器模块,531
箱盒，外壳，机架 > 箱盒,30723
箱盒，外壳，机架 > 盒配件,10747
箱盒，外壳，机架 > 机架组件,5484
箱盒，外壳，机架 > 机架热管理,3805
箱盒，外壳，机架 > 插头板、插线架、插孔面板,2506
箱盒，外壳，机架 > 把手,1553
箱盒，外壳，机架 > 卡导槽,730
箱盒，外壳，机架 > 评估、开发板外壳,669
箱盒，外壳，机架 > 卡导槽配件,610
箱盒，外壳，机架 > 插头板、插线架、插孔面板配件,500
箱盒，外壳，机架 > 卡机架配件,398
箱盒，外壳，机架 > 卡机架,281
箱盒，外壳，机架 > 背板,121
箱盒，外壳，机架 > 凸轮,66
箱盒，外壳，机架 > 存储,21
胶带，粘合剂，材料 > 胶带,26635
胶带，粘合剂，材料 > 薄膜,383
胶带，粘合剂，材料 > 配件,37
射频和无线 > 射频天线,17349
射频和无线 > 射频屏蔽,16298
射频和无线 > 衰减器,7135
射频和无线 > 射频放大器,6627
射频和无线 > 射频配件,5187
射频和无线 > 射频收发器 IC,3861
射频和无线 > 射频开关,3530
射频和无线 > 射频接收器,1642
射频和无线 > 射频接收器、发射器、收发器成品,1602
射频和无线 > RFID，射频接入，监控 IC,1493
射频和无线 > 巴伦转换器，平衡-不平衡转换器,1189
射频和无线 > 射频多路复用器,1119
射频和无线 > RFID 应答器、标签,814
射频和无线 > 射频前端（LNA + PA),600
射频和无线 > RFID 读取器模块,567
射频和无线 > 射频发射器,565
射频和无线 > 射频检测器,511
射频和无线 > 射频调制器,217
射频和无线 > 射频功率控制器 IC,51
电机、执行器、电磁阀和驱动器 > 电机驱动器板，模块,15747
电机、执行器、电磁阀和驱动器 > 配件,7994
电机、执行器、电磁阀和驱动器 > 电动执行器/气缸,971
安全产品 > 机器安全 > 光幕，光栅,13183
安全产品 > 用户控制安全 > 紧急停止（E-Stop）开关,3213
安全产品 > 机器安全 > 机器安全配件,1201
安全产品 > 机器安全 > 激光扫描仪,436
安全产品 > 机器安全 > 垫子,75
安全产品 > 机器安全 > 安全继电器,1
开发板，套件，编程器 > 评估板 > 评估和演示板及套件,12393
开发板，套件，编程器 > 评估板 > 扩展板，子卡,7419
开发板，套件，编程器 > 软件，服务,3887
开发板，套件，编程器 > 评估板 > 传感器评估板,3759
开发板，套件，编程器 > 配件,2476
开发板，套件，编程器 > 可编程适配器，插座,1739
开发板，套件，编程器 > 评估板 > 模数转换器（ADC）评估板,1726
开发板，套件，编程器 > 评估板 > LED 驱动器评估板,1514
开发板，套件，编程器 > 编程器、仿真器和调试器,1078
开发板，套件，编程器 > 评估板 > 运算放大器评估板,1059
开发板，套件，编程器 > 评估板 > 线性稳压器评估板,947
开发板，套件，编程器 > 评估板 > 嵌入式复杂逻辑器件（FPGA，CPLD）评估板,766
开发板，套件，编程器 > 评估板 > 数模转换器（DAC）评估板,713
开发板，套件，编程器 > 评估板 > 嵌入式 MCU、DSP 评估板,16
标签，标志，隔离带，标识 > 标志，铭牌，招贴,12149
标签，标志，隔离带，标识 > 标签，贴纸，贴标 - 预印,8977
标签，标志，隔离带，标识 > 标签,3119
标签，标志，隔离带，标识 > 封锁，挂锁,1867
标签，标志，隔离带，标识 > 标签、标志、护栏配件,778
磁性元件 - 变压器，电感器元件 > 铁氧体磁芯,11885
磁性元件 - 变压器，电感器元件 > 套环（线圈管），固定件，五金件,974
磁性元件 - 变压器，电感器元件 > 电磁线,49
五金件，紧固件，配件 > 弹簧 > 压缩，锥形弹簧,11861
五金件，紧固件，配件 > 电路板支座,3937
五金件，紧固件，配件 > 铆钉,2711
五金件，紧固件，配件 > 其他,2149
五金件，紧固件，配件 > 粘扣带,1387
五金件，紧固件，配件 > 螺母,1200
五金件，紧固件，配件 > 元件绝缘子，安装座，垫片,747
五金件，紧固件，配件 > 弹簧 > 扭力弹簧,625
五金件，紧固件，配件 > 螺钉扣眼,445
五金件，紧固件，配件 > 夹子，吊架，挂钩,259
五金件，紧固件，配件 > 铰链,218
五金件，紧固件，配件 > 轴承,155
五金件，紧固件，配件 > 密封件 - O 圈,122
五金件，紧固件，配件 > 安装托架,62
五金件，紧固件，配件 > 缓冲器，支脚，焊盘，握把,2
滤波器 > 电力线滤波模块,11506
滤波器 > 铁氧体磁珠和芯片,7611
滤波器 > 馈通式电容器,4236
滤波器 > EMI/RFI 滤波器（LC，RC 网络）,1925
滤波器 > SAW 滤波器,1841
滤波器 > 滤波器配件,67
滤波器 > DSL 滤波器,19
滤波器 > 螺旋滤波器,5
滤波器 > 射频滤波器,1
滤波器 > 陶瓷滤波器,1
隔离器 > 光耦合器，光隔离器 > 晶体管，光电输出光隔离器,11455
隔离器 > 光耦合器，光隔离器 > 双向可控硅 ，SCR 输出光隔离器,1723
隔离器 > 特殊用途隔离器,114
传感器，变送器 > 编码器 - 工业,11034
传感器，变送器 > 压力传感器、变送器,10958
传感器，变送器 > 温度传感器 > NTC 热敏电阻,10750
传感器，变送器 > 电流传感器,5080
传感器，变送器 > 磁性传感器 > 开关（固态）,3895
传感器，变送器 > 温度传感器 > RTD（电阻温度检测器）,3870
传感器，变送器 > 温度传感器 > 模拟和数字输出,2753
传感器，变送器 > 磁性传感器 > 位置，接近，速度（模块）,2728
传感器，变送器 > 传感器电缆组件,2657
传感器，变送器 > 传感器接口接线块,2204
传感器，变送器 > 温控器 - 机械式 - 工业,2097
传感器，变送器 > 超声波接收器、发射器,1727
传感器，变送器 > 温度传感器 - 模拟和数字输出 - 工业,1348
传感器，变送器 > 传感器电缆配件,1336
传感器，变送器 > 气体传感器,1325
传感器，变送器 > 光学传感器 > 光检测器 - 遥控接收器,1233
传感器，变送器 > 力传感器，测压元件,1201
传感器，变送器 > 磁性传感器 > 线性、罗盘（IC）,1104
传感器，变送器 > 温度传感器 > 温控器 - 机械式,1097
传感器，变送器 > 光学传感器 > 相机模块,913
传感器，变送器 > 磁体 > 多用途磁体,865
传感器，变送器 > 光学传感器 > 环境光、IR 红外线、UV 紫外线传感器,836
传感器，变送器 > 光学传感器 > 光电晶体管,763
传感器，变送器 > 光学传感器 > 光电 - 计数器，检测器，SPCM（单光子计数模块）,748
传感器，变送器 > 接近/占位传感器成品,615
传感器，变送器 > LVDT 变送器（线性可变差动变压器）,501
传感器，变送器 > 运动传感器 > IMU（惯性测量装置）,415
传感器，变送器 > 多功能,411
传感器，变送器 > 太阳能电池,387
传感器，变送器 > 光学传感器 > 反射式 - 逻辑输出,186
传感器，变送器 > 压力传感器、变送器 - 工业,158
传感器，变送器 > 运动传感器 > 陀螺仪,104
传感器，变送器 > 触摸传感器,100
传感器，变送器 > 色彩传感器,78
传感器，变送器 > 磁性传感器 > 罗盘，磁场（模块）,33
传感器，变送器 > 冲击传感器,21
电缆，电线 - 管理 > 标签，标记,8856
电缆，电线 - 管理 > 电缆支撑与紧固件,5834
电缆，电线 - 管理 > 电线管，线槽 > 电线管，线槽,2800
电缆，电线 - 管理 > 电线管，线槽 > 电线管、线槽配件,2796
电缆，电线 - 管理 > 电缆拉柄与支持握柄,727
电缆，电线 - 管理 > 光纤电缆,155
电缆，电线 - 管理 > 冷缩带，套管,117
电缆，电线 - 管理 > 线缆扎带套件,50
电缆，电线 - 管理 > 缆线固定扣,26
电缆，电线 - 管理 > 螺线包材，伸缩套管,13
集成电路（IC） > 数据采集 > 数模转换器（DAC）,8652
集成电路（IC） > 逻辑 > 门和反相器,8197
集成电路（IC） > 逻辑 > 触发器,5337
集成电路（IC） > 接口 > 专用,3993
集成电路（IC） > 嵌入式 > CPLD（复杂可编程逻辑器件）,3612
集成电路（IC） > 接口 > 控制器,2956
集成电路（IC） > 接口 > 电信,2803
集成电路（IC） > 逻辑 > FIFO 存储器,2733
集成电路（IC） > 数据采集 > ADC/DAC - 特殊用途,2624
集成电路（IC） > 专用 IC,2214
集成电路（IC） > 逻辑 > 缓冲器，驱动器，接收器，收发器,2182
集成电路（IC） > 时钟/定时 > 应用特定时钟/定时,2002
集成电路（IC） > 逻辑 > 移位寄存器,2000
集成电路（IC） > 线性 > 视频处理,1996
集成电路（IC） > 时钟/定时 > 实时时钟,1978
集成电路（IC） > 电源管理（PMIC） > 热插拔控制器,1953
集成电路（IC） > 接口 > 模拟开关 - 特殊用途,1677
集成电路（IC） > 电源管理（PMIC） > 电池充电器,1634
集成电路（IC） > 时钟/定时 > 可编程定时器和振荡器,1597
集成电路（IC） > 接口 > 驱动器，接收器，收发器,1502
集成电路（IC） > 线性 > 放大器 > 视频放大器和模块,1382
集成电路（IC） > 电源管理（PMIC） > 电流调节/管理,1368
集成电路（IC） > 嵌入式 > 片上系统（SoC）,1304
集成电路（IC） > 接口 > 串行器，解串器,1101
集成电路（IC） > 接口 > I/O 扩展器,1069
集成电路（IC） > 电源管理（PMIC） > 稳压器 - 线性 + 开关,1006
集成电路（IC） > 接口 > UART（通用异步接收器发送器）,979
集成电路（IC） > 接口 > 信号缓冲器、中继器、分离器,869
集成电路（IC） > 逻辑 > 门和反相器 - 多功能，可配置,847
集成电路（IC） > 数据采集 > 触摸屏控制器,677
集成电路（IC） > 逻辑 > 多谐振荡器,648
集成电路（IC） > 接口 > 传感器，电容式触控,621
集成电路（IC） > 存储器 > 存储器,575
集成电路（IC） > 存储器 > 用于 FPGA 的配置 PROM,558
集成电路（IC） > 接口 > 编码器，解码器，转换器,474
集成电路（IC） > 电源管理（PMIC） > 稳压器 - 线性低压差（LDO）稳压器,473
集成电路（IC） > 电源管理（PMIC） > 照明、镇流器控制器,406
集成电路（IC） > 数据采集 > 模拟前端（AFE）,389
集成电路（IC） > 电源管理（PMIC） > 全桥、半桥（H 桥）驱动器,386
集成电路（IC） > 逻辑 > 比较器,352
集成电路（IC） > 电源管理（PMIC） > 稳压器 - 线性稳压器控制器,324
集成电路（IC） > 电源管理（PMIC） > 配电开关，负载驱动器,310
集成电路（IC） > 电源管理（PMIC） > 热管理,290
集成电路（IC） > 接口 > 调制解调器 - IC 和模块,286
集成电路（IC） > 逻辑 > 专用逻辑器件,265
集成电路（IC） > 逻辑 > 信号开关，多路复用器，解码器,248
集成电路（IC） > 电源管理（PMIC） > OR 控制器，理想二极管,165
集成电路（IC） > 逻辑 > 奇偶校验发生器和校验器,163
集成电路（IC） > 接口 > 信号端接器,144
集成电路（IC） > 电源管理（PMIC） > 稳压器 - DC-DC 开关稳压器,135
集成电路（IC） > 电源管理（PMIC） > RMS 至 DC 转换器,131
集成电路（IC） > 电源管理（PMIC） > V/F 和 F/V 转换器,126
集成电路（IC） > 接口 > 直接数字合成（DDS）,98
集成电路（IC） > 线性 > 放大器 > 音频放大器,73
集成电路（IC） > 集成电路（IC）套件,68
集成电路（IC） > 嵌入式 > FPGA（现场可编程门阵列）,53
集成电路（IC） > 嵌入式 > 带单片机的 FPGA（现场可编程门阵列）,42
集成电路（IC） > 电源管理（PMIC） > 监控器,37
集成电路（IC） > 接口 > 语音录制和回放,7
集成电路（IC） > 逻辑 > 通用总线功能,4
集成电路（IC） > 时钟/定时 > IC 电池,4
集成电路（IC） > 线性 > 比较器,1
集成电路（IC） > 接口 > 传感器和检测器接口,1
集成电路（IC） > 时钟/定时 > 时钟缓冲器，驱动器,1
存储器 - 模块，卡 > 固态硬盘（SSD），硬盘驱动器（HDD）,7824
存储器 - 模块，卡 > 存储卡,2963
存储器 - 模块，卡 > 存储器 - 模块,2733
存储器 - 模块，卡 > USB 闪存驱动器,559
存储器 - 模块，卡 > 存储卡，模块配件,54
测试与计量 > 测试与计量配件,7244
测试与计量 > 测试引线 > 热电偶，温度探头,7047
测试与计量 > 测试引线 > 跳线，专用型,5934
测试与计量 > 测试设备 > 专用设备,2976
测试与计量 > 测试引线 > 香蕉插头，量表接口,2524
测试与计量 > 温度计,1451
测试与计量 > 测试设备 > 电气检测仪，电流探头,775
测试与计量 > 测试引线 > 短头鳄鱼夹，鳄鱼夹，重型夹,700
测试与计量 > 测试探头尖,626
测试与计量 > 测试引线 > 示波器探头,348
测试与计量 > 测试引线 > BNC 接口,331
测试与计量 > 测试点,281
测试与计量 > 测试引线 > 套件，分类,179
测试与计量 > 测试引线 > IC 夹,161
测试与计量 > 测试设备 > 函数发生器,128
测试与计量 > 测试设备 > 组合套装,50
嵌入式计算机 > 单板计算机（SBC）,5701
嵌入式计算机 > 嵌入式计算机接口板,510
线路保护，配电，备用 > 配电，浪涌保护器,5182
线路保护，配电，备用 > 线路保护，配电配件,4642
音频产品 > 警报器、蜂鸣器和警笛,5066
音频产品 > 扬声器,2784
音频产品 > 麦克风,975
音频产品 > 配件,473
变压器 > 脉冲变压器,4920
变压器 > 开关转换器，SMPS 变压器,1978
变压器 > 电流互感器,1695
变压器 > 音频变压器,889
变压器 > 配件,206
焊接、拆焊、返修产品 > 焊接、拆焊、返修配件,2615
焊接、拆焊、返修产品 > 焊料,1632
焊接、拆焊、返修产品 > 焊接模版，模板,647
焊接、拆焊、返修产品 > 吸锡网线，吸锡带 ，吸锡器，棉芯，泵,406
焊接、拆焊、返修产品 > 焊接，拆焊，焊台，返修台,260
焊接、拆焊、返修产品 > 焊剂，焊剂去除剂,247
焊接、拆焊、返修产品 > 烟雾排除,113
焊接、拆焊、返修产品 > 焊接海绵，烙铁头清洁剂,108
网络解决方案 > 其他,2119
网络解决方案 > 串口设备服务器,603
电池产品 > 电池座，电池夹，电池触头,1668
电池产品 > 电池充电器,511
电池产品 > 非充电电池（一次电池）,94
电池产品 > 点烟器组件,77
原型开发，制造品 > 适配器，分线板,1586
原型开发，制造品 > 有孔原型板,636
原型开发，制造品 > 跳线,482
原型开发，制造品 > 配件,339
原型开发，制造品 > 涂层，油脂，维修,126
原型开发，制造品 > 钻头，立铣刀,91
原型开发，制造品 > 卡扩展器,69
原型开发，制造品 > 定制可配置 PCB,2
光学器件 > 透镜,1475
光学器件 > 反光镜,132
光学器件 > 激光光学器件 > 激光调制器,90
光学器件 > 滤波器,59
光学器件 > 激光光学器件 > 普克尔盒,34
光学器件 > 激光光学器件 > 扩束镜,20
光学器件 > 棱镜,19
防静电、ESD、无尘室产品 > 静电控制接地垫，防静电垫,1193
防静电、ESD、无尘室产品 > 静电控制，防静电服,1133
防静电、ESD、无尘室产品 > 防静电、ESD、无尘室配件,1083
防静电、ESD、无尘室产品 > 静电控制屏蔽包，防静电袋、物料,1034
防静电、ESD、无尘室产品 > 静电控制器件容器，防静电仪器盒子,1033
防静电、ESD、无尘室产品 > 静电控制，防静电接地线，防静电腕带,719
防静电、ESD、无尘室产品 > 静电控制套件,327
防静电、ESD、无尘室产品 > 无尘室处理，清洁剂，擦拭巾,280
防静电、ESD、无尘室产品 > 电离装置,198
创客/DIY，教育 > 教学套件,1126
创客/DIY，教育 > 机器人套件,450
创客/DIY，教育 > 书籍，媒体,246
创客/DIY，教育 > 可穿戴设备,230
创客/DIY，教育 > 小工具，小装置,89
创客/DIY，教育 > 原型开发，制造品,66
光学检测设备 > 灯 - 放大，工作,805
光学检测设备 > 光学检查配件,569
光学检测设备 > 显微镜,357
光学检测设备 > 视频检测系统,102
光学检测设备 > 支臂，安装座，支架,85
套件 > 电容器套件,725
套件 > 传感器套件,343
套件 > EMI，滤波器套件,221
套件 > 其他,207
套件 > 电路保护套件 - 保险丝,165
套件 > LED 套件,52
套件 > 音频套件,43
套件 > 各类分立套件,42
套件 > 开关套件,40
套件 > 变压器套件,33
套件 > 原型开发板，制造套件,31
套件 > 连接器套件,5
计算机设备 > 监视器,477
计算机设备 > 隐私滤光片，屏幕保护器，防窥片,362
计算机设备 > USB 集线器,357
计算机设备 > KVM 切换器（键盘视频鼠标）,349
计算机设备 > 打印机，标签打印机,339
计算机设备 > 键盘,322
计算机设备 > 磁条，智能卡读卡器,44
计算机设备 > 桌面操纵杆，模拟产品,41
计算机设备 > 托架,34
工业用品 > 户外用品 > 停车场和安全设备,162
工业用品 > 户外用品 > 御寒产品，衣物,156
工业用品 > 维护保养 > 垫子,95
工业用品 > HVAC > HVAC 零件和配件,88
工业用品 > 小车和推车,19
工业用品 > 车辆保养和定制产品,17
工业用品 > 电气 > 发电机,13
工业用品 > 产品、材料搬运和存储 > 建筑/施工产品,11
工业用品 > 产品、材料搬运和存储 > 机架，搁板，支架,8
工业用品 > 工作站、办公家具和设备 > 计算机工作站,7
工业用品 > 维护保养 > 空气压缩机,2
工业用品 > 安全 > 出口标志和应急照明,2
https://www.digikey.cn/zh/products/detail/gedore-tools-inc/KL-0186-1612-H/24665504,1
https://www.digikey.cn/zh/products/detail/nexperia-usa-inc/74HC173PW-118/1230142,1
https://www.digikey.cn/zh/products/detail/nxp-usa-inc/SSTUA32S865ET-551/1158344,1
