category_path,csv_n,website_n,diff(web-csv),note
连接器，互连器件 > 圆形连接器 > 圆形连接器组件,611164,1014948,403784,
连接器，互连器件 > 圆形连接器 > 圆形连接器外壳,149394,375895,226501,
电容器 > 陶瓷电容器,757416,876120,118704,
未分类 > 未分类,109134,208016,98882,
连接器，互连器件 > 矩形连接器 > 板间隔柱，堆叠器（板对板）,192571,273290,80719,
电缆组件 > 同轴电缆（射频）,465070,391890,-73180,
集成电路（IC） > 电源管理（PMIC） > 稳压器 - 线性低压差（LDO）稳压器,473,66629,66156,
集成电路（IC） > 存储器 > 存储器,575,54266,53691,
集成电路（IC） > 电源管理（PMIC） > 监控器,37,38049,38012,
集成电路（IC） > 电源管理（PMIC） > 稳压器 - DC-DC 开关稳压器,135,36122,35987,
连接器，互连器件 > 矩形连接器 > 阵列，边缘型，夹层式（板对板）,16,31458,31442,
电路保护 > 断路器,63602,93876,30274,
电路保护 > 压敏电阻，MOV,6,23910,23904,
连接器，互连器件 > 矩形连接器 > 针座，公插针,348082,329244,-18838,
电缆，电线 - 管理 > 缆线固定扣,26,17880,17854,
电缆组件 > 圆形电缆组件,106585,89187,-17398,
集成电路（IC） > 嵌入式 > FPGA（现场可编程门阵列）,53,16634,16581,
集成电路（IC） > 接口 > 驱动器，接收器，收发器,1502,16756,15254,
连接器，互连器件 > FFC、FPC（扁平柔性）连接器 > FFC、FPC（扁平柔性）连接器组件,2499,16255,13756,
胶带，粘合剂，材料 > 胶带,26635,13257,-13378,
集成电路（IC） > 逻辑 > 缓冲器，驱动器，接收器，收发器,2182,14446,12264,
电源 - 板安装 > DC DC 转换器,99750,88308,-11442,
工具 > 压接器，压接机，压力机 > 压接器、压接机、压力机配件,56615,45728,-10887,
连接器，互连器件 > 背板连接器 > 专用,33857,23009,-10848,
工具 > 配件,4723,14206,9483,
风扇，风机，热管理 > 热器件 > 散热器,123627,114514,-9113,
电路保护 > 瞬态电压抑制器（TVS） > TVS 二极管,89356,98422,9066,
电容器 > 钽电容器,133958,142403,8445,
工业自动化与控制 > 气动，液压 > 执行器/气缸,80,7576,7496,
集成电路（IC） > 逻辑 > 信号开关，多路复用器，解码器,248,7511,7263,
集成电路（IC） > 电源管理（PMIC） > 配电开关，负载驱动器,310,7018,6708,
电缆组件 > 光纤电缆,47270,41139,-6131,
电容器 > 薄膜电容器,158933,164832,5899,(web duplicates summed x2)
集成电路（IC） > 逻辑 > 门和反相器,8197,13790,5593,
工业自动化与控制 > 气动，液压 > 气动配件,1037,6590,5553,
开关 > 开关帽,1,5353,5352,
测试与计量 > 测试引线 > 跳线，专用型,5934,632,-5302,
工具 > 磨料和表面修整产品,6167,11305,5138,
集成电路（IC） > 线性 > 比较器,1,4830,4829,
电缆，电线 > 单芯电缆（连接线）,20153,24823,4670,
继电器 > 功率继电器，高于 2 A,33801,29222,-4579,
开发板，套件，编程器 > 评估板 > 嵌入式 MCU、DSP 评估板,16,4577,4561,
滤波器 > 射频滤波器,1,4359,4358,
风扇，风机，热管理 > 风扇 > 交流风扇,2,3792,3790,
集成电路（IC） > 时钟/定时 > 时钟缓冲器，驱动器,1,3733,3732,
集成电路（IC） > 嵌入式 > 片上系统（SoC）,1304,4923,3619,
电缆组件 > 矩形电缆组件,149633,146016,-3617,
开关 > 选择开关,23835,20348,-3487,
工业自动化与控制 > 气动，液压 > 接头、联轴器和分配器,1667,5100,3433,
电路保护 > 电路保护配件,9221,12522,3301,
风扇，风机，热管理 > 热器件 > 垫，片,15060,11791,-3269,
连接器，互连器件 > 端子 > 专用连接器,5,3234,3229,
电缆，电线 > 扁平带状电缆,3369,6418,3049,
工业自动化与控制 > 气动，液压 > 制备/处理,129,3081,2952,
连接器，互连器件 > 圆形连接器 > 底壳和电缆夹,36217,39128,2911,
电缆，电线 > 多芯电缆,48189,51078,2889,
滤波器 > 电力线滤波模块,11506,14347,2841,
电缆，电线 - 管理 > 螺线包材，伸缩套管,13,2815,2802,
光电器件 > LED COB、引擎、模块、灯条,31383,34147,2764,
开关 > 拨动开关,12480,15230,2750,
箱盒，外壳，机架 > 箱盒,30723,28016,-2707,
隔离器 > 光耦合器，光隔离器 > 晶体管，光电输出光隔离器,11455,14010,2555,
电源 - 外部/内部（板外） > DC DC 转换器,7420,4894,-2526,
开发板，套件，编程器 > 软件，服务,3887,1378,-2509,
电路保护 > 保险丝座,4181,6622,2441,
连接器，互连器件 > 光纤连接器 > 光纤连接器适配器,272,2657,2385,
电缆组件 > 模块化/以太网电缆（RJ45，RJ11）,47882,45498,-2384,
工业自动化与控制 > 面板仪表 > 仪表,8,2367,2359,
风扇，风机，热管理 > 风扇 > 无刷直流风扇（BLDC）,24839,22487,-2352,
射频和无线 > 射频开关,3530,5817,2287,
连接器，互连器件 > 端子 > 接线片,5557,3374,-2183,
五金件，紧固件，配件 > 其他,2149,4331,2182,
工业自动化与控制 > 工业传感器 > 压力传感器、变送器 - 工业,140148,137969,-2179,
继电器 > 接触器（机电）,15673,13575,-2098,
五金件，紧固件，配件 > 缓冲器，支脚，焊盘，握把,2,2051,2049,
工具 > 钢丝钳,2,2011,2009,
连接器，互连器件 > 矩形连接器 > 矩形连接器外壳,34193,32186,-2007,
连接器，互连器件 > IC、晶体管插座 > IC 插座,17457,15484,-1973,
电阻器 > 底座安装电阻器,27163,29086,1923,
射频和无线 > 射频屏蔽,16298,14510,-1788,
电机、执行器、电磁阀和驱动器 > 电机驱动器板，模块,15747,13966,-1781,
工具 > 压接器，压接机，压力机 > 压接器，压接机，压力机,18647,16869,-1778,
集成电路（IC） > 数据采集 > 数模转换器（DAC）,8652,10397,1745,
集成电路（IC） > 电源管理（PMIC） > 电池充电器,1634,3342,1708,
开发板，套件，编程器 > 评估板 > 评估和演示板及套件,12393,13989,1596,
电缆组件 > D-Sub 电缆,10807,12357,1550,
开关 > 滑动开关,483,2004,1521,
连接器，互连器件 > 背板连接器 > ARINC 插件,2233,759,-1474,
安全产品 > 机器安全 > 安全继电器,1,1456,1455,
电感器，线圈，扼流圈 > 固定电感器,151038,149598,-1440,
电缆，电线 - 管理 > 标签，标记,8856,10292,1436,
开关 > 触摸开关,12043,13428,1385,
工业自动化与控制 > 机器人 > 机器人配件,844,2208,1364,
晶体，振荡器，谐振器 > 晶体,116017,114727,-1290,
电容器 > 电容器网络、阵列,62,1324,1262,
光电器件 > 光纤收发器模块,16949,15728,-1221,
集成电路（IC） > 接口 > 传感器和检测器接口,1,1180,1179,
滤波器 > 陶瓷滤波器,1,1155,1154,
连接器，互连器件 > 交流电源连接器 > 电源接入模块（PEM）,8041,6888,-1153,
集成电路（IC） > 逻辑 > 触发器,5337,6482,1145,
光电器件 > LED 白光照明,43639,44743,1104,
连接器，互连器件 > 存储器连接器 > 直列式模块插座,2484,1381,-1103,
箱盒，外壳，机架 > 盒配件,10747,9669,-1078,
射频和无线 > 射频放大器,6627,5612,-1015,
集成电路（IC） > 逻辑 > 专用逻辑器件,265,1280,1015,
电缆组件 > 特种电缆组件,2943,1961,-982,
电容器 > 铝电解电容器,112668,111701,-967,
线路保护，配电，备用 > 配电，浪涌保护器,5182,4216,-966,
集成电路（IC） > 电源管理（PMIC） > 全桥、半桥（H 桥）驱动器,386,1314,928,
存储器 - 模块，卡 > 固态硬盘（SSD），硬盘驱动器（HDD）,7824,6906,-918,
工具 > 压接器，压接机，压力机 > 压头，成套模具,5406,4516,-890,
开关 > 按钮开关,64506,63617,-889,
连接器，互连器件 > 同轴连接器（射频） > 同轴连接器（射频）组件,28075,27190,-885,
连接器，互连器件 > 重载连接器 > 重型连接器触头,920,1802,882,
连接器，互连器件 > 端子 > 磁性电线连接器,1,837,836,
射频和无线 > 射频收发器 IC,3861,4690,829,
套件 > 连接器套件,5,830,825,
集成电路（IC） > 时钟/定时 > 应用特定时钟/定时,2002,2823,821,
连接器，互连器件 > 背板连接器 > 硬公制，标准,4431,3613,-818,
工具 > 扳手,3161,3970,809,
电机、执行器、电磁阀和驱动器 > 电动执行器/气缸,971,1772,801,
标签，标志，隔离带，标识 > 标志，铭牌，招贴,12149,12947,798,
工业自动化与控制 > 气动，液压 > 管路，软管，管道,161,908,747,
光电器件 > LED 指示 - 分立式,24601,23876,-725,
光电器件 > LED 字符与数字,5773,5113,-660,
继电器 > 信号继电器，高达 2 A,7606,8253,647,
电路保护 > 瞬态电压抑制器（TVS） > 混合技术,508,1134,626,
射频和无线 > 射频天线,17349,17972,623,
工业自动化与控制 > 工业 PC,4269,4885,616,
连接器，互连器件 > 卡边缘连接器 > 边缘板连接器,618849,618278,-571,
分立半导体产品 > 二极管 > 桥式整流器,6265,6827,562,
箱盒，外壳，机架 > 把手,1553,995,-558,
电源 - 外部/内部（板外） > AC DC 转换器,75663,76206,543,
连接器，互连器件 > 端子 > 环形连接器,6941,7477,536,
测试与计量 > 测试设备 > 专用设备,2976,2443,-533,
连接器，互连器件 > 重载连接器 > 重载连接器外壳、盖罩、基底,12984,12454,-530,
集成电路（IC） > 接口 > 信号缓冲器、中继器、分离器,869,1389,520,
电位计，可变电阻器 > 旋转式电位计，变阻器,680405,680922,517,
工业自动化与控制 > 机器人 > 末端效应器,91,591,500,
连接器，互连器件 > 矩形连接器 > 针座，专用插针,8656,8158,-498,
传感器，变送器 > 温度传感器 > NTC 热敏电阻,10750,10253,-497,
标签，标志，隔离带，标识 > 标签，贴纸，贴标 - 预印,8977,9474,497,
集成电路（IC） > 逻辑 > 通用总线功能,4,491,487,
集成电路（IC） > 电源管理（PMIC） > OR 控制器，理想二极管,165,638,473,
开关 > 旋转开关,3744,3275,-469,
电缆，电线 > 光纤电缆,4524,4058,-466,
射频和无线 > 衰减器,7135,6684,-451,
集成电路（IC） > 电源管理（PMIC） > 稳压器 - 线性 + 开关,1006,1453,447,
变压器 > 开关转换器，SMPS 变压器,1978,1540,-438,
电缆，电线 - 管理 > 电缆支撑与紧固件,5834,6266,432,
电缆组件 > 平软线，带状跳线,26780,26351,-429,
滤波器 > 铁氧体磁珠和芯片,7611,8029,418,
开发板，套件，编程器 > 评估板 > 扩展板，子卡,7419,7836,417,
箱盒，外壳，机架 > 机架组件,5484,5898,414,
连接器，互连器件 > 端子 > PC 引脚，单接线柱连接器,3210,2802,-408,
音频产品 > 麦克风,975,1373,398,
集成电路（IC） > 接口 > 语音录制和回放,7,392,385,
传感器，变送器 > 光学传感器 > 相机模块,913,1292,379,
集成电路（IC） > 逻辑 > 门和反相器 - 多功能，可配置,847,1226,379,
变压器 > 脉冲变压器,4920,4546,-374,
五金件，紧固件，配件 > 电路板支座,3937,4308,371,
集成电路（IC） > 时钟/定时 > 实时时钟,1978,2345,367,
连接器，互连器件 > 模块化/以太网连接器 > 带磁性的模块化/以太网连接器（RJ45）插孔,6192,5831,-361,
标签，标志，隔离带，标识 > 标签,3119,3479,360,
集成电路（IC） > 数据采集 > 模拟前端（AFE）,389,728,339,
工业自动化与控制 > 可叠接塔台照明、信标和元器件,7399,7061,-338,
风扇，风机，热管理 > 热器件 > 热配件,1635,1307,-328,
存储器 - 模块，卡 > 存储器 - 模块,2733,2418,-315,
分立半导体产品 > 二极管 > 射频二极管,2279,1965,-314,
集成电路（IC） > 接口 > 模拟开关 - 特殊用途,1677,1979,302,
工业自动化与控制 > 工业传感器 > 流量传感器 - 工业,6573,6872,299,
连接器，互连器件 > 分路器，跳线,1427,1130,-297,
工业自动化与控制 > 人机界面（HMI） > 人机接口,1311,1606,295,
连接器，互连器件 > USB、DVI、HDMI 连接器 > USB、DVI、HDMI 连接器组件,4758,4470,-288,
集成电路（IC） > 数据采集 > ADC/DAC - 特殊用途,2624,2912,288,
线路保护，配电，备用 > 线路保护，配电配件,4642,4920,278,
电缆，电线 - 管理 > 电线管，线槽 > 电线管，线槽,2800,2523,-277,
工业自动化与控制 > 信号调节器和隔离器,1133,1399,266,
电容器 > 电机启动，电机运行电容器（AC）,3151,2892,-259,
电机、执行器、电磁阀和驱动器 > 配件,7994,8252,258,
传感器，变送器 > 超声波接收器、发射器,1727,1984,257,
射频和无线 > 射频多路复用器,1119,1366,247,
工具 > 专用工具,11523,11770,247,
连接器，互连器件 > 端子块 > 隔板块,40268,40512,244,
连接器，互连器件 > 背板连接器 > 背板连接器配件,2293,2051,-242,
五金件，紧固件，配件 > 铰链,218,448,230,
五金件，紧固件，配件 > 铆钉,2711,2935,224,
工具 > 套筒和套筒手柄 > 套筒，手柄,5701,5924,223,
连接器，互连器件 > 端子块 > 针座、插头和插座,86040,85817,-223,
五金件，紧固件，配件 > 弹簧 > 压缩，锥形弹簧,11861,11655,-206,
光学器件 > 透镜,1475,1270,-205,
箱盒，外壳，机架 > 插头板、插线架、插孔面板配件,500,296,-204,
磁性元件 - 变压器，电感器元件 > 套环（线圈管），固定件，五金件,974,772,-202,
传感器，变送器 > 压力传感器、变送器,10958,11150,192,
连接器，互连器件 > 矩形连接器 > 矩形连接器触头,8160,7969,-191,
工业自动化与控制 > 气动，液压 > 减震器，阻尼器,23,211,188,
射频和无线 > RFID 读取器模块,567,381,-186,
集成电路（IC） > 逻辑 > 移位寄存器,2000,2186,186,
传感器，变送器 > 磁性传感器 > 线性、罗盘（IC）,1104,1287,183,
箱盒，外壳，机架 > 机架热管理,3805,3625,-180,
连接器，互连器件 > 背板连接器 > 背板连接器触头,2500,2320,-180,
工业自动化与控制 > 工业照明 > 工作照明,2898,2724,-174,
光电器件 > LED 可寻址，专用,386,559,173,
工具 > 钳子,2012,2185,173,
磁性元件 - 变压器，电感器元件 > 铁氧体磁芯,11885,11713,-172,
集成电路（IC） > 电源管理（PMIC） > 热管理,290,460,170,
连接器，互连器件 > 模块化/以太网连接器 > 模块化/以太网连接器（RJ45，RJ11）插头,1598,1430,-168,
连接器，互连器件 > 端子 > 电线接头连接器,3176,3021,-155,
嵌入式计算机 > 单板计算机（SBC）,5701,5549,-152,
测试与计量 > 测试与计量配件,7244,7092,-152,
原型开发，制造品 > 有孔原型板,636,489,-147,
变压器 > 音频变压器,889,1032,143,
分立半导体产品 > 晶闸管 > SCR,4005,3863,-142,
传感器，变送器 > 传感器电缆配件,1336,1197,-139,
传感器，变送器 > 温度传感器 > 模拟和数字输出,2753,2890,137,
工具 > 套筒和套筒手柄 > 套筒组,650,787,137,
电缆组件 > 电源、线缆和加长线,5440,5303,-137,
防静电、ESD、无尘室产品 > 电离装置,198,335,137,
五金件，紧固件，配件 > 螺母,1200,1064,-136,
连接器，互连器件 > 背板连接器 > ARINC,815,682,-133,
连接器，互连器件 > 固态照明连接器 > 固态照明连接器触头,95,224,129,
防静电、ESD、无尘室产品 > 静电控制接地垫，防静电垫,1193,1322,129,
箱盒，外壳，机架 > 卡导槽配件,610,482,-128,
胶带，粘合剂，材料 > 薄膜,383,255,-128,
电路保护 > 涌流限制器（ICL）,2236,2362,126,
工具 > 刀，剪刀，切割工具,1106,981,-125,
电源 - 外部/内部（板外） > 外置/内置电源配件,1776,1901,125,
连接器，互连器件 > 端子块 > 线对板,38730,38606,-124,
标签，标志，隔离带，标识 > 封锁，挂锁,1867,1753,-114,
传感器，变送器 > 磁性传感器 > 位置，接近，速度（模块）,2728,2617,-111,
网络解决方案 > 其他,2119,2228,109,
防静电、ESD、无尘室产品 > 静电控制屏蔽包，防静电袋、物料,1034,1143,109,
连接器，互连器件 > 端子条和转台板,381,489,108,
电池产品 > 电池座，电池夹，电池触头,1668,1775,107,
焊接、拆焊、返修产品 > 焊接、拆焊、返修配件,2615,2721,106,
变压器 > 电流互感器,1695,1591,-104,
创客/DIY，教育 > 教学套件,1126,1229,103,
五金件，紧固件，配件 > 夹子，吊架，挂钩,259,360,101,
连接器，互连器件 > 端子块 > 面板安装,1235,1333,98,
传感器，变送器 > 太阳能电池,387,484,97,
滤波器 > EMI/RFI 滤波器（LC，RC 网络）,1925,2019,94,
隔离器 > 光耦合器，光隔离器 > 双向可控硅 ，SCR 输出光隔离器,1723,1817,94,
连接器，互连器件 > 刀片式电源连接器 > 刀片式电源连接器配件,509,602,93,
继电器 > 接触器（固态）,955,864,-91,
焊接、拆焊、返修产品 > 焊料,1632,1542,-90,
连接器，互连器件 > D-Sub、D 形连接器 > 并口连接器,2631,2541,-90,
分立半导体产品 > 晶闸管 > SCR - 模块,2443,2354,-89,
集成电路（IC） > 接口 > 信号端接器,144,231,87,
光电器件 > LED 彩光照明,5075,5161,86,
开发板，套件，编程器 > 编程器、仿真器和调试器,1078,992,-86,
电缆，电线 > 扁平柔性电缆（FFC、FPC）,72,158,86,
集成电路（IC） > 数据采集 > 触摸屏控制器,677,591,-86,
射频和无线 > RFID 应答器、标签,814,729,-85,
集成电路（IC） > 线性 > 视频处理,1996,2081,85,
传感器，变送器 > 温度传感器 > RTD（电阻温度检测器）,3870,3786,-84,
防静电、ESD、无尘室产品 > 静电控制器件容器，防静电仪器盒子,1033,1117,84,
箱盒，外壳，机架 > 插头板、插线架、插孔面板,2506,2423,-83,
电容器 > 硅电容器,375,294,-81,
连接器，互连器件 > Keystone 连接器 > Keystone 插件,1462,1381,-81,
光电器件 > LED 点阵和群集,630,550,-80,
开发板，套件，编程器 > 可编程适配器，插座,1739,1659,-80,
工具 > 螺丝刀、螺母起子和套件 > 螺丝和螺母起子刀头和手柄,5083,5004,-79,
连接器，互连器件 > Keystone 连接器 > Keystone 面板、框架,1252,1174,-78,
集成电路（IC） > 接口 > 电信,2803,2725,-78,
开发板，套件，编程器 > 评估板 > LED 驱动器评估板,1514,1438,-76,
防静电、ESD、无尘室产品 > 静电控制，防静电服,1133,1058,-75,
集成电路（IC） > 接口 > 串行器，解串器,1101,1176,75,
分立半导体产品 > 功率驱动器模块,1005,1079,74,
集成电路（IC） > 时钟/定时 > 可编程定时器和振荡器,1597,1523,-74,
连接器，互连器件 > 矩形连接器 > 弹簧式,11426,11497,71,
防静电、ESD、无尘室产品 > 防静电、ESD、无尘室配件,1083,1154,71,
风扇，风机，热管理 > 热器件 > 粘合剂，环氧树脂，油脂，膏,718,647,-71,
电缆，电线 - 管理 > 电线管，线槽 > 电线管、线槽配件,2796,2726,-70,
传感器，变送器 > 气体传感器,1325,1256,-69,
防静电、ESD、无尘室产品 > 静电控制，防静电接地线，防静电腕带,719,788,69,
电池产品 > 电池充电器,511,579,68,
电缆组件 > 套管连接器电缆 > 套管音频电缆,751,684,-67,
连接器，互连器件 > D-Sub、D 形连接器 > D-Sub、D 形连接器外壳,20525,20592,67,
集成电路（IC） > 逻辑 > 多谐振荡器,648,713,65,
工业自动化与控制 > 控制器 > PLC 模块,3751,3688,-63,
测试与计量 > 测试引线 > 热电偶，温度探头,7047,7110,63,
测试与计量 > 测试点,281,343,62,
开发板，套件，编程器 > 评估板 > 模数转换器（ADC）评估板,1726,1666,-60,
集成电路（IC） > 专用 IC,2214,2274,60,
箱盒，外壳，机架 > 评估、开发板外壳,669,725,56,
光电器件 > 光导管,35583,35528,-55,
射频和无线 > 巴伦转换器，平衡-不平衡转换器,1189,1134,-55,
工业自动化与控制 > 工业传感器 > 超声波接收器、发射器 - 工业,192,247,55,
开关 > 可配置开关元件 > 可配置开关照明光源,1243,1188,-55,
开发板，套件，编程器 > 评估板 > 传感器评估板,3759,3704,-55,
集成电路（IC） > 电源管理（PMIC） > 热插拔控制器,1953,2008,55,
测试与计量 > 测试探头尖,626,572,-54,
存储器 - 模块，卡 > 存储卡,2963,2910,-53,
继电器 > 继电器插槽,1787,1839,52,
继电器 > I/O 继电器模块,531,582,51,
射频和无线 > 射频接收器,1642,1592,-50,
传感器，变送器 > 多功能,411,362,-49,
电缆组件 > 视频电缆（DVI，HDMI），视频数据线,2260,2212,-48,
音频产品 > 配件,473,521,48,
工具 > 点胶设备 > 瓶子，注射器,603,650,47,
集成电路（IC） > 逻辑 > FIFO 存储器,2733,2780,47,
工具 > 螺丝刀、螺母起子和套件 > 螺丝和螺母起子套件,1979,1933,-46,
传感器，变送器 > 传感器接口接线块,2204,2249,45,
传感器，变送器 > 力传感器，测压元件,1201,1156,-45,
电源 - 外部/内部（板外） > 以太网供电（PoE）,794,838,44,
存储器 - 模块，卡 > USB 闪存驱动器,559,517,-42,
分立半导体产品 > 晶体管 > JFET,1045,1086,41,
传感器，变送器 > 传感器电缆组件,2657,2618,-39,
连接器，互连器件 > 矩形连接器 > 一件式线到板，直接线对板,1927,1888,-39,
集成电路（IC） > 接口 > 专用,3993,4032,39,
连接器，互连器件 > 端子 > 端子配件,326,288,-38,
连接器，互连器件 > 端子 > 铲形连接器,2587,2549,-38,
集成电路（IC） > 电源管理（PMIC） > 照明、镇流器控制器,406,444,38,
计算机设备 > 监视器,477,440,-37,
连接器，互连器件 > 重载连接器 > 重载连接器插件、模块,3941,3978,37,
连接器，互连器件 > 矩形连接器 > 矩形连接器适配器,417,381,-36,
光电器件 > LED 发射器 - 红外，紫外，可见光,3861,3826,-35,
光电器件 > 光纤开关 ，交换机，多路复用器，解复用器,670,635,-35,
连接器，互连器件 > 重载连接器 > 重型连接器组件,975,940,-35,
测试与计量 > 测试设备 > 电气检测仪，电流探头,775,741,-34,
连接器，互连器件 > 光纤连接器 > 光纤连接器外壳,133,99,-34,
防静电、ESD、无尘室产品 > 无尘室处理，清洁剂，擦拭巾,280,314,34,
箱盒，外壳，机架 > 卡机架配件,398,365,-33,
连接器，互连器件 > 端子块 > 专用,3901,3868,-33,
工业自动化与控制 > 工业设备,2808,2776,-32,
连接器，互连器件 > 模块化/以太网连接器 > 模块化/以太网连接器适配器,1213,1181,-32,
射频和无线 > RFID，射频接入，监控 IC,1493,1462,-31,
开关 > 可配置开关元件 > 可配置开关触头块,1472,1441,-31,
测试与计量 > 温度计,1451,1420,-31,
连接器，互连器件 > 端子 > 焊片连接器,41,72,31,
五金件，紧固件，配件 > 粘扣带,1387,1417,30,
光电器件 > 光纤接收器,313,283,-30,
分立半导体产品 > 晶闸管 > DIAC，SIDAC,288,318,30,
开发板，套件，编程器 > 评估板 > 嵌入式复杂逻辑器件（FPGA，CPLD）评估板,766,736,-30,
电阻器 > 配件,216,186,-30,
工具 > 化学品，清洁剂,255,226,-29,
焊接、拆焊、返修产品 > 焊剂，焊剂去除剂,247,219,-28,
集成电路（IC） > 嵌入式 > CPLD（复杂可编程逻辑器件）,3612,3640,28,
射频和无线 > 射频前端（LNA + PA),600,573,-27,
滤波器 > SAW 滤波器,1841,1868,27,
箱盒，外壳，机架 > 背板,121,94,-27,
连接器，互连器件 > FFC、FPC（扁平柔性）连接器 > FFC、FPC（扁平柔性）连接器配件,32,59,27,
连接器，互连器件 > 端子接线系统,2619,2592,-27,
连接器，互连器件 > 系列间适配器,747,774,27,
传感器，变送器 > 运动传感器 > IMU（惯性测量装置）,415,441,26,
电缆组件 > 固态照明电缆,300,274,-26,
箱盒，外壳，机架 > 卡机架,281,255,-26,
创客/DIY，教育 > 机器人套件,450,475,25,
连接器，互连器件 > IC、晶体管插座 > 插座适配器,254,229,-25,
连接器，互连器件 > 端子块 > 接口模块,1587,1562,-25,
连接器，互连器件 > 背板连接器 > 背板连接器外壳,9267,9242,-25,
传感器，变送器 > 温度传感器 > 温控器 - 机械式,1097,1073,-24,
集成电路（IC） > 逻辑 > 比较器,352,376,24,
五金件，紧固件，配件 > 元件绝缘子，安装座，垫片,747,724,-23,
光学检测设备 > 显微镜,357,380,23,
变压器 > 配件,206,183,-23,
射频和无线 > 射频检测器,511,488,-23,
继电器 > 磁簧继电器,1589,1566,-23,
五金件，紧固件，配件 > 螺钉扣眼,445,467,22,
套件 > 传感器套件,343,321,-22,
工业自动化与控制 > 控制器 > 可编程器件（PLC，PAC）,1613,1591,-22,
连接器，互连器件 > 同轴连接器（射频） > 同轴连接器（射频）触头,370,392,22,
音频产品 > 扬声器,2784,2762,-22,
传感器，变送器 > 电流传感器,5080,5059,-21,
传感器，变送器 > 磁体 > 多用途磁体,865,886,21,
连接器，互连器件 > 卡边缘连接器 > 卡边缘连接器触头,158,137,-21,
传感器，变送器 > LVDT 变送器（线性可变差动变压器）,501,521,20,
安全产品 > 用户控制安全 > 紧急停止（E-Stop）开关,3213,3233,20,
射频和无线 > 射频配件,5187,5167,-20,
电位计，可变电阻器 > 刻度盘,92,112,20,
连接器，互连器件 > 存储器连接器 > 存储器连接器配件,139,119,-20,
五金件，紧固件，配件 > 密封件 - O 圈,122,141,19,
射频和无线 > 射频调制器,217,198,-19,
箱盒，外壳，机架 > 卡导槽,730,711,-19,
连接器，互连器件 > D-Sub、D 形连接器 > D-Sub、D 形连接器 - 适配器,1357,1338,-19,
连接器，互连器件 > 交流电源连接器 > 电源接入连接器配件,908,927,19,
连接器，互连器件 > 端子 > PC 引脚插座，插座连接器,5470,5489,19,
原型开发，制造品 > 适配器，分线板,1586,1604,18,
测试与计量 > 测试引线 > 短头鳄鱼夹，鳄鱼夹，重型夹,700,718,18,
测试与计量 > 测试引线 > 示波器探头,348,330,-18,
电缆组件 > LGH 电缆,412,394,-18,
集成电路（IC） > 接口 > 控制器,2956,2938,-18,
集成电路（IC） > 逻辑 > 奇偶校验发生器和校验器,163,181,18,
工具 > 六角、梅花六角扳手,1194,1211,17,
晶体，振荡器，谐振器 > 谐振器,1705,1688,-17,
电源 - 外部/内部（板外） > LED 驱动器,5147,5164,17,
电阻器 > 电阻器网络，阵列,44906,44923,17,
五金件，紧固件，配件 > 轴承,155,139,-16,
套件 > EMI，滤波器套件,221,205,-16,
测试与计量 > 测试引线 > 套件，分类,179,163,-16,
测试与计量 > 测试设备 > 函数发生器,128,144,16,
集成电路（IC） > 电源管理（PMIC） > 稳压器 - 线性稳压器控制器,324,340,16,
原型开发，制造品 > 跳线,482,497,15,
工具 > 线缆扎带枪和配件,227,212,-15,
工具 > 锤子,451,466,15,
焊接、拆焊、返修产品 > 焊接，拆焊，焊台，返修台,260,275,15,
连接器，互连器件 > 端子 > 快速连接，快速断开连接器,5275,5290,15,
风扇，风机，热管理 > 热器件 > 热电、珀尔帖模块,1525,1510,-15,
光电器件 > 垫片，支座,3747,3761,14,
开关 > 限位开关,14172,14158,-14,
计算机设备 > USB 集线器,357,371,14,
集成电路（IC） > 接口 > I/O 扩展器,1069,1083,14,
工业自动化与控制 > 人机界面（HMI） > 人机接口（HMI）- 配件,757,770,13,
开发板，套件，编程器 > 配件,2476,2489,13,
焊接、拆焊、返修产品 > 吸锡网线，吸锡带 ，吸锡器，棉芯，泵,406,419,13,
计算机设备 > 隐私滤光片，屏幕保护器，防窥片,362,375,13,
风扇，风机，热管理 > 热器件 > 液体冷却，加热,274,261,-13,
原型开发，制造品 > 涂层，油脂，维修,126,114,-12,
工业用品 > 车辆保养和定制产品,17,29,12,
测试与计量 > 测试引线 > 香蕉插头，量表接口,2524,2536,12,
电阻器 > 特种电阻器,920,932,12,
继电器 > 汽车继电器,1989,1977,-12,
集成电路（IC） > 存储器 > 用于 FPGA 的配置 PROM,558,570,12,
集成电路（IC） > 接口 > 传感器，电容式触控,621,609,-12,
电池产品 > 非充电电池（一次电池）,94,105,11,
连接器，互连器件 > FFC、FPC（扁平柔性）连接器 > FFC、FPC（扁平柔性）连接器外壳,361,350,-11,
传感器，变送器 > 光学传感器 > 光检测器 - 遥控接收器,1233,1223,-10,
光电器件 > 光纤衰减器,250,240,-10,
光电器件 > 反射镜,469,459,-10,
工业自动化与控制 > 监视器 > 继电器输出监视器,1107,1117,10,
电路保护 > 热熔断体（热熔保险丝）,321,311,-10,
连接器，互连器件 > 端子块 > DIN 导轨，通道,10988,10998,10,
光学器件 > 滤波器,59,50,-9,
原型开发，制造品 > 卡扩展器,69,60,-9,
套件 > 开关套件,40,49,9,
射频和无线 > 射频接收器、发射器、收发器成品,1602,1593,-9,
工业自动化与控制 > 控制器 > 液体，液位,536,527,-9,
箱盒，外壳，机架 > 存储,21,30,9,
继电器 > 高频（射频）继电器,927,918,-9,
连接器，互连器件 > 光伏（太阳能板）连接器 > 光伏（太阳能板）连接器触头,52,61,9,
连接器，互连器件 > 卡边缘连接器 > 卡边缘连接器外壳,250,241,-9,
风扇，风机，热管理 > 加热带、加热毯和加热器,5303,5294,-9,
风扇，风机，热管理 > 热器件 > 热电、珀尔帖组件,191,182,-9,
传感器，变送器 > 光学传感器 > 反射式 - 逻辑输出,186,178,-8,
传感器，变送器 > 接近/占位传感器成品,615,607,-8,
光学检测设备 > 光学检查配件,569,561,-8,
嵌入式计算机 > 嵌入式计算机接口板,510,502,-8,
工具 > 真空吸尘器,43,51,8,
电池产品 > 点烟器组件,77,69,-8,
磁性元件 - 变压器，电感器元件 > 电磁线,49,57,8,
集成电路（IC） > 接口 > UART（通用异步接收器发送器）,979,987,8,
五金件，紧固件，配件 > 安装托架,62,69,7,
传感器，变送器 > 光学传感器 > 光电晶体管,763,756,-7,
光电器件 > 激光二极管、模块配件,85,78,-7,
原型开发，制造品 > 配件,339,332,-7,
套件 > 电容器套件,725,732,7,
套件 > 电路保护套件 - 保险丝,165,158,-7,
工业用品 > 户外用品 > 停车场和安全设备,162,169,7,
工具 > 点胶设备 > 涂胶器，打胶器,125,118,-7,
集成电路（IC） > 电源管理（PMIC） > V/F 和 F/V 转换器,126,133,7,
集成电路（IC） > 电源管理（PMIC） > 电流调节/管理,1368,1361,-7,
传感器，变送器 > 冲击传感器,21,15,-6,
传感器，变送器 > 运动传感器 > 陀螺仪,104,110,6,
存储器 - 模块，卡 > 存储卡，模块配件,54,48,-6,
工业用品 > 维护保养 > 垫子,95,89,-6,
开关 > 导航开关，操纵杆,2106,2100,-6,
滤波器 > DSL 滤波器,19,13,-6,
计算机设备 > 键盘,322,316,-6,
连接器，互连器件 > 模块化/以太网连接器 > 模块化/以太网连接器接线块配件,25,19,-6,
连接器，互连器件 > 模块化/以太网连接器 > 模块化/以太网连接器插头外壳,146,140,-6,
集成电路（IC） > 嵌入式 > 带单片机的 FPGA（现场可编程门阵列）,42,36,-6,
五金件，紧固件，配件 > 弹簧 > 扭力弹簧,625,620,-5,
光学检测设备 > 灯 - 放大，工作,805,800,-5,
光电器件 > 光纤发射器 - 分立式,186,181,-5,
套件 > 其他,207,202,-5,
电容器 > 配件,213,218,5,
计算机设备 > 打印机，标签打印机,339,344,5,
连接器，互连器件 > 端子 > 套管、子弹式连接器,423,418,-5,
连接器，互连器件 > 香蕉和尖头连接器 > 香蕉和尖头连接器适配器,71,76,5,
光电器件 > 光纤发射器 - 驱动器集成电路,86,82,-4,
光电器件 > 显示屏背光,99,95,-4,
光电器件 > 氦氖激光头,18,22,4,
原型开发，制造品 > 钻头，立铣刀,91,87,-4,
套件 > 变压器套件,33,29,-4,
工业自动化与控制 > 机器视觉 > 控制/处理,129,125,-4,
开发板，套件，编程器 > 评估板 > 线性稳压器评估板,947,943,-4,
测试与计量 > 测试引线 > IC 夹,161,165,4,
连接器，互连器件 > 端子 > 电线引脚连接器,255,251,-4,
集成电路（IC） > 接口 > 调制解调器 - IC 和模块,286,282,-4,
传感器，变送器 > 光学传感器 > 环境光、IR 红外线、UV 紫外线传感器,836,833,-3,
光电器件 > 显示器，监视器 - LCD 驱动器/控制器,66,63,-3,
焊接、拆焊、返修产品 > 烟雾排除,113,116,3,
焊接、拆焊、返修产品 > 焊接海绵，烙铁头清洁剂,108,111,3,
电感器，线圈，扼流圈 > 可调电感器,185,182,-3,
计算机设备 > 托架,34,37,3,
连接器，互连器件 > USB、DVI、HDMI 连接器 > USB、DVI、HDMI 连接器适配器,812,815,3,
连接器，互连器件 > 端子块 > 端子块适配器,638,641,3,
隔离器 > 特殊用途隔离器,114,117,3,
传感器，变送器 > 光学传感器 > 光电 - 计数器，检测器，SPCM（单光子计数模块）,748,750,2,
传感器，变送器 > 磁性传感器 > 罗盘，磁场（模块）,33,31,-2,
传感器，变送器 > 色彩传感器,78,76,-2,
传感器，变送器 > 触摸传感器,100,98,-2,
光学器件 > 激光光学器件 > 扩束镜,20,18,-2,
光学检测设备 > 视频检测系统,102,100,-2,
光电器件 > LED 照明套件,48,50,2,
光电器件 > 显示器边框，透镜,85,87,2,
光电器件 > 氙气灯照明,162,160,-2,
光电器件 > 氦氖激光系统,25,27,2,
工具 > 工作台、工作站和配件 > 工作台和工作站,9,7,-2,
工具 > 铆固工具,56,58,2,
开发板，套件，编程器 > 评估板 > 运算放大器评估板,1059,1061,2,
测试与计量 > 测试引线 > BNC 接口,331,333,2,
电容器 > 微调器，可变电容器,1580,1578,-2,
电缆，电线 - 管理 > 光纤电缆,155,153,-2,
电缆，电线 - 管理 > 电缆拉柄与支持握柄,727,729,2,
网络解决方案 > 串口设备服务器,603,601,-2,
胶带，粘合剂，材料 > 配件,37,35,-2,
计算机设备 > 磁条，智能卡读卡器,44,46,2,
连接器，互连器件 > 交流电源连接器 > 插头和插座,4900,4902,2,
连接器，互连器件 > 香蕉和尖头连接器 > 香蕉和尖头连接器配件,60,62,2,
集成电路（IC） > 接口 > 编码器，解码器，转换器,474,476,2,
光学检测设备 > 支臂，安装座，支架,85,84,-1,
射频和无线 > 射频发射器,565,564,-1,
工业用品 > HVAC > HVAC 零件和配件,88,89,1,
工业用品 > 产品、材料搬运和存储 > 机架，搁板，支架,8,9,1,
工业自动化与控制 > 油脂和润滑剂,112,113,1,
工业自动化与控制 > 电缆和软管载具，牵引链,208,207,-1,
工具 > 工作台、工作站和配件 > 工作台和工作站配件,29,30,1,
开发板，套件，编程器 > 评估板 > 数模转换器（DAC）评估板,713,712,-1,
标签，标志，隔离带，标识 > 标签、标志、护栏配件,778,779,1,
测试与计量 > 测试设备 > 组合套装,50,51,1,
电缆组件 > 智能电缆,103,104,1,
电缆，电线 - 管理 > 冷缩带，套管,117,116,-1,
计算机设备 > 桌面操纵杆，模拟产品,41,40,-1,
连接器，互连器件 > 卡边缘连接器 > 卡边缘连接器配件,174,173,-1,
连接器，互连器件 > 端子 > 线对板连接器,145,144,-1,
连接器，互连器件 > 触头 > 引线框架,53,54,1,
音频产品 > 警报器、蜂鸣器和警笛,5066,5067,1,
传感器，变送器 > 磁性传感器 > 开关（固态）,3895,3895,0,
光学器件 > 反光镜,132,132,0,
光学器件 > 棱镜,19,19,0,
光学器件 > 激光光学器件 > 普克尔盒,34,34,0,
光学器件 > 激光光学器件 > 激光调制器,90,90,0,
光电器件 > 冷阴极萤光（CCFL）和 UV 灯,188,188,0,
光电器件 > 激光二极管，激光模块 - 激光传输，激光光纤,216,216,0,
光电器件 > 非接触式荧光粉光源,269,269,0,
原型开发，制造品 > 定制可配置 PCB,2,2,0,
套件 > LED 套件,52,52,0,
套件 > 原型开发板，制造套件,31,31,0,
套件 > 各类分立套件,42,42,0,
射频和无线 > 射频功率控制器 IC,51,51,0,
工业用品 > 产品、材料搬运和存储 > 建筑/施工产品,11,11,0,
工业用品 > 安全 > 出口标志和应急照明,2,2,0,
工业用品 > 小车和推车,19,19,0,
工业用品 > 工作站、办公家具和设备 > 计算机工作站,7,7,0,
工业用品 > 户外用品 > 御寒产品，衣物,156,156,0,
工业用品 > 电气 > 发电机,13,13,0,
工业用品 > 维护保养 > 空气压缩机,2,2,0,
工业自动化与控制 > 凸轮定位器,16,16,0,
工业自动化与控制 > 工业照明控制 > 照明控制配件,113,113,0,
工具 > 螺线包材，伸缩套管,46,46,0,
开关 > 可编程显示器开关,24,24,0,
开关 > 按钮开关 - 霍尔效应,15,15,0,
滤波器 > 滤波器配件,67,67,0,
焊接、拆焊、返修产品 > 焊接模版，模板,647,647,0,
电位计，可变电阻器 > 操纵杆电位计,9,9,0,
电感器，线圈，扼流圈 > 延迟线,50,50,0,
电源 - 外部/内部（板外） > AC AC 壁插式电源适配器,173,173,0,
电源 - 外部/内部（板外） > AC DC 可配置电源（工厂组装）,237,237,0,
箱盒，外壳，机架 > 凸轮,66,66,0,
计算机设备 > KVM 切换器（键盘视频鼠标）,349,349,0,
连接器，互连器件 > D-Sub、D 形连接器 > D-Sub、D 形连接器端接器,31,31,0,
连接器，互连器件 > USB、DVI、HDMI 连接器 > USB、DVI、HDMI 连接器配件,325,325,0,
连接器，互连器件 > 刀片式电源连接器 > 刀片式电源连接器触头,361,361,0,
连接器，互连器件 > 端子 > 箔片连接器,33,33,0,
集成电路（IC） > 接口 > 直接数字合成（DDS）,98,98,0,
集成电路（IC） > 时钟/定时 > IC 电池,4,4,0,
集成电路（IC） > 电源管理（PMIC） > RMS 至 DC 转换器,131,131,0,
https://www.digikey.cn/zh/products/detail/gedore-tools-inc/KL-0186-1612-H/24665504,1,,,ONLY_IN_CSV
https://www.digikey.cn/zh/products/detail/nexperia-usa-inc/74HC173PW-118/1230142,1,,,ONLY_IN_CSV
https://www.digikey.cn/zh/products/detail/nxp-usa-inc/SSTUA32S865ET-551/1158344,1,,,ONLY_IN_CSV
五金件，紧固件，配件 > DIN 导轨通道,,2053,,ONLY_IN_WEBSITE
五金件，紧固件，配件 > 垫圈 > 标准垫圈,,3238,,ONLY_IN_WEBSITE
五金件，紧固件，配件 > 垫圈 > 衬套，凸肩垫圈,,2393,,ONLY_IN_WEBSITE
五金件，紧固件，配件 > 孔插头 - 锥形盖,,4257,,ONLY_IN_WEBSITE
五金件，紧固件，配件 > 弹簧 > 拉伸、挂钩弹簧,,2697,,ONLY_IN_WEBSITE
五金件，紧固件，配件 > 旋钮,,3218,,ONLY_IN_WEBSITE
五金件，紧固件，配件 > 板垫片，支座,,19381,,ONLY_IN_WEBSITE
五金件，紧固件，配件 > 泡沫,,526,,ONLY_IN_WEBSITE
五金件，紧固件，配件 > 结构、移动五金件,,6697,,ONLY_IN_WEBSITE
五金件，紧固件，配件 > 螺丝，螺栓,,9057,,ONLY_IN_WEBSITE
五金件，紧固件，配件 > 配件,,1385,,ONLY_IN_WEBSITE
传感器，变送器 > IrDA 收发器模块,,139,,ONLY_IN_WEBSITE
传感器，变送器 > 专用传感器,,2087,,ONLY_IN_WEBSITE
传感器，变送器 > 传感器、变送器放大器,,1459,,ONLY_IN_WEBSITE
传感器，变送器 > 传感器、变送器配件,,14113,,ONLY_IN_WEBSITE
传感器，变送器 > 位置传感器 > 角度、线性位置测量,,19035,,ONLY_IN_WEBSITE
传感器，变送器 > 光学传感器 > 光检测器 - CdS 电池,,89,,ONLY_IN_WEBSITE
传感器，变送器 > 光学传感器 > 光检测器 - 逻辑输出,,142,,ONLY_IN_WEBSITE
传感器，变送器 > 光学传感器 > 光电二极管,,1268,,ONLY_IN_WEBSITE
传感器，变送器 > 光学传感器 > 光电遮断器 - 槽型 - 晶体管输出,,1253,,ONLY_IN_WEBSITE
传感器，变送器 > 光学传感器 > 光电遮断器 - 槽型 - 逻辑输出,,928,,ONLY_IN_WEBSITE
传感器，变送器 > 光学传感器 > 反射式 - 模拟输出,,348,,ONLY_IN_WEBSITE
传感器，变送器 > 光学传感器 > 图像传感器，镜头，摄像头,,1523,,ONLY_IN_WEBSITE
传感器，变送器 > 光学传感器 > 距离测量,,950,,ONLY_IN_WEBSITE
传感器，变送器 > 压力传感器、变送器 - 工业,158,,,ONLY_IN_CSV
传感器，变送器 > 应变计,,1471,,ONLY_IN_WEBSITE
传感器，变送器 > 接近传感器,,4651,,ONLY_IN_WEBSITE
传感器，变送器 > 流量传感器,,569,,ONLY_IN_WEBSITE
传感器，变送器 > 浮子，液位传感器,,2478,,ONLY_IN_WEBSITE
传感器，变送器 > 温度传感器 - 模拟和数字输出 - 工业,1348,,,ONLY_IN_CSV
传感器，变送器 > 温度传感器 > PTC 热敏电阻,,1001,,ONLY_IN_WEBSITE
传感器，变送器 > 温度传感器 > 温控器 - 固态,,813,,ONLY_IN_WEBSITE
传感器，变送器 > 温度传感器 > 热电偶，温度探头,,31261,,ONLY_IN_WEBSITE
传感器，变送器 > 温控器 - 机械式 - 工业,2097,,,ONLY_IN_CSV
传感器，变送器 > 湿度、湿敏传感器,,704,,ONLY_IN_WEBSITE
传感器，变送器 > 磁体 > 传感器匹配磁体,,115,,ONLY_IN_WEBSITE
传感器，变送器 > 编码器,,13158,,ONLY_IN_WEBSITE
传感器，变送器 > 编码器 - 工业,11034,,,ONLY_IN_CSV
传感器，变送器 > 运动传感器 > 倾斜开关,,60,,ONLY_IN_WEBSITE
传感器，变送器 > 运动传感器 > 倾角仪,,362,,ONLY_IN_WEBSITE
传感器，变送器 > 运动传感器 > 光学运动传感器,,708,,ONLY_IN_WEBSITE
传感器，变送器 > 运动传感器 > 加速度计,,2296,,ONLY_IN_WEBSITE
传感器，变送器 > 运动传感器 > 振动传感器,,470,,ONLY_IN_WEBSITE
传感器，变送器 > 颗粒、粉尘传感器,,52,,ONLY_IN_WEBSITE
光学器件 > 偏光镜,,62,,ONLY_IN_WEBSITE
光学器件 > 分束镜,,38,,ONLY_IN_WEBSITE
光学器件 > 激光光学器件 > F-Theta 透镜,,46,,ONLY_IN_WEBSITE
光学器件 > 激光光学器件 > 法拉第隔离器,,54,,ONLY_IN_WEBSITE
光学器件 > 激光光学器件 > 激光光学器件配件,,22,,ONLY_IN_WEBSITE
光学器件 > 激光光学器件 > 聚焦透镜,,4,,ONLY_IN_WEBSITE
光学检测设备 > 小型放大镜，放大镜,,66,,ONLY_IN_WEBSITE
光学检测设备 > 摄像头,,79,,ONLY_IN_WEBSITE
光学检测设备 > 机器视觉 - 透镜,,472,,ONLY_IN_WEBSITE
光学检测设备 > 机器视觉 - 配件,,786,,ONLY_IN_WEBSITE
光学检测设备 > 照明光源,,80,,ONLY_IN_WEBSITE
光学检测设备 > 目镜，透镜,,107,,ONLY_IN_WEBSITE
光电器件 > LCD、OLED 字符与数字,,1923,,ONLY_IN_WEBSITE
光电器件 > LCD，OLED，图形,,4038,,ONLY_IN_WEBSITE
光电器件 > LED 散热产品,,327,,ONLY_IN_WEBSITE
光电器件 > 光学机械,,335,,ONLY_IN_WEBSITE
光电器件 > 光电配件,,6571,,ONLY_IN_WEBSITE
光电器件 > 氦氖激光系统配件,,11,,ONLY_IN_WEBSITE
光电器件 > 激光二极管、模块,,847,,ONLY_IN_WEBSITE
光电器件 > 灯替换,,1256,,ONLY_IN_WEBSITE
光电器件 > 电致发光,,85,,ONLY_IN_WEBSITE
光电器件 > 电路板指示器，阵列，发光条，条形图,,6975,,ONLY_IN_WEBSITE
光电器件 > 白炽灯，氖灯,,1071,,ONLY_IN_WEBSITE
光电器件 > 真空荧光（VFD）,,100,,ONLY_IN_WEBSITE
光电器件 > 触摸屏覆盖层,,227,,ONLY_IN_WEBSITE
光电器件 > 透镜,,3411,,ONLY_IN_WEBSITE
光电器件 > 镇流器，逆变器,,280,,ONLY_IN_WEBSITE
光电器件 > 面板指示器，指示灯,,27435,,ONLY_IN_WEBSITE
分立半导体产品 > 二极管 > 可变电容（变容器，可变电抗器）,,877,,ONLY_IN_WEBSITE
分立半导体产品 > 二极管 > 整流器,,63628,,ONLY_IN_WEBSITE
分立半导体产品 > 二极管 > 整流器 > 二极管阵列,317,,,ONLY_IN_CSV
分立半导体产品 > 二极管 > 整流器 > 单二极管,46350,,,ONLY_IN_CSV
分立半导体产品 > 二极管 > 齐纳,,70000,,ONLY_IN_WEBSITE
分立半导体产品 > 二极管 > 齐纳 > 单齐纳二极管,66270,,,ONLY_IN_CSV
分立半导体产品 > 晶体管 > FET，MOSFET,,54383,,ONLY_IN_WEBSITE
分立半导体产品 > 晶体管 > FET，MOSFET > FET、MOSFET 阵列,6059,,,ONLY_IN_CSV
分立半导体产品 > 晶体管 > FET，MOSFET > RF FET，MOSFET,3154,,,ONLY_IN_CSV
分立半导体产品 > 晶体管 > IGBT,,6814,,ONLY_IN_WEBSITE
分立半导体产品 > 晶体管 > IGBT > IGBT 模块,2520,,,ONLY_IN_CSV
分立半导体产品 > 晶体管 > IGBT > 单 IGBT,4036,,,ONLY_IN_CSV
分立半导体产品 > 晶体管 > 双极（BJT）,,30177,,ONLY_IN_WEBSITE
分立半导体产品 > 晶体管 > 双极（BJT） > 单体、预偏置双极晶体管,4038,,,ONLY_IN_CSV
分立半导体产品 > 晶体管 > 双极（BJT） > 双极晶体管阵列,2053,,,ONLY_IN_CSV
分立半导体产品 > 晶体管 > 可编程单结,,34,,ONLY_IN_WEBSITE
分立半导体产品 > 晶体管 > 特殊用途,,184,,ONLY_IN_WEBSITE
分立半导体产品 > 晶闸管 > 双向可控硅,,3765,,ONLY_IN_WEBSITE
分立半导体产品 > 电流调节 - 二极管，晶体管,,1004,,ONLY_IN_WEBSITE
创客/DIY，教育 > 书籍，媒体,246,,,ONLY_IN_CSV
创客/DIY，教育 > 原型开发，制造品,66,,,ONLY_IN_CSV
创客/DIY，教育 > 可穿戴设备,230,,,ONLY_IN_CSV
创客/DIY，教育 > 可穿戴设备 > 书籍，媒体,,98,,ONLY_IN_WEBSITE
创客/DIY，教育 > 可穿戴设备 > 原型开发，制造品,,77,,ONLY_IN_WEBSITE
创客/DIY，教育 > 可穿戴设备 > 小工具，小装置,,115,,ONLY_IN_WEBSITE
创客/DIY，教育 > 小工具，小装置,89,,,ONLY_IN_CSV
原型开发，制造品 > 3D 打印机,,66,,ONLY_IN_WEBSITE
原型开发，制造品 > 3D 打印材料,,1071,,ONLY_IN_WEBSITE
原型开发，制造品 > 3D 打印配件,,219,,ONLY_IN_WEBSITE
原型开发，制造品 > PCB 镂铣机，布线机，铣床,,26,,ONLY_IN_WEBSITE
原型开发，制造品 > 无孔原型板,,62,,ONLY_IN_WEBSITE
原型开发，制造品 > 无焊试验板,,220,,ONLY_IN_WEBSITE
原型开发，制造品 > 蚀刻和制造设备,,34,,ONLY_IN_WEBSITE
变压器 > 专用变压器,,242,,ONLY_IN_WEBSITE
变压器 > 电源变压器,,6418,,ONLY_IN_WEBSITE
变压器 > 隔离变压器和自耦变压器，升压，降压,,606,,ONLY_IN_WEBSITE
套件 > 五金套件,,100,,ONLY_IN_WEBSITE
套件 > 光学 - 光导管套件,,4,,ONLY_IN_WEBSITE
套件 > 光纤套件,,81,,ONLY_IN_WEBSITE
套件 > 射频屏蔽套件 > 套件配件,,30,,ONLY_IN_WEBSITE
套件 > 晶体套件,,6,,ONLY_IN_WEBSITE
套件 > 热敏电阻套件,,19,,ONLY_IN_WEBSITE
套件 > 热缩管套件,,222,,ONLY_IN_WEBSITE
套件 > 电位计套件,,32,,ONLY_IN_WEBSITE
套件 > 电感器套件,,377,,ONLY_IN_WEBSITE
套件 > 电缆装配套件,,30,,ONLY_IN_WEBSITE
套件 > 电缆，电线 - 单芯导线套件,,21,,ONLY_IN_WEBSITE
套件 > 电路保护 - 分类套件,,76,,ONLY_IN_WEBSITE
套件 > 电路保护套件 - TVS 二极管,,31,,ONLY_IN_WEBSITE
套件 > 电阻器套件,,550,,ONLY_IN_WEBSITE
套件 > 线缆扎带套件 > 音频套件,,43,,ONLY_IN_WEBSITE
套件 > 胶带套件,,28,,ONLY_IN_WEBSITE
套件 > 连接器适配器套件,,43,,ONLY_IN_WEBSITE
套件 > 集成电路（IC）套件,,68,,ONLY_IN_WEBSITE
套件 > 静电控制套件,,348,,ONLY_IN_WEBSITE
套件 > 音频套件,43,,,ONLY_IN_CSV
存储器 - 模块，卡 > 专用,,45,,ONLY_IN_WEBSITE
安全产品 > 机器安全 > 互锁开关,,3244,,ONLY_IN_WEBSITE
安全产品 > 机器安全 > 光幕，光栅,13183,,,ONLY_IN_CSV
安全产品 > 机器安全 > 垫子,75,,,ONLY_IN_CSV
安全产品 > 机器安全 > 机器安全 - 光幕，光栅,,13203,,ONLY_IN_WEBSITE
安全产品 > 机器安全 > 机器安全 - 垫子,,55,,ONLY_IN_WEBSITE
安全产品 > 机器安全 > 机器安全 - 控制器,,352,,ONLY_IN_WEBSITE
安全产品 > 机器安全 > 机器安全 - 激光扫描仪,,407,,ONLY_IN_WEBSITE
安全产品 > 机器安全 > 机器安全 - 缓冲器和边缘,,7,,ONLY_IN_WEBSITE
安全产品 > 机器安全 > 机器安全 - 配件,,1216,,ONLY_IN_WEBSITE
安全产品 > 机器安全 > 机器安全配件,1201,,,ONLY_IN_CSV
安全产品 > 机器安全 > 激光扫描仪,436,,,ONLY_IN_CSV
安全产品 > 用户控制安全 > 拉绳开关,,505,,ONLY_IN_WEBSITE
安全产品 > 直接人身安全 > 个人防护用品（PPE）,,1796,,ONLY_IN_WEBSITE
射频和无线 > RFI 和 EMI - 屏蔽和吸收材料,,2924,,ONLY_IN_WEBSITE
射频和无线 > RFI 和 EMI - 触头、簧片和衬垫,,3544,,ONLY_IN_WEBSITE
射频和无线 > RFID 天线,,479,,ONLY_IN_WEBSITE
射频和无线 > RFID 配件,,125,,ONLY_IN_WEBSITE
射频和无线 > 其他射频 IC 和模块,,3020,,ONLY_IN_WEBSITE
射频和无线 > 射频功率分配器/分线器,,1583,,ONLY_IN_WEBSITE
射频和无线 > 射频定向耦合器,,2963,,ONLY_IN_WEBSITE
射频和无线 > 射频收发器和调制解调器,,6106,,ONLY_IN_WEBSITE
射频和无线 > 射频混频器,,1479,,ONLY_IN_WEBSITE
射频和无线 > 射频环行器和隔离器,,2313,,ONLY_IN_WEBSITE
射频和无线 > 射频解调器,,205,,ONLY_IN_WEBSITE
射频和无线 > 用户识别模块（SIM）卡,,49,,ONLY_IN_WEBSITE
嵌入式计算机 > 嵌入式计算机配件,,1117,,ONLY_IN_WEBSITE
工业用品 > HVAC > 加热器,,761,,ONLY_IN_WEBSITE
工业用品 > HVAC > 空气净化器、除湿器和加湿器,,1,,ONLY_IN_WEBSITE
工业用品 > HVAC > 空气过滤网,,240,,ONLY_IN_WEBSITE
工业用品 > HVAC > 空调,,158,,ONLY_IN_WEBSITE
工业用品 > 产品、材料搬运和存储 > 机架、搁板、支架配件,,2,,ONLY_IN_WEBSITE
工业用品 > 保洁和维护产品,,336,,ONLY_IN_WEBSITE
工业用品 > 办公设备 > 办公用品,,329,,ONLY_IN_WEBSITE
工业用品 > 办公设备 > 食品存储与制备,,3,,ONLY_IN_WEBSITE
工业用品 > 安全 > 吸收剂、托盘和清洁剂,,9,,ONLY_IN_WEBSITE
工业用品 > 工作站、办公家具和设备 > 椅子和凳子,,3,,ONLY_IN_WEBSITE
工业用品 > 户外用品 > 其他,,1,,ONLY_IN_WEBSITE
工业用品 > 户外用品 > 割草机、真空吸尘器、吹风机和切割机,,1,,ONLY_IN_WEBSITE
工业用品 > 户外用品 > 室外家具,,2,,ONLY_IN_WEBSITE
工业用品 > 电气 > 照明,,8,,ONLY_IN_WEBSITE
工业用品 > 运输和包装产品,,172,,ONLY_IN_WEBSITE
工业用品 > 风扇 > 农业、月台和排气风扇,,3,,ONLY_IN_WEBSITE
工业自动化与控制 > 保护继电器和系统,,865,,ONLY_IN_WEBSITE
工业自动化与控制 > 图形/数字显示,,23,,ONLY_IN_WEBSITE
工业自动化与控制 > 工业、DIN 导轨电源,4558,,,ONLY_IN_CSV
工业自动化与控制 > 工业专用,,895,,ONLY_IN_WEBSITE
工业自动化与控制 > 工业传感器 > 位置，接近，速度（模块）- 工业,,343,,ONLY_IN_WEBSITE
工业自动化与控制 > 工业传感器 > 光电，工业,,18654,,ONLY_IN_WEBSITE
工业自动化与控制 > 工业传感器 > 力传感器，测压元件 - 工业,,2848,,ONLY_IN_WEBSITE
工业自动化与控制 > 工业传感器 > 接近传感器 - 工业,,14094,,ONLY_IN_WEBSITE
工业自动化与控制 > 工业传感器 > 浮动，液位传感器 - 工业,,3387,,ONLY_IN_WEBSITE
工业自动化与控制 > 工业传感器 > 温度传感器 - 模拟和数字输出 - 工业,,1588,,ONLY_IN_WEBSITE
工业自动化与控制 > 工业传感器 > 温控器 - 机械式 - 工业,,2107,,ONLY_IN_WEBSITE
工业自动化与控制 > 工业传感器 > 编码器 - 工业,,10793,,ONLY_IN_WEBSITE
工业自动化与控制 > 工业传感器 > 色彩传感器 - 工业,,95,,ONLY_IN_WEBSITE
工业自动化与控制 > 工业照明 > 按灯拣货,,632,,ONLY_IN_WEBSITE
工业自动化与控制 > 工业照明控制 > 照明控制,,235,,ONLY_IN_WEBSITE
工业自动化与控制 > 工业自动化配件,,10933,,ONLY_IN_WEBSITE
工业自动化与控制 > 延时继电器,,4940,,ONLY_IN_WEBSITE
工业自动化与控制 > 控制器 > 工艺，温度,,8447,,ONLY_IN_WEBSITE
工业自动化与控制 > 控制器 > 控制器配件,,1831,,ONLY_IN_WEBSITE
工业自动化与控制 > 控制器 > 电缆组件,,4393,,ONLY_IN_WEBSITE
工业自动化与控制 > 机器人 > 机器人,,98,,ONLY_IN_WEBSITE
工业自动化与控制 > 机器视觉 > 摄像头/传感器,,1817,,ONLY_IN_WEBSITE
工业自动化与控制 > 机器视觉 > 机器视觉照明,,826,,ONLY_IN_WEBSITE
工业自动化与控制 > 机器视觉 > 条形码阅读器,,1007,,ONLY_IN_WEBSITE
工业自动化与控制 > 气动，液压 > 阀门和控制,,8681,,ONLY_IN_WEBSITE
工业自动化与控制 > 液体过滤,,481,,ONLY_IN_WEBSITE
工业自动化与控制 > 监视器 > 电流/电压变送器监视器,,659,,ONLY_IN_WEBSITE
工业自动化与控制 > 面板仪表 > 计数器，小时计,,1453,,ONLY_IN_WEBSITE
工业自动化与控制 > 面板仪表 > 面板仪表配件,,536,,ONLY_IN_WEBSITE
工具 > 光纤和配件,,578,,ONLY_IN_WEBSITE
工具 > 冲压机,,268,,ONLY_IN_WEBSITE
工具 > 剥线钳和配件,,1312,,ONLY_IN_WEBSITE
工具 > 各类工具套件,,786,,ONLY_IN_WEBSITE
工具 > 工具袋、盒和柜,,292,,ONLY_IN_WEBSITE
工具 > 手电筒,,88,,ONLY_IN_WEBSITE
工具 > 打线，刀片,,116,,ONLY_IN_WEBSITE
工具 > 插拔工具,,2930,,ONLY_IN_WEBSITE
工具 > 油漆用品,,17,,ONLY_IN_WEBSITE
工具 > 点胶设备 > 尖头，喷嘴,,1845,,ONLY_IN_WEBSITE
工具 > 热风枪，气炬，配件,,1034,,ONLY_IN_WEBSITE
工具 > 电铲，钩，镊子，探针，调节工具,,198,,ONLY_IN_WEBSITE
工具 > 绕接,,64,,ONLY_IN_WEBSITE
工具 > 虎钳,,84,,ONLY_IN_WEBSITE
工具 > 螺丝刀、螺母起子和套件 > 螺丝和螺母起子,,3658,,ONLY_IN_WEBSITE
工具 > 镊子,,2377,,ONLY_IN_WEBSITE
开关 > DIP 开关,,8115,,ONLY_IN_WEBSITE
开关 > 互锁开关,2935,,,ONLY_IN_CSV
开关 > 可配置开关元件 > 可配置开关基体,,18363,,ONLY_IN_WEBSITE
开关 > 可配置开关元件 > 可配置开关透镜,,1644,,ONLY_IN_WEBSITE
开关 > 小键盘开关,,486,,ONLY_IN_WEBSITE
开关 > 开关护套，密封件,,689,,ONLY_IN_WEBSITE
开关 > 拨轮开关,,262,,ONLY_IN_WEBSITE
开关 > 摇臂开关,,44201,,ONLY_IN_WEBSITE
开关 > 断连开关元件,,3326,,ONLY_IN_WEBSITE
开关 > 磁性、磁簧开关,,382,,ONLY_IN_WEBSITE
开关 > 配件,,16869,,ONLY_IN_WEBSITE
开关 > 钥匙锁开关,,16783,,ONLY_IN_WEBSITE
开发板，套件，编程器 > 评估板 > DC/DC 和 AC/DC（离线）SMPS 评估板,,7319,,ONLY_IN_WEBSITE
开发板，套件，编程器 > 评估板 > 射频、RFID、无线评估板,,9628,,ONLY_IN_WEBSITE
开发板，套件，编程器 > 评估板 > 音频放大器评估板,,727,,ONLY_IN_WEBSITE
晶体，振荡器，谐振器 > VCO（压控振荡器）,,494,,ONLY_IN_WEBSITE
晶体，振荡器，谐振器 > 可编程振荡器,,8148,,ONLY_IN_WEBSITE
晶体，振荡器，谐振器 > 引脚可配置/可选择振荡器,,4491,,ONLY_IN_WEBSITE
晶体，振荡器，谐振器 > 振荡器,,419101,,ONLY_IN_WEBSITE
晶体，振荡器，谐振器 > 晶体、振荡器、谐振器配件,,162,,ONLY_IN_WEBSITE
晶体，振荡器，谐振器 > 晶体套件,6,,,ONLY_IN_CSV
晶体，振荡器，谐振器 > 独立编程器,,27,,ONLY_IN_WEBSITE
标签，标志，隔离带，标识 > 屏障、路障、地面标记、胶带,,1082,,ONLY_IN_WEBSITE
标签，标志，隔离带，标识 > 标签，贴纸，贴标 - 空白,,14463,,ONLY_IN_WEBSITE
测试与计量 > GPIB 和通信,,101,,ONLY_IN_WEBSITE
测试与计量 > 数据采集（DAQ）,,1792,,ONLY_IN_WEBSITE
测试与计量 > 测试引线 > 抓取器，钩,,384,,ONLY_IN_WEBSITE
测试与计量 > 测试设备 > 万用表,,492,,ONLY_IN_WEBSITE
测试与计量 > 测试设备 > 力/扭力计,,143,,ONLY_IN_WEBSITE
测试与计量 > 测试设备 > 可调变压器,,591,,ONLY_IN_WEBSITE
测试与计量 > 测试设备 > 射频分析仪,,77,,ONLY_IN_WEBSITE
测试与计量 > 测试设备 > 环境检测仪,,2077,,ONLY_IN_WEBSITE
测试与计量 > 测试设备 > 电源（测试、基准）,,680,,ONLY_IN_WEBSITE
测试与计量 > 测试设备 > 示波器,,425,,ONLY_IN_WEBSITE
滤波器 > 共模扼流圈,,9181,,ONLY_IN_WEBSITE
滤波器 > 单片晶体,,51,,ONLY_IN_WEBSITE
滤波器 > 电缆铁氧体,,1939,,ONLY_IN_WEBSITE
滤波器 > 螺旋滤波器,5,,,ONLY_IN_CSV
滤波器 > 铁氧体圆盘和平板,,135,,ONLY_IN_WEBSITE
滤波器 > 馈通式、穿心式电容器,,4062,,ONLY_IN_WEBSITE
滤波器 > 馈通式电容器,4236,,,ONLY_IN_CSV
焊接、拆焊、返修产品 > 支座，支架,,114,,ONLY_IN_WEBSITE
焊接、拆焊、返修产品 > 烙铁，镊子，手柄,,324,,ONLY_IN_WEBSITE
焊接、拆焊、返修产品 > 焊接，拆焊，返修尖头，喷嘴,,3240,,ONLY_IN_WEBSITE
电位计，可变电阻器 > 可调功率电阻器,,1058,,ONLY_IN_WEBSITE
电位计，可变电阻器 > 微调电位计,,18182,,ONLY_IN_WEBSITE
电位计，可变电阻器 > 拨轮式电位计,,384,,ONLY_IN_WEBSITE
电位计，可变电阻器 > 数值显示电位计,,26,,ONLY_IN_WEBSITE
电位计，可变电阻器 > 滑动电位计,,14072,,ONLY_IN_WEBSITE
电位计，可变电阻器 > 配件,,157,,ONLY_IN_WEBSITE
电容器 > 云母和 PTFE 电容器,,8746,,ONLY_IN_WEBSITE
电容器 > 双电层电容器（EDLC），超级电容器,,2921,,ONLY_IN_WEBSITE
电容器 > 氧化铌电容器,,212,,ONLY_IN_WEBSITE
电容器 > 钽 - 聚合物电容器,,13312,,ONLY_IN_WEBSITE
电容器 > 铝聚合物电容器,,10575,,ONLY_IN_WEBSITE
电感器，线圈，扼流圈 > 共模扼流圈,8353,,,ONLY_IN_CSV
电感器，线圈，扼流圈 > 无线充电线圈,,237,,ONLY_IN_WEBSITE
电感器，线圈，扼流圈 > 电感器套件,1,,,ONLY_IN_CSV
电感器，线圈，扼流圈 > 阵列，信号转换器,,1302,,ONLY_IN_WEBSITE
"电机、执行器、电磁阀和驱动器 > 变频驱动器（VFD, VSD）",,4980,,ONLY_IN_WEBSITE
电机、执行器、电磁阀和驱动器 > 步进电机,,1141,,ONLY_IN_WEBSITE
电机、执行器、电磁阀和驱动器 > 电机 - AC，DC,,8803,,ONLY_IN_WEBSITE
电机、执行器、电磁阀和驱动器 > 电磁阀,,415,,ONLY_IN_WEBSITE
电池产品 > 充电电池（二次电池）,,480,,ONLY_IN_WEBSITE
电池产品 > 电池产品配件,,286,,ONLY_IN_WEBSITE
电池产品 > 电池组,,3,,ONLY_IN_WEBSITE
电源 - 外部/内部（板外） > AC DC 可配置电源机架,,1412,,ONLY_IN_WEBSITE
电源 - 外部/内部（板外） > AC DC 可配置电源模块,,163,,ONLY_IN_WEBSITE
电源 - 外部/内部（板外） > AC DC 台式、壁插式电源适配器,,14911,,ONLY_IN_WEBSITE
电源 - 外部/内部（板外） > 工业、DIN 导轨电源,,4743,,ONLY_IN_WEBSITE
电源 - 板安装 > AC DC 转换器,,6986,,ONLY_IN_WEBSITE
电源 - 板安装 > LED 驱动器,,316,,ONLY_IN_WEBSITE
电源 - 板安装 > 板安装电源配件,,849,,ONLY_IN_WEBSITE
电缆组件 > D 形，并口电缆,,454,,ONLY_IN_WEBSITE
电缆组件 > Firewire 电缆（IEEE 1394）,,105,,ONLY_IN_WEBSITE
电缆组件 > USB 电缆,,5962,,ONLY_IN_WEBSITE
电缆组件 > 可插拔电缆,,13328,,ONLY_IN_WEBSITE
电缆组件 > 套管连接器电缆 > 套管电源电缆,,923,,ONLY_IN_WEBSITE
电缆组件 > 扁平柔性跳线、电缆（FFC、FPC）,,2059,,ONLY_IN_WEBSITE
电缆组件 > 系列间适配器电缆,,5601,,ONLY_IN_WEBSITE
电缆组件 > 跳线，预压接引线,,23080,,ONLY_IN_WEBSITE
电缆，电线 - 管理 > 保护软管，实心管，衬套,,4266,,ONLY_IN_WEBSITE
电缆，电线 - 管理 > 接地织物，接地带,,699,,ONLY_IN_WEBSITE
电缆，电线 - 管理 > 标记物,,16312,,ONLY_IN_WEBSITE
电缆，电线 - 管理 > 热缩包材,,8,,ONLY_IN_WEBSITE
电缆，电线 - 管理 > 热缩套，帽盖,,8443,,ONLY_IN_WEBSITE
电缆，电线 - 管理 > 热缩布,,492,,ONLY_IN_WEBSITE
电缆，电线 - 管理 > 热缩管,,14895,,ONLY_IN_WEBSITE
电缆，电线 - 管理 > 焊接套管,,2861,,ONLY_IN_WEBSITE
电缆，电线 - 管理 > 电线管，线槽 > 电线管、线槽盖,,681,,ONLY_IN_WEBSITE
电缆，电线 - 管理 > 电缆扎带 - 支座和固定座,,1354,,ONLY_IN_WEBSITE
电缆，电线 - 管理 > 电缆扎带和束线带,,5708,,ONLY_IN_WEBSITE
电缆，电线 - 管理 > 线缆扎带套件,50,,,ONLY_IN_CSV
电缆，电线 - 管理 > 衬套，索环,,4638,,ONLY_IN_WEBSITE
电缆，电线 - 管理 > 配件,,11837,,ONLY_IN_WEBSITE
电缆，电线 - 管理 > 配线箱，保护,,297,,ONLY_IN_WEBSITE
电缆，电线 > 同轴电缆（射频）,,3917,,ONLY_IN_WEBSITE
电缆，电线 > 模块化 - 扁平电缆,,283,,ONLY_IN_WEBSITE
电缆，电线 > 绕接,,101,,ONLY_IN_WEBSITE
电路保护 > PTC 自恢复保险丝,,4991,,ONLY_IN_WEBSITE
电路保护 > 保险丝,,12941,,ONLY_IN_WEBSITE
电路保护 > 接地故障电路断路器（GFCI）,,772,,ONLY_IN_WEBSITE
电路保护 > 气体放电管避雷器（GDT）,,2131,,ONLY_IN_WEBSITE
电路保护 > 浪涌抑制 IC,,550,,ONLY_IN_WEBSITE
电路保护 > 照明保护,,78,,ONLY_IN_WEBSITE
电路保护 > 电气专用保险丝,,19676,,ONLY_IN_WEBSITE
电路保护 > 电路保护套件 - TVS 二极管,31,,,ONLY_IN_CSV
电路保护 > 瞬态电压抑制器（TVS） > 晶闸管,,2504,,ONLY_IN_WEBSITE
电路保护 > 瞬态电压抑制器（TVS） > 浪涌保护器（SPD）,,11601,,ONLY_IN_WEBSITE
电阻器 > 片式电阻器 - 表面贴装,,1206790,,ONLY_IN_WEBSITE
电阻器 > 通孔式电阻器,,533438,,ONLY_IN_WEBSITE
箱盒，外壳，机架 > 机架,,2769,,ONLY_IN_WEBSITE
箱盒，外壳，机架 > 机架配件,,12849,,ONLY_IN_WEBSITE
箱盒，外壳，机架 > 盒组件,,5488,,ONLY_IN_WEBSITE
箱盒，外壳，机架 > 闩锁，锁,,700,,ONLY_IN_WEBSITE
线路保护，配电，备用 > DC 到 AC（电源）逆变器,,417,,ONLY_IN_WEBSITE
线路保护，配电，备用 > 不间断电源（UPS）系统,,1957,,ONLY_IN_WEBSITE
线路保护，配电，备用 > 线路调节器,,70,,ONLY_IN_WEBSITE
继电器 > I/O 继电器模块机架,,191,,ONLY_IN_WEBSITE
继电器 > 固态继电器（SSR）,,8680,,ONLY_IN_WEBSITE
继电器 > 安全继电器,1433,,,ONLY_IN_CSV
继电器 > 配件,,5172,,ONLY_IN_WEBSITE
网络解决方案 > 交换机，集线器,,5927,,ONLY_IN_WEBSITE
网络解决方案 > 媒体转换器,,1492,,ONLY_IN_WEBSITE
网络解决方案 > 网关，路由器,,6471,,ONLY_IN_WEBSITE
网络解决方案 > 配件,,2874,,ONLY_IN_WEBSITE
胶带，粘合剂，材料 > 2D 材料,,75,,ONLY_IN_WEBSITE
胶带，粘合剂，材料 > 原材料 - 塑料,,56,,ONLY_IN_WEBSITE
胶带，粘合剂，材料 > 原材料 - 复合材料 > 原材料 - 泡沫,,1,,ONLY_IN_WEBSITE
胶带，粘合剂，材料 > 胶带分配器,,95,,ONLY_IN_WEBSITE
胶带，粘合剂，材料 > 胶，粘合剂，敷料器,,3185,,ONLY_IN_WEBSITE
计算机设备 > KVM 切换器（键盘视频鼠标）- 电缆,,132,,ONLY_IN_WEBSITE
计算机设备 > 存储卡读卡器,,31,,ONLY_IN_WEBSITE
计算机设备 > 摄像头，投影仪,,192,,ONLY_IN_WEBSITE
计算机设备 > 服务器加速卡,,32,,ONLY_IN_WEBSITE
计算机设备 > 计算机鼠标，轨迹球,,113,,ONLY_IN_WEBSITE
计算机设备 > 适配器卡,,683,,ONLY_IN_WEBSITE
计算机设备 > 适配器，转换器,,1058,,ONLY_IN_WEBSITE
计算机设备 > 配件,,3046,,ONLY_IN_WEBSITE
连接器，互连器件 > D-Sub、D 形连接器 > D-Sub 连接器组件,,187756,,ONLY_IN_WEBSITE
连接器，互连器件 > D-Sub、D 形连接器 > D-Sub、D 形连接器底壳，罩,,6298,,ONLY_IN_WEBSITE
连接器，互连器件 > D-Sub、D 形连接器 > D-Sub、D 形连接器触头,,1857,,ONLY_IN_WEBSITE
连接器，互连器件 > D-Sub、D 形连接器 > D-Sub、D 形连接器配件,,2439,,ONLY_IN_WEBSITE
连接器，互连器件 > D-Sub、D 形连接器 > D-Sub、D 形连接器顶丝,,1280,,ONLY_IN_WEBSITE
连接器，互连器件 > FFC、FPC（扁平柔性）连接器 > FFC、FPC（扁平柔性）连接器触头,,105,,ONLY_IN_WEBSITE
连接器，互连器件 > IC、晶体管插座 > 插座配件,,119,,ONLY_IN_WEBSITE
连接器，互连器件 > Keystone 连接器 > Keystone 连接器配件,,305,,ONLY_IN_WEBSITE
连接器，互连器件 > LGH 连接器,,330,,ONLY_IN_WEBSITE
连接器，互连器件 > 光伏（太阳能板）连接器 > 光伏（太阳能板）连接器组件,,409,,ONLY_IN_WEBSITE
连接器，互连器件 > 光伏（太阳能板）连接器 > 光伏（太阳能板）连接器配件,,95,,ONLY_IN_WEBSITE
连接器，互连器件 > 光纤连接器 > 光纤连接器组件,,1636,,ONLY_IN_WEBSITE
连接器，互连器件 > 光纤连接器 > 光纤连接器配件,,607,,ONLY_IN_WEBSITE
连接器，互连器件 > 刀片式电源连接器 > 刀片式电源连接器外壳,,770,,ONLY_IN_WEBSITE
连接器，互连器件 > 刀片式电源连接器 > 刀片式电源连接器组件,,2575,,ONLY_IN_WEBSITE
连接器，互连器件 > 卡边缘连接器 > 卡边缘连接器适配器,,70,,ONLY_IN_WEBSITE
连接器，互连器件 > 同轴连接器（射频） > 同轴连接器（射频）端接器,,1715,,ONLY_IN_WEBSITE
连接器，互连器件 > 同轴连接器（射频） > 同轴连接器（射频）适配器,,8711,,ONLY_IN_WEBSITE
连接器，互连器件 > 同轴连接器（射频） > 同轴连接器（射频）配件,,2487,,ONLY_IN_WEBSITE
连接器，互连器件 > 固态照明连接器 > 固态照明连接器组件,,1295,,ONLY_IN_WEBSITE
连接器，互连器件 > 固态照明连接器 > 固态照明连接器配件,,275,,ONLY_IN_WEBSITE
连接器，互连器件 > 圆形连接器 > 圆形连接器触头,,4441,,ONLY_IN_WEBSITE
连接器，互连器件 > 圆形连接器 > 圆形连接器适配器,,1558,,ONLY_IN_WEBSITE
连接器，互连器件 > 圆形连接器 > 圆形连接器配件,,18927,,ONLY_IN_WEBSITE
连接器，互连器件 > 套管连接器 > 套管连接器适配器,,125,,ONLY_IN_WEBSITE
连接器，互连器件 > 套管连接器 > 套管连接器配件,,168,,ONLY_IN_WEBSITE
连接器，互连器件 > 套管连接器 > 电源连接器,,1145,,ONLY_IN_WEBSITE
连接器，互连器件 > 套管连接器 > 音频连接器,,2349,,ONLY_IN_WEBSITE
连接器，互连器件 > 存储器连接器 > PC 卡 - 适配器,,19,,ONLY_IN_WEBSITE
连接器，互连器件 > 存储器连接器 > PC 卡插座,,1774,,ONLY_IN_WEBSITE
连接器，互连器件 > 插拔式连接器 > 插拔式连接器组件,,5183,,ONLY_IN_WEBSITE
连接器，互连器件 > 插拔式连接器 > 插拔式连接器配件,,490,,ONLY_IN_WEBSITE
连接器，互连器件 > 模块化/以太网连接器 > 模块化/以太网连接器接线块,,56,,ONLY_IN_WEBSITE
连接器，互连器件 > 模块化/以太网连接器 > 模块化/以太网连接器配件,,980,,ONLY_IN_WEBSITE
连接器，互连器件 > 模块化/以太网连接器 > 模块化/以太网连接器（RJ45，RJ11）插孔,,10667,,ONLY_IN_WEBSITE
连接器，互连器件 > 矩形连接器 > 矩形连接器配件,,7628,,ONLY_IN_WEBSITE
连接器，互连器件 > 矩形连接器 > 自由悬挂，面板安装,,21039,,ONLY_IN_WEBSITE
连接器，互连器件 > 矩形连接器 > 针座，插座，母插口,,171323,,ONLY_IN_WEBSITE
连接器，互连器件 > 端子 > 刀形连接器,,58,,ONLY_IN_WEBSITE
连接器，互连器件 > 端子 > 外壳，护套,,1760,,ONLY_IN_WEBSITE
连接器，互连器件 > 端子 > 端子适配器,,83,,ONLY_IN_WEBSITE
连接器，互连器件 > 端子 > 螺纹连接器,,842,,ONLY_IN_WEBSITE
连接器，互连器件 > 端子 > 转塔连接器,,845,,ONLY_IN_WEBSITE
连接器，互连器件 > 端子块 > 端子块触头,,66,,ONLY_IN_WEBSITE
连接器，互连器件 > 端子块 > 端子块配件,,22513,,ONLY_IN_WEBSITE
连接器，互连器件 > 端子块 > 端子块配件 > 端子块标记条,8483,,,ONLY_IN_CSV
连接器，互连器件 > 端子块 > 端子块配件 > 端子块跳线,3552,,,ONLY_IN_CSV
连接器，互连器件 > 端子块 > 端子块配件 > 配件,7595,,,ONLY_IN_CSV
连接器，互连器件 > 端子块 > 配电,,1482,,ONLY_IN_WEBSITE
连接器，互连器件 > 背板连接器 > DIN 41612,,4575,,ONLY_IN_WEBSITE
连接器，互连器件 > 触头 > 多用途,,3579,,ONLY_IN_WEBSITE
连接器，互连器件 > 触头 > 触头，弹簧式（弹簧针）和压力式,,699,,ONLY_IN_WEBSITE
连接器，互连器件 > 连接器套件,825,,,ONLY_IN_CSV
连接器，互连器件 > 重载连接器 > 重型连接器框架,,529,,ONLY_IN_WEBSITE
连接器，互连器件 > 重载连接器 > 重型连接器配件,,3450,,ONLY_IN_WEBSITE
连接器，互连器件 > 香蕉和尖头连接器 > 接线柱,,355,,ONLY_IN_WEBSITE
连接器，互连器件 > 香蕉和尖头连接器 > 插孔，插头,,1800,,ONLY_IN_WEBSITE
防静电、ESD、无尘室产品 > 无尘室棉签和刷子,,306,,ONLY_IN_WEBSITE
防静电、ESD、无尘室产品 > 监测仪，测试仪,,400,,ONLY_IN_WEBSITE
防静电、ESD、无尘室产品 > 静电控制套件,327,,,ONLY_IN_CSV
隔离器 > 光耦合器，光隔离器 > 逻辑输出光隔离器,,2529,,ONLY_IN_WEBSITE
隔离器 > 数字隔离器,,5695,,ONLY_IN_WEBSITE
隔离器 > 隔离器 - 栅极驱动器,,4343,,ONLY_IN_WEBSITE
集成电路（IC） > 存储器 > 控制器,,267,,ONLY_IN_WEBSITE
集成电路（IC） > 存储器 > 电池,,3,,ONLY_IN_WEBSITE
集成电路（IC） > 嵌入式 > DSP（数字信号处理器）,,2943,,ONLY_IN_WEBSITE
集成电路（IC） > 嵌入式 > PLD（可编程逻辑器件）,,900,,ONLY_IN_WEBSITE
集成电路（IC） > 嵌入式 > 单片机,,78753,,ONLY_IN_WEBSITE
集成电路（IC） > 嵌入式 > 单片机，微处理器，FPGA 模块,,1111,,ONLY_IN_WEBSITE
集成电路（IC） > 嵌入式 > 应用特定单片机,,1880,,ONLY_IN_WEBSITE
集成电路（IC） > 嵌入式 > 微处理器,,7823,,ONLY_IN_WEBSITE
集成电路（IC） > 接口 > 模块,,120,,ONLY_IN_WEBSITE
集成电路（IC） > 接口 > 模拟开关，多路复用器，解复用器,,9915,,ONLY_IN_WEBSITE
集成电路（IC） > 接口 > 滤波器 - 有源,,953,,ONLY_IN_WEBSITE
集成电路（IC） > 接口 > 编解码器,,1413,,ONLY_IN_WEBSITE
集成电路（IC） > 数据采集 > 数字电位计,,4264,,ONLY_IN_WEBSITE
集成电路（IC） > 数据采集 > 模数转换器（ADC）,,13071,,ONLY_IN_WEBSITE
集成电路（IC） > 时钟/定时 > 延迟线,,648,,ONLY_IN_WEBSITE
集成电路（IC） > 时钟/定时 > 时钟发生器，PLL，频率合成器,,9876,,ONLY_IN_WEBSITE
集成电路（IC） > 电源管理（PMIC） > AC DC 转换器，离线转换开关,,4405,,ONLY_IN_WEBSITE
集成电路（IC） > 电源管理（PMIC） > DC DC 开关控制器,,10643,,ONLY_IN_WEBSITE
集成电路（IC） > 电源管理（PMIC） > LED 驱动器,,6662,,ONLY_IN_WEBSITE
集成电路（IC） > 电源管理（PMIC） > PFC（功率因数校正）,,1028,,ONLY_IN_WEBSITE
集成电路（IC） > 电源管理（PMIC） > 以太网供电（PoE）控制器,,758,,ONLY_IN_WEBSITE
集成电路（IC） > 电源管理（PMIC） > 显示驱动器,,1118,,ONLY_IN_WEBSITE
集成电路（IC） > 电源管理（PMIC） > 栅极驱动器,,6275,,ONLY_IN_WEBSITE
集成电路（IC） > 电源管理（PMIC） > 激光驱动器,,345,,ONLY_IN_WEBSITE
集成电路（IC） > 电源管理（PMIC） > 特殊用途稳压器,,4458,,ONLY_IN_WEBSITE
集成电路（IC） > 电源管理（PMIC） > 电压基准,,8381,,ONLY_IN_WEBSITE
集成电路（IC） > 电源管理（PMIC） > 电机驱动器，控制器,,4814,,ONLY_IN_WEBSITE
集成电路（IC） > 电源管理（PMIC） > 电池管理,,4611,,ONLY_IN_WEBSITE
集成电路（IC） > 电源管理（PMIC） > 电源控制器，监视器,,1886,,ONLY_IN_WEBSITE
集成电路（IC） > 电源管理（PMIC） > 电源管理 - 专用,,6730,,ONLY_IN_WEBSITE
集成电路（IC） > 电源管理（PMIC） > 电能计量,,457,,ONLY_IN_WEBSITE
集成电路（IC） > 线性 > 放大器,,37462,,ONLY_IN_WEBSITE
集成电路（IC） > 线性 > 放大器 > 视频放大器和模块,1382,,,ONLY_IN_CSV
集成电路（IC） > 线性 > 放大器 > 音频放大器,73,,,ONLY_IN_CSV
集成电路（IC） > 线性 > 模拟乘法器、除法器,,151,,ONLY_IN_WEBSITE
集成电路（IC） > 逻辑 > 计数器，除法器,,2668,,ONLY_IN_WEBSITE
集成电路（IC） > 逻辑 > 转换器，电平移位器,,2728,,ONLY_IN_WEBSITE
集成电路（IC） > 逻辑 > 锁存器,,2993,,ONLY_IN_WEBSITE
集成电路（IC） > 集成电路（IC）套件,68,,,ONLY_IN_CSV
集成电路（IC） > 音频专用,,1311,,ONLY_IN_WEBSITE
音频产品 > 放大器,,11,,ONLY_IN_WEBSITE
音频产品 > 蜂鸣器元件，压电弯曲器,,259,,ONLY_IN_WEBSITE
风扇，风机，热管理 > 热器件 > 热导管，均热板,,1337,,ONLY_IN_WEBSITE
风扇，风机，热管理 > 风扇 > 防护网、滤网和套管,,984,,ONLY_IN_WEBSITE
风扇，风机，热管理 > 风扇 > 风扇线缆,,250,,ONLY_IN_WEBSITE
风扇，风机，热管理 > 风扇 > 风扇配件,,507,,ONLY_IN_WEBSITE
