brand_id_std,name,brand_zh,brand_en,abbr,source,related_words,collision
9001825,McGill Microwave Systems,,McGill Microwave Systems,,manual_extra_semi,MCGILL MICROWAVE SYSTEMS,
9001826,SOURCE,,SOURCE,,manual_extra_semi,SOURCE,
9001827,Leader Tech Inc.,,Leader Tech Inc.,,manual_extra_semi,LEADER TECH INC.,1443490701063852043:jp_brand
9001828,Vox Power Ltd.,,Vox Power Ltd.,,manual_extra_semi,VOX POWER LTD.,
9001829,"Gedore Tools, Inc.",,"Gedore Tools, Inc.",,manual_extra_semi,"GEDORE TOOLS, INC.",
9001830,Apex Tool Group,,Apex Tool Group,,manual_extra_semi,APEX TOOL GROUP,
9001831,GAPTEC Electronic,,GAPTEC Electronic,,manual_extra_semi,GAPTEC ELECTRONIC,
9001832,EMCORE,,EMCORE,,manual_extra_semi,EMCORE,
9001842,CDI-DIODE,,CDI-DIODE,,manual_extra_semi_b2,CDI-DIODE,
9001843,FCI-CONNECTOR,,FCI-CONNECTOR,,manual_extra_semi_b2,FCI-CONNECTOR,
9001844,MicroPower Direct,,MicroPower Direct,,manual_extra_semi_b2,MICROPOWER DIRECT,
9001845,Mallory Sonalert Products Inc.,,Mallory Sonalert Products Inc.,,manual_extra_semi_b2,MALLORY SONALERT PRODUCTS INC.,
9001846,Wakefield Thermal Solutions,,Wakefield Thermal Solutions,,manual_extra_semi_b2,WAKEFIELD THERMAL SOLUTIONS,
9001847,NMB Technologies Corporation,,NMB Technologies Corporation,,manual_extra_semi_b2,NMB TECHNOLOGIES CORPORATION,
9001848,"Magnetics, a division of Spang & Co.",,"Magnetics, a division of Spang & Co.",,manual_extra_semi_b2,"MAGNETICS, A DIVISION OF SPANG & CO.",
9001849,TECCOR,,TECCOR,,manual_extra_semi_b2,TECCOR,
9001850,t-Global Technology,,t-Global Technology,,manual_extra_semi_b2,T-GLOBAL TECHNOLOGY,
9001851,YAMAICHI,,YAMAICHI,,manual_extra_semi_b2,YAMAICHI,
9001852,Acopian Power Supplies,,Acopian Power Supplies,,manual_extra_semi_b2,ACOPIAN POWER SUPPLIES,
9001853,SEME-LAB,,SEME-LAB,,manual_extra_semi_b2,SEME-LAB,
9001854,Wera Tools NA Inc.,,Wera Tools NA Inc.,,manual_extra_semi_b2,WERA TOOLS NA INC.,
9001855,PEAK,,PEAK,,manual_extra_semi_b2,PEAK,
9001856,WON-TOP,,WON-TOP,,manual_extra_semi_b2,WON-TOP,
9001857,"NBK America, LLC",,"NBK America, LLC",,manual_extra_semi_b2,"NBK AMERICA, LLC",
9001858,Rittal,,Rittal,,manual_extra_semi_b2,RITTAL,
9001859,BCDSEMI,,BCDSEMI,,manual_extra_semi_b2,BCDSEMI,
9001860,Cal Test Electronics,,Cal Test Electronics,,manual_extra_semi_b2,CAL TEST ELECTRONICS,
9001861,Pomona Electronics,,Pomona Electronics,,manual_extra_semi_b2,POMONA ELECTRONICS,9001300:manual_extra
9001862,Mechatronics Fan Group,,Mechatronics Fan Group,,manual_extra_semi_b2,MECHATRONICS FAN GROUP,
9001863,"Murrplastik Systems, Inc.",,"Murrplastik Systems, Inc.",,manual_extra_semi_b2,"MURRPLASTIK SYSTEMS, INC.",
9001864,AEROFLEX,,AEROFLEX,,manual_extra_semi_b2,AEROFLEX,
9001865,CRYSTEKMICROWAVE,,CRYSTEKMICROWAVE,,manual_extra_semi_b2,CRYSTEKMICROWAVE,
9001866,MOSAIC,,MOSAIC,,manual_extra_semi_b2,MOSAIC,
9001867,SYNSEMI,,SYNSEMI,,manual_extra_semi_b2,SYNSEMI,
9001868,Daburn Electronics,,Daburn Electronics,,manual_extra_semi_b2,DABURN ELECTRONICS,
9001869,QIMONDA,,QIMONDA,,manual_extra_semi_b2,QIMONDA,
9001870,EON,,EON,,manual_extra_semi_b2,EON,
9001871,Transforming Technologies,,Transforming Technologies,,manual_extra_semi_b2,TRANSFORMING TECHNOLOGIES,
9001872,"Navitas Semiconductor, Inc.",,"Navitas Semiconductor, Inc.",,manual_extra_semi_b2,"NAVITAS SEMICONDUCTOR, INC.",
9001873,Tark Thermal Solutions,,Tark Thermal Solutions,,manual_extra_semi_b2,TARK THERMAL SOLUTIONS,
9001874,Visual Communications Company - VCC,,Visual Communications Company - VCC,,manual_extra_semi_b2,VISUAL COMMUNICATIONS COMPANY - VCC,
9001875,Knipex Tools LP,,Knipex Tools LP,,manual_extra_semi_b2,KNIPEX TOOLS LP,
9001876,O.C. White Co.,,O.C. White Co.,,manual_extra_semi_b2,O.C. WHITE CO.,
9001877,MDE Semiconductor Inc,,MDE Semiconductor Inc,,manual_extra_semi_b2,MDE SEMICONDUCTOR INC,
9001878,"Altran Magnetics, LLC",,"Altran Magnetics, LLC",,manual_extra_semi_b2,"ALTRAN MAGNETICS, LLC",
9001879,ElectronAix,,ElectronAix,,manual_extra_semi_b2,ELECTRONAIX,
9001880,Integra Enclosures,,Integra Enclosures,,manual_extra_semi_b2,INTEGRA ENCLOSURES,
9001881,NEL,,NEL,,manual_extra_semi_b2,NEL,
9001882,Masach Tech Ltd.,,Masach Tech Ltd.,,manual_extra_semi_b2,MASACH TECH LTD.,
9001883,MDE,,MDE,,manual_extra_semi_b2,MDE,9001877:manual_extra_semi_b2
9001884,GULFSEMI,,GULFSEMI,,manual_extra_semi_b2,GULFSEMI,
9001885,AMCC,,AMCC,,manual_extra_semi_b2,AMCC,
9001886,EDI,,EDI,,manual_extra_semi_b2,EDI,
9001887,Cicoil,,Cicoil,,manual_extra_semi_b2,CICOIL,
9001888,P-DUKE Technology,,P-DUKE Technology,,manual_extra_semi_b2,P-DUKE TECHNOLOGY,9001347:manual_extra
9001889,Visaton GmbH & Co. KG,,Visaton GmbH & Co. KG,,manual_extra_semi_b2,VISATON GMBH & CO. KG,
9001890,Aven Tools,,Aven Tools,,manual_extra_semi_b2,AVEN TOOLS,
9001891,PCE Instruments,,PCE Instruments,,manual_extra_semi_b2,PCE INSTRUMENTS,
9001892,New Energy,,New Energy,,manual_extra_semi_b2,NEW ENERGY,
9001893,"Shiu Li Technology Co., Ltd.",,"Shiu Li Technology Co., Ltd.",,manual_extra_semi_b2,"SHIU LI TECHNOLOGY CO., LTD.",
9001894,BL Galaxy Electrical,,BL Galaxy Electrical,,manual_extra_semi_b2,BL GALAXY ELECTRICAL,
9001895,"Holy Stone Enterprise Co., Ltd.",,"Holy Stone Enterprise Co., Ltd.",,manual_extra_semi_b2,"HOLY STONE ENTERPRISE CO., LTD.",
9001896,Pimoroni Ltd,,Pimoroni Ltd,,manual_extra_semi_b2,PIMORONI LTD,
9001897,American Opto Plus LED,,American Opto Plus LED,,manual_extra_semi_b2,AMERICAN OPTO PLUS LED,
9001898,"Rennsteig Tools, Inc.",,"Rennsteig Tools, Inc.",,manual_extra_semi_b2,"RENNSTEIG TOOLS, INC.",
9001899,TOTAL-POWER,,TOTAL-POWER,,manual_extra_semi_b2,TOTAL-POWER,
9001900,Jensen Global Inc.,,Jensen Global Inc.,,manual_extra_semi_b2,JENSEN GLOBAL INC.,
9001901,ChromeLED,,ChromeLED,,manual_extra_semi_b2,CHROMELED,
9001902,DATAFORTH,,DATAFORTH,,manual_extra_semi_b2,DATAFORTH,
9001903,2J Antennas,,2J Antennas,,manual_extra_semi_b2,2J ANTENNAS,
9001904,"Tri-Mag, LLC",,"Tri-Mag, LLC",,manual_extra_semi_b2,"TRI-MAG, LLC",
9001905,INTERFET,,INTERFET,,manual_extra_semi_b2,INTERFET,
9001906,"M5Stack Technology Co., Ltd.",,"M5Stack Technology Co., Ltd.",,manual_extra_semi_b2,"M5STACK TECHNOLOGY CO., LTD.",
9001907,Zaber Technologies,,Zaber Technologies,,manual_extra_semi_b2,ZABER TECHNOLOGIES,
9001908,P-TEC,,P-TEC,,manual_extra_semi_b2,P-TEC,
9001909,CHENG-YI,,CHENG-YI,,manual_extra_semi_b2,CHENG-YI,
9001910,CTS Thermal Management Products,,CTS Thermal Management Products,,manual_extra_semi_b2,CTS THERMAL MANAGEMENT PRODUCTS,
9001911,DCCOM,,DCCOM,,manual_extra_semi_b2,DCCOM,
9001912,Teledyne FLIR Commercial Systems,,Teledyne FLIR Commercial Systems,,manual_extra_semi_b2,TELEDYNE FLIR COMMERCIAL SYSTEMS,
9001913,"ERP Power, LLC",,"ERP Power, LLC",,manual_extra_semi_b2,"ERP POWER, LLC",
9001914,Excelta Corporation,,Excelta Corporation,,manual_extra_semi_b2,EXCELTA CORPORATION,
9001915,PREDIP,,PREDIP,,manual_extra_semi_b2,PREDIP,
9001916,Aces Connectors,,Aces Connectors,,manual_extra_semi_b2,ACES CONNECTORS,
9001917,Eclipse Magnetics Ltd,,Eclipse Magnetics Ltd,,manual_extra_semi_b2,ECLIPSE MAGNETICS LTD,
9001918,COMSET,,COMSET,,manual_extra_semi_b2,COMSET,
9001919,"R-K Electronics, Inc.",,"R-K Electronics, Inc.",,manual_extra_semi_b2,"R-K ELECTRONICS, INC.",
9001920,DAICO,,DAICO,,manual_extra_semi_b2,DAICO,
9001921,Intematix Corporation,,Intematix Corporation,,manual_extra_semi_b2,INTEMATIX CORPORATION,
9001922,Tycon Systems Inc.,,Tycon Systems Inc.,,manual_extra_semi_b2,TYCON SYSTEMS INC.,
9001923,Ferrite International,,Ferrite International,,manual_extra_semi_b2,FERRITE INTERNATIONAL,
9001924,Multi-Tech Systems Inc.,,Multi-Tech Systems Inc.,,manual_extra_semi_b2,MULTI-TECH SYSTEMS INC.,
9001925,Selec Controls USA Inc.,,Selec Controls USA Inc.,,manual_extra_semi_b2,SELEC CONTROLS USA INC.,
9001926,"Marlow Industries, Inc.",,"Marlow Industries, Inc.",,manual_extra_semi_b2,"MARLOW INDUSTRIES, INC.",
9001927,SYNC-POWER,,SYNC-POWER,,manual_extra_semi_b2,SYNC-POWER,
9001928,"Aearo Technologies LLC, a 3M company",,"Aearo Technologies LLC, a 3M company",,manual_extra_semi_b2,"AEARO TECHNOLOGIES LLC, A 3M COMPANY",
9001929,Anatech Electronics Inc.,,Anatech Electronics Inc.,,manual_extra_semi_b2,ANATECH ELECTRONICS INC.,
9001930,SRA Soldering Products,,SRA Soldering Products,,manual_extra_semi_b2,SRA SOLDERING PRODUCTS,
9001931,Excel Blades,,Excel Blades,,manual_extra_semi_b2,EXCEL BLADES,
9001932,Advanced Fiber Resources,,Advanced Fiber Resources,,manual_extra_semi_b2,ADVANCED FIBER RESOURCES,
9001933,FEIG Electronic,,FEIG Electronic,,manual_extra_semi_b2,FEIG ELECTRONIC,
9001934,FreeWave Technologies,,FreeWave Technologies,,manual_extra_semi_b2,FREEWAVE TECHNOLOGIES,
9001935,"VIITOR SEMICONDUCTOR CO., LTD",,"VIITOR SEMICONDUCTOR CO., LTD",,manual_extra_semi_b2,"VIITOR SEMICONDUCTOR CO., LTD",
9001936,"TTM Technologies, Inc.",,"TTM Technologies, Inc.",,manual_extra_semi_b2,"TTM TECHNOLOGIES, INC.",
9001937,Swanstrom Tools USA,,Swanstrom Tools USA,,manual_extra_semi_b2,SWANSTROM TOOLS USA,
9001938,"Linear Integrated Systems, Inc.",,"Linear Integrated Systems, Inc.",,manual_extra_semi_b2,"LINEAR INTEGRATED SYSTEMS, INC.",
9001939,VOLGEN,,VOLGEN,,manual_extra_semi_b2,VOLGEN,
9001940,PIC GmbH,,PIC GmbH,,manual_extra_semi_b2,PIC GMBH,
9001941,Kester Solder,,Kester Solder,,manual_extra_semi_b2,KESTER SOLDER,
9001942,"Excel Cell Electronic Co., Ltd.",,"Excel Cell Electronic Co., Ltd.",,manual_extra_semi_b2,"EXCEL CELL ELECTRONIC CO., LTD.",1970678272223023105:jp_brand
9001943,Soldered Electronics,,Soldered Electronics,,manual_extra_semi_b2,SOLDERED ELECTRONICS,
9001944,Benedict GmbH,,Benedict GmbH,,manual_extra_semi_b2,BENEDICT GMBH,
9001945,ELKO EP North America,,ELKO EP North America,,manual_extra_semi_b2,ELKO EP NORTH AMERICA,
9001946,Nemco,,Nemco,,manual_extra_semi_b2,NEMCO,
9001947,Ruffy Controls Inc.,,Ruffy Controls Inc.,,manual_extra_semi_b2,RUFFY CONTROLS INC.,
9001948,Picker Components,,Picker Components,,manual_extra_semi_b2,PICKER COMPONENTS,9001571:manual_extra
9001949,Hatch Lighting,,Hatch Lighting,,manual_extra_semi_b2,HATCH LIGHTING,
9001950,Oslo Switch,,Oslo Switch,,manual_extra_semi_b2,OSLO SWITCH,
9001951,FSP Technology Inc.,,FSP Technology Inc.,,manual_extra_semi_b2,FSP TECHNOLOGY INC.,
9001952,Volgen + Furuno,,Volgen + Furuno,,manual_extra_semi_b2,VOLGEN + FURUNO,
9001953,ADVANCEDPHOTONIX,,ADVANCEDPHOTONIX,,manual_extra_semi_b2,ADVANCEDPHOTONIX,
9001954,Industrial Fiber Optics,,Industrial Fiber Optics,,manual_extra_semi_b2,INDUSTRIAL FIBER OPTICS,
9001955,JKL Components Corp.,,JKL Components Corp.,,manual_extra_semi_b2,JKL COMPONENTS CORP.,
9001956,ATC-Diversified Electronics,,ATC-Diversified Electronics,,manual_extra_semi_b2,ATC-DIVERSIFIED ELECTRONICS,
9001957,Joymax Electronics,,Joymax Electronics,,manual_extra_semi_b2,JOYMAX ELECTRONICS,
9001958,LUCKY-LIGHT,,LUCKY-LIGHT,,manual_extra_semi_b2,LUCKY-LIGHT,1443490695082774536:jp_brand
9001959,Coolgear,,Coolgear,,manual_extra_semi_b2,COOLGEAR,
9001960,Lilliput Electronics,,Lilliput Electronics,,manual_extra_semi_b2,LILLIPUT ELECTRONICS,
9001961,Antenova,,Antenova,,manual_extra_semi_b2,ANTENOVA,
9001962,Formerica Optoelectronics Inc.,,Formerica Optoelectronics Inc.,,manual_extra_semi_b2,FORMERICA OPTOELECTRONICS INC.,
9001963,IMPALA,,IMPALA,,manual_extra_semi_b2,IMPALA,
9001964,Elna America,,Elna America,,manual_extra_semi_b2,ELNA AMERICA,
9001965,"Tri-Star Industries, Inc.",,"Tri-Star Industries, Inc.",,manual_extra_semi_b2,"TRI-STAR INDUSTRIES, INC.",
9001966,Roth Elektronik,,Roth Elektronik,,manual_extra_semi_b2,ROTH ELEKTRONIK,
9001967,Helukabel USA,,Helukabel USA,,manual_extra_semi_b2,HELUKABEL USA,
9001968,Mechanical Products,,Mechanical Products,,manual_extra_semi_b2,MECHANICAL PRODUCTS,
9001969,JC Antenna,,JC Antenna,,manual_extra_semi_b2,JC ANTENNA,
9001970,"FLIR Integrated Imaging Solutions, Inc.",,"FLIR Integrated Imaging Solutions, Inc.",,manual_extra_semi_b2,"FLIR INTEGRATED IMAGING SOLUTIONS, INC.",
9001971,"GHI Electronics, LLC",,"GHI Electronics, LLC",,manual_extra_semi_b2,"GHI ELECTRONICS, LLC",
9001972,Industrial Shields,,Industrial Shields,,manual_extra_semi_b2,INDUSTRIAL SHIELDS,
9001973,Chip Shine / CSRF,,Chip Shine / CSRF,,manual_extra_semi_b2,CHIP SHINE / CSRF,
9001974,Twin Industries,,Twin Industries,,manual_extra_semi_b2,TWIN INDUSTRIES,
9001975,The Antenna Company,,The Antenna Company,,manual_extra_semi_b2,THE ANTENNA COMPANY,
9001976,TinyCircuits,,TinyCircuits,,manual_extra_semi_b2,TINYCIRCUITS,
9001977,"HVM Technology, Inc.",,"HVM Technology, Inc.",,manual_extra_semi_b2,"HVM TECHNOLOGY, INC.",
9001978,ARCH Electronics Corp,,ARCH Electronics Corp,,manual_extra_semi_b2,ARCH ELECTRONICS CORP,
9001979,Global Specialties,,Global Specialties,,manual_extra_semi_b2,GLOBAL SPECIALTIES,
9001980,CHINASEMI,,CHINASEMI,,manual_extra_semi_b2,CHINASEMI,
9001981,EM Microelectronic,,EM Microelectronic,,manual_extra_semi_b2,EM MICROELECTRONIC,
9001982,Avondale Innovative Products LLC,,Avondale Innovative Products LLC,,manual_extra_semi_b2,AVONDALE INNOVATIVE PRODUCTS LLC,
9001983,BusBoard Prototype Systems,,BusBoard Prototype Systems,,manual_extra_semi_b2,BUSBOARD PROTOTYPE SYSTEMS,
9001984,Bantam Tools,,Bantam Tools,,manual_extra_semi_b2,BANTAM TOOLS,
9001985,Plazmo Industries,,Plazmo Industries,,manual_extra_semi_b2,PLAZMO INDUSTRIES,
9001986,Gaia Converter,,Gaia Converter,,manual_extra_semi_b2,GAIA CONVERTER,
9001987,Taica North America Corporation,,Taica North America Corporation,,manual_extra_semi_b2,TAICA NORTH AMERICA CORPORATION,
9001988,Modular Cable Assemblies,,Modular Cable Assemblies,,manual_extra_semi_b2,MODULAR CABLE ASSEMBLIES,
9001989,Prosperity Dielectrics Co. Ltd,,Prosperity Dielectrics Co. Ltd,,manual_extra_semi_b2,PROSPERITY DIELECTRICS CO. LTD,
9001990,TT Electronics/Power Partners Inc.,,TT Electronics/Power Partners Inc.,,manual_extra_semi_b2,TT ELECTRONICS/POWER PARTNERS INC.,
9001991,HY Electronic,,HY Electronic,,manual_extra_semi_b2,HY ELECTRONIC,1443490693702848513:jp_brand
9001992,Suzhou Maswell Communication Technology Co. Ltd,,Suzhou Maswell Communication Technology Co. Ltd,,manual_extra_semi_b2,SUZHOU MASWELL COMMUNICATION TECHNOLOGY CO. LTD,
9001993,Songtian Electronic Technology,,Songtian Electronic Technology,,manual_extra_semi_b2,SONGTIAN ELECTRONIC TECHNOLOGY,
9001994,Auer Signal,,Auer Signal,,manual_extra_semi_b2,AUER SIGNAL,
9001995,Verotronic Technologies Pte Ltd.,,Verotronic Technologies Pte Ltd.,,manual_extra_semi_b2,VEROTRONIC TECHNOLOGIES PTE LTD.,
9001996,Malico Inc.,,Malico Inc.,,manual_extra_semi_b2,MALICO INC.,
9001997,ATOP Technologies,,ATOP Technologies,,manual_extra_semi_b2,ATOP TECHNOLOGIES,
9001998,"FDK America, Inc.",,"FDK America, Inc.",,manual_extra_semi_b2,"FDK AMERICA, INC.",
9001999,Segger Microcontroller Systems,,Segger Microcontroller Systems,,manual_extra_semi_b2,SEGGER MICROCONTROLLER SYSTEMS,
9002000,Indium Corporation of America,,Indium Corporation of America,,manual_extra_semi_b2,INDIUM CORPORATION OF AMERICA,
9002001,SB Components Ltd,,SB Components Ltd,,manual_extra_semi_b2,SB COMPONENTS LTD,
9002002,SCHUNK Intec Inc.,,SCHUNK Intec Inc.,,manual_extra_semi_b2,SCHUNK INTEC INC.,
9002003,Unictron Technologies Corporation,,Unictron Technologies Corporation,,manual_extra_semi_b2,UNICTRON TECHNOLOGIES CORPORATION,
9002004,Yenyo Technology,,Yenyo Technology,,manual_extra_semi_b2,YENYO TECHNOLOGY,
9002005,GLF Integrated Power,,GLF Integrated Power,,manual_extra_semi_b2,GLF INTEGRATED POWER,
9002006,Inventus Power,,Inventus Power,,manual_extra_semi_b2,INVENTUS POWER,
9002007,Telit Cinterion,,Telit Cinterion,,manual_extra_semi_b2,TELIT CINTERION,
9002008,AMEC Thermasol,,AMEC Thermasol,,manual_extra_semi_b2,AMEC THERMASOL,
9002009,Challenge Electronics,,Challenge Electronics,,manual_extra_semi_b2,CHALLENGE ELECTRONICS,
9002010,SEMIPOWER,,SEMIPOWER,,manual_extra_semi_b2,SEMIPOWER,
9002011,EXCELICS,,EXCELICS,,manual_extra_semi_b2,EXCELICS,
9002012,MED,,MED,,manual_extra_semi_b2,MED,
9002013,Advanced Photonix,,Advanced Photonix,,manual_extra_semi_b2,ADVANCED PHOTONIX,9001953:manual_extra_semi_b2
9002014,Pro-face,,Pro-face,,manual_extra_semi_b2,PRO-FACE,
9002015,Noren Thermal Solutions,,Noren Thermal Solutions,,manual_extra_semi_b2,NOREN THERMAL SOLUTIONS,
9002016,Numato Lab,,Numato Lab,,manual_extra_semi_b2,NUMATO LAB,
9002017,Gelid Solutions LLC,,Gelid Solutions LLC,,manual_extra_semi_b2,GELID SOLUTIONS LLC,
9002018,Magic Power,,Magic Power,,manual_extra_semi_b2,MAGIC POWER,
9002019,Fabco-Air Inc.,,Fabco-Air Inc.,,manual_extra_semi_b2,FABCO-AIR INC.,
9002020,Ideal Power Ltd.,,Ideal Power Ltd.,,manual_extra_semi_b2,IDEAL POWER LTD.,
9002021,MDTIC,,MDTIC,,manual_extra_semi_b2,MDTIC,
9002022,OSA,,OSA,,manual_extra_semi_b2,OSA,
9002023,Pelonis Technologies,,Pelonis Technologies,,manual_extra_semi_b2,PELONIS TECHNOLOGIES,
9002024,Spectra Symbol,,Spectra Symbol,,manual_extra_semi_b2,SPECTRA SYMBOL,
9002025,CalRamic Technologies LLC,,CalRamic Technologies LLC,,manual_extra_semi_b2,CALRAMIC TECHNOLOGIES LLC,
9002026,Analog Power Inc.,,Analog Power Inc.,,manual_extra_semi_b2,ANALOG POWER INC.,
9002027,"Toward Technologies, Inc.",,"Toward Technologies, Inc.",,manual_extra_semi_b2,"TOWARD TECHNOLOGIES, INC.",
9002028,Penchem Technologies Sdn Bhd,,Penchem Technologies Sdn Bhd,,manual_extra_semi_b2,PENCHEM TECHNOLOGIES SDN BHD,
9002029,RadioControlli,,RadioControlli,,manual_extra_semi_b2,RADIOCONTROLLI,
9002030,"XSSY Optoelectronics Co.,Ltd.",,"XSSY Optoelectronics Co.,Ltd.",,manual_extra_semi_b2,"XSSY OPTOELECTRONICS CO.,LTD.",
9002031,Judco Manufacturing Inc.,,Judco Manufacturing Inc.,,manual_extra_semi_b2,JUDCO MANUFACTURING INC.,
9002032,Mechatronics Bearing Group,,Mechatronics Bearing Group,,manual_extra_semi_b2,MECHATRONICS BEARING GROUP,
9002033,RADIOMETRIX,,RADIOMETRIX,,manual_extra_semi_b2,RADIOMETRIX,
9002034,Sanan Power Semiconductor,,Sanan Power Semiconductor,,manual_extra_semi_b2,SANAN POWER SEMICONDUCTOR,
9002035,SAMES,,SAMES,,manual_extra_semi_b2,SAMES,
9002036,ADSANTEC,,ADSANTEC,,manual_extra_semi_b2,ADSANTEC,
9002037,Equinox Technologies,,Equinox Technologies,,manual_extra_semi_b2,EQUINOX TECHNOLOGIES,
9002038,NUVOTEM TALEMA,,NUVOTEM TALEMA,,manual_extra_semi_b2,NUVOTEM TALEMA,
9002039,"Radial Magnets, Inc.",,"Radial Magnets, Inc.",,manual_extra_semi_b2,"RADIAL MAGNETS, INC.",
9002040,BFirst Industrial,,BFirst Industrial,,manual_extra_semi_b2,BFIRST INDUSTRIAL,
9002041,Basler Inc.,,Basler Inc.,,manual_extra_semi_b2,BASLER INC.,
9002042,Future Designs Inc.,,Future Designs Inc.,,manual_extra_semi_b2,FUTURE DESIGNS INC.,
9002043,MGCHIP,,MGCHIP,,manual_extra_semi_b2,MGCHIP,
9002044,Snaptron,,Snaptron,,manual_extra_semi_b2,SNAPTRON,
9002045,Softlog Systems,,Softlog Systems,,manual_extra_semi_b2,SOFTLOG SYSTEMS,
9002046,Actuonix Motion Devices Inc,,Actuonix Motion Devices Inc,,manual_extra_semi_b2,ACTUONIX MOTION DEVICES INC,
9002047,"Acute Technology, Inc.",,"Acute Technology, Inc.",,manual_extra_semi_b2,"ACUTE TECHNOLOGY, INC.",
9002048,Diamond Systems,,Diamond Systems,,manual_extra_semi_b2,DIAMOND SYSTEMS,
9002049,Digital Six Labs,,Digital Six Labs,,manual_extra_semi_b2,DIGITAL SIX LABS,
9002050,IAR Systems Software Inc.,,IAR Systems Software Inc.,,manual_extra_semi_b2,IAR SYSTEMS SOFTWARE INC.,
9002051,Artekit Labs,,Artekit Labs,,manual_extra_semi_b2,ARTEKIT LABS,
9002052,fastSiC,,fastSiC,,manual_extra_semi_b2,FASTSIC,
9002053,Owon Technology Lilliput Electronics,,Owon Technology Lilliput Electronics,,manual_extra_semi_b2,OWON TECHNOLOGY LILLIPUT ELECTRONICS,
9002054,"Shenzhen ADTEK Technology Co., Ltd",,"Shenzhen ADTEK Technology Co., Ltd",,manual_extra_semi_b2,"SHENZHEN ADTEK TECHNOLOGY CO., LTD",
9002055,Sper Scientific,,Sper Scientific,,manual_extra_semi_b2,SPER SCIENTIFIC,
9002056,GWINSTEK,,GWINSTEK,,manual_extra_semi_b2,GWINSTEK,
9002057,INTERPION,,INTERPION,,manual_extra_semi_b2,INTERPION,
9002058,Sfera Labs,,Sfera Labs,,manual_extra_semi_b2,SFERA LABS,
9002059,BeRex Inc,,BeRex Inc,,manual_extra_semi_b2,BEREX INC,9000117:digikey_extra
9002060,Digital View Inc.,,Digital View Inc.,,manual_extra_semi_b2,DIGITAL VIEW INC.,
9002061,Interlink Electronics,,Interlink Electronics,,manual_extra_semi_b2,INTERLINK ELECTRONICS,
9002062,Kunbus GmbH,,Kunbus GmbH,,manual_extra_semi_b2,KUNBUS GMBH,
9002063,Khatod North America LLC,,Khatod North America LLC,,manual_extra_semi_b2,KHATOD NORTH AMERICA LLC,
9002064,Maswell Communication Tech.,,Maswell Communication Tech.,,manual_extra_semi_b2,MASWELL COMMUNICATION TECH.,
9002065,Techflex,,Techflex,,manual_extra_semi_b2,TECHFLEX,
9002066,ICHAUS,,ICHAUS,,manual_extra_semi_b2,ICHAUS,1443490696252985354:jp_brand
9002067,PicoLAS GmbH,,PicoLAS GmbH,,manual_extra_semi_b2,PICOLAS GMBH,
9002068,Storm Interface,,Storm Interface,,manual_extra_semi_b2,STORM INTERFACE,
9002069,DB Products,,DB Products,,manual_extra_semi_b2,DB PRODUCTS,
9002070,EXCELSEMI,,EXCELSEMI,,manual_extra_semi_b2,EXCELSEMI,
9002071,YS Tech USA,,YS Tech USA,,manual_extra_semi_b2,YS TECH USA,
9002072,AIC tech Inc.,,AIC tech Inc.,,manual_extra_semi_b2,AIC TECH INC.,1443490696974405636:jp_brand
9002073,AK-Nord GmbH,,AK-Nord GmbH,,manual_extra_semi_b2,AK-NORD GMBH,
9002074,Applied Kilovolts Ltd.,,Applied Kilovolts Ltd.,,manual_extra_semi_b2,APPLIED KILOVOLTS LTD.,
9002075,Eccel Technology Limited,,Eccel Technology Limited,,manual_extra_semi_b2,ECCEL TECHNOLOGY LIMITED,
9002076,Finecables,,Finecables,,manual_extra_semi_b2,FINECABLES,
9002077,Camemake,,Camemake,,manual_extra_semi_b2,CAMEMAKE,
9002078,Peak Electronic Design Limited,,Peak Electronic Design Limited,,manual_extra_semi_b2,PEAK ELECTRONIC DESIGN LIMITED,
9002079,Reed Semiconductor Corp.,,Reed Semiconductor Corp.,,manual_extra_semi_b2,REED SEMICONDUCTOR CORP.,
9002080,TAEJIN,,TAEJIN,,manual_extra_semi_b2,TAEJIN,
9002081,Component Basics,,Component Basics,,manual_extra_semi_b2,COMPONENT BASICS,
9002082,Lin Engineering,,Lin Engineering,,manual_extra_semi_b2,LIN ENGINEERING,
9002083,SITRONIX,,SITRONIX,,manual_extra_semi_b2,SITRONIX,
9002084,US Electronics Inc.,,US Electronics Inc.,,manual_extra_semi_b2,US ELECTRONICS INC.,
9002085,Lighting Science Group Corporation,,Lighting Science Group Corporation,,manual_extra_semi_b2,LIGHTING SCIENCE GROUP CORPORATION,
9002086,EMO Systems Inc,,EMO Systems Inc,,manual_extra_semi_b2,EMO SYSTEMS INC,
9002087,Inventek Systems,,Inventek Systems,,manual_extra_semi_b2,INVENTEK SYSTEMS,
9002088,"Maanshan New Conda Magnetic Industrial Co.,Ltd.",,"Maanshan New Conda Magnetic Industrial Co.,Ltd.",,manual_extra_semi_b2,"MAANSHAN NEW CONDA MAGNETIC INDUSTRIAL CO.,LTD.",
9002089,Opto Diode Corp,,Opto Diode Corp,,manual_extra_semi_b2,OPTO DIODE CORP,
9002090,Red Pitaya d.d.,,Red Pitaya d.d.,,manual_extra_semi_b2,RED PITAYA D.D.,
9002091,Sprague-Goodman,,Sprague-Goodman,,manual_extra_semi_b2,SPRAGUE-GOODMAN,
9002092,USound GmbH,,USound GmbH,,manual_extra_semi_b2,USOUND GMBH,
9002093,American Technical Ceramics,,American Technical Ceramics,,manual_extra_semi_b2,AMERICAN TECHNICAL CERAMICS,
9002094,"Amstat Industries, Inc.",,"Amstat Industries, Inc.",,manual_extra_semi_b2,"AMSTAT INDUSTRIES, INC.",
9002095,JM Concept,,JM Concept,,manual_extra_semi_b2,JM CONCEPT,
9002096,Linear Systems,,Linear Systems,,manual_extra_semi_b2,LINEAR SYSTEMS,
9002097,Unified-E,,Unified-E,,manual_extra_semi_b2,UNIFIED-E,
9002098,Ziitek Technology,,Ziitek Technology,,manual_extra_semi_b2,ZIITEK TECHNOLOGY,
9002099,Insignis Technology Corporation,,Insignis Technology Corporation,,manual_extra_semi_b2,INSIGNIS TECHNOLOGY CORPORATION,
9002100,Tag-Connect LLC,,Tag-Connect LLC,,manual_extra_semi_b2,TAG-CONNECT LLC,
9002101,"ThingMagic, a JADAK brand",,"ThingMagic, a JADAK brand",,manual_extra_semi_b2,"THINGMAGIC, A JADAK BRAND",
9002102,UKB Electronics Ltd,,UKB Electronics Ltd,,manual_extra_semi_b2,UKB ELECTRONICS LTD,
9002103,Copper Mountain Technologies,,Copper Mountain Technologies,,manual_extra_semi_b2,COPPER MOUNTAIN TECHNOLOGIES,
9002104,Enclustra FPGA Solutions,,Enclustra FPGA Solutions,,manual_extra_semi_b2,ENCLUSTRA FPGA SOLUTIONS,
9002105,Watterott Electronic GmbH,,Watterott Electronic GmbH,,manual_extra_semi_b2,WATTEROTT ELECTRONIC GMBH,
9002106,DACO Semiconductor,,DACO Semiconductor,,manual_extra_semi_b2,DACO SEMICONDUCTOR,
9002107,Dycotec Materials Ltd,,Dycotec Materials Ltd,,manual_extra_semi_b2,DYCOTEC MATERIALS LTD,
9002108,Practical Instrument Electronics,,Practical Instrument Electronics,,manual_extra_semi_b2,PRACTICAL INSTRUMENT ELECTRONICS,
9002109,Thermoelectric Conversion Systems Ltd,,Thermoelectric Conversion Systems Ltd,,manual_extra_semi_b2,THERMOELECTRIC CONVERSION SYSTEMS LTD,
9002110,Amulet Technologies LLC,,Amulet Technologies LLC,,manual_extra_semi_b2,AMULET TECHNOLOGIES LLC,
9002111,emcfixSHOP,,emcfixSHOP,,manual_extra_semi_b2,EMCFIXSHOP,
9002112,Meerstetter,,Meerstetter,,manual_extra_semi_b2,MEERSTETTER,
9002113,Power Sonic Corporation,,Power Sonic Corporation,,manual_extra_semi_b2,POWER SONIC CORPORATION,
9002114,Acconeer AB,,Acconeer AB,,manual_extra_semi_b2,ACCONEER AB,
9002115,Crystal IS,,Crystal IS,,manual_extra_semi_b2,CRYSTAL IS,
9002116,"HEADWAY TRADING CO., LTD.",,"HEADWAY TRADING CO., LTD.",,manual_extra_semi_b2,"HEADWAY TRADING CO., LTD.",
9002117,Radiocrafts AS,,Radiocrafts AS,,manual_extra_semi_b2,RADIOCRAFTS AS,
9002118,Rubis Tech,,Rubis Tech,,manual_extra_semi_b2,RUBIS TECH,
9002119,AideTek,,AideTek,,manual_extra_semi_b2,AIDETEK,
9002120,Beanair Sensors,,Beanair Sensors,,manual_extra_semi_b2,BEANAIR SENSORS,
9002121,"ITECH ELECTRONIC CO.,LTD.",,"ITECH ELECTRONIC CO.,LTD.",,manual_extra_semi_b2,"ITECH ELECTRONIC CO.,LTD.",
9002122,PRIMO COMPANY LIMITED,,PRIMO COMPANY LIMITED,,manual_extra_semi_b2,PRIMO COMPANY LIMITED,
9002123,Boyd Woburn,,Boyd Woburn,,manual_extra_semi_b2,BOYD WOBURN,
9002124,LIMITLESS SHIELDING LIMITED,,LIMITLESS SHIELDING LIMITED,,manual_extra_semi_b2,LIMITLESS SHIELDING LIMITED,
9002125,Smarts Electronic & Technology,,Smarts Electronic & Technology,,manual_extra_semi_b2,SMARTS ELECTRONIC & TECHNOLOGY,
9002126,System-On-Chip,,System-On-Chip,,manual_extra_semi_b2,SYSTEM-ON-CHIP,
9002127,Atom Adhesives,,Atom Adhesives,,manual_extra_semi_b2,ATOM ADHESIVES,
9002128,FRIWO Gerätebau GmbH,,FRIWO Gerätebau GmbH,,manual_extra_semi_b2,FRIWO GERÄTEBAU GMBH,
9002129,MECHATRONICS,,MECHATRONICS,,manual_extra_semi_b2,MECHATRONICS,
9002130,Silanna Semiconductor,,Silanna Semiconductor,,manual_extra_semi_b2,SILANNA SEMICONDUCTOR,
9002131,"Duracell Industrial Operations, Inc.",,"Duracell Industrial Operations, Inc.",,manual_extra_semi_b2,"DURACELL INDUSTRIAL OPERATIONS, INC.",
9002132,Fanstel Corp.,,Fanstel Corp.,,manual_extra_semi_b2,FANSTEL CORP.,
9002133,IET,,IET,,manual_extra_semi_b2,IET,
9002134,Quatech-Division of B&B Electronics,,Quatech-Division of B&B Electronics,,manual_extra_semi_b2,QUATECH-DIVISION OF B&B ELECTRONICS,
9002135,TTM Technologies Trading,,TTM Technologies Trading,,manual_extra_semi_b2,TTM TECHNOLOGIES TRADING,
9002136,Upside Down Labs,,Upside Down Labs,,manual_extra_semi_b2,UPSIDE DOWN LABS,
9002137,"ACCES I/O Products, Inc.",,"ACCES I/O Products, Inc.",,manual_extra_semi_b2,"ACCES I/O PRODUCTS, INC.",
9002138,IRI,,IRI,,manual_extra_semi_b2,IRI,
9002139,"Particle Industries, Inc.",,"Particle Industries, Inc.",,manual_extra_semi_b2,"PARTICLE INDUSTRIES, INC.",
9002140,"Performance Motion Devices, Inc.",,"Performance Motion Devices, Inc.",,manual_extra_semi_b2,"PERFORMANCE MOTION DEVICES, INC.",
9002141,Steinel America,,Steinel America,,manual_extra_semi_b2,STEINEL AMERICA,
9002142,Anatech Microwave Company,,Anatech Microwave Company,,manual_extra_semi_b2,ANATECH MICROWAVE COMPANY,
9002143,"AnDAPT, Inc.",,"AnDAPT, Inc.",,manual_extra_semi_b2,"ANDAPT, INC.",
9002144,Camelion,,Camelion,,manual_extra_semi_b2,CAMELION,
9002145,Connective Peripherals Pte Ltd,,Connective Peripherals Pte Ltd,,manual_extra_semi_b2,CONNECTIVE PERIPHERALS PTE LTD,
9002146,E2IP Technologies Inc.,,E2IP Technologies Inc.,,manual_extra_semi_b2,E2IP TECHNOLOGIES INC.,
9002147,Flexco Microwave,,Flexco Microwave,,manual_extra_semi_b2,FLEXCO MICROWAVE,
9002148,Mobile Mark Antenna Solutions,,Mobile Mark Antenna Solutions,,manual_extra_semi_b2,MOBILE MARK ANTENNA SOLUTIONS,
9002149,Patco Electronics,,Patco Electronics,,manual_extra_semi_b2,PATCO ELECTRONICS,
9002150,Pi-Top,,Pi-Top,,manual_extra_semi_b2,PI-TOP,
9002151,Superxon,,Superxon,,manual_extra_semi_b2,SUPERXON,
9002152,Vesper Technologies Inc.,,Vesper Technologies Inc.,,manual_extra_semi_b2,VESPER TECHNOLOGIES INC.,
9002153,"Alorium Technology, LLC",,"Alorium Technology, LLC",,manual_extra_semi_b2,"ALORIUM TECHNOLOGY, LLC",
9002154,Computer Components Inc,,Computer Components Inc,,manual_extra_semi_b2,COMPUTER COMPONENTS INC,
9002155,"Image Quality Labs, Inc.",,"Image Quality Labs, Inc.",,manual_extra_semi_b2,"IMAGE QUALITY LABS, INC.",
9002156,"Matrix Industries, Inc.",,"Matrix Industries, Inc.",,manual_extra_semi_b2,"MATRIX INDUSTRIES, INC.",
9002157,"NexAIoT CO., LTD.",,"NexAIoT CO., LTD.",,manual_extra_semi_b2,"NEXAIOT CO., LTD.",
9002158,Taoglas - Public Safety,,Taoglas - Public Safety,,manual_extra_semi_b2,TAOGLAS - PUBLIC SAFETY,
9002159,CH Products,,CH Products,,manual_extra_semi_b2,CH PRODUCTS,
9002160,"Dioo Microcircuits Co., Ltd.",,"Dioo Microcircuits Co., Ltd.",,manual_extra_semi_b2,"DIOO MICROCIRCUITS CO., LTD.",
9002161,GE Aerospace,,GE Aerospace,,manual_extra_semi_b2,GE AEROSPACE,
9002162,"Shenzhen Feasycom Co., LTD",,"Shenzhen Feasycom Co., LTD",,manual_extra_semi_b2,"SHENZHEN FEASYCOM CO., LTD",
9002163,CoreHW Semiconductor Ltd,,CoreHW Semiconductor Ltd,,manual_extra_semi_b2,COREHW SEMICONDUCTOR LTD,
9002164,Cytron Technologies Sdn Bhd,,Cytron Technologies Sdn Bhd,,manual_extra_semi_b2,CYTRON TECHNOLOGIES SDN BHD,
9002165,I.O. Interconnect,,I.O. Interconnect,,manual_extra_semi_b2,I.O. INTERCONNECT,
9002166,IAM Electronic,,IAM Electronic,,manual_extra_semi_b2,IAM ELECTRONIC,
9002167,RPM Systems Corp,,RPM Systems Corp,,manual_extra_semi_b2,RPM SYSTEMS CORP,
9002168,SEQUENT MICROSYSTEMS,,SEQUENT MICROSYSTEMS,,manual_extra_semi_b2,SEQUENT MICROSYSTEMS,
9002169,"Top Shelf Acoustics, LLC",,"Top Shelf Acoustics, LLC",,manual_extra_semi_b2,"TOP SHELF ACOUSTICS, LLC",
9002170,TPK America LLC,,TPK America LLC,,manual_extra_semi_b2,TPK AMERICA LLC,
9002171,Union Semiconductor International Limited,,Union Semiconductor International Limited,,manual_extra_semi_b2,UNION SEMICONDUCTOR INTERNATIONAL LIMITED,
9002172,"Astera Labs, Inc.",,"Astera Labs, Inc.",,manual_extra_semi_b2,"ASTERA LABS, INC.",
9002173,"Menlo Microsystems, Inc",,"Menlo Microsystems, Inc",,manual_extra_semi_b2,"MENLO MICROSYSTEMS, INC",
9002174,Perle Systems,,Perle Systems,,manual_extra_semi_b2,PERLE SYSTEMS,
9002175,Saiko Systems Ltd.,,Saiko Systems Ltd.,,manual_extra_semi_b2,SAIKO SYSTEMS LTD.,
9002176,3-5 Power Electronics GmbH,,3-5 Power Electronics GmbH,,manual_extra_semi_b2,3-5 POWER ELECTRONICS GMBH,
9002177,Aufmaster,,Aufmaster,,manual_extra_semi_b2,AUFMASTER,
9002178,"BiPOM Electronics, Inc.",,"BiPOM Electronics, Inc.",,manual_extra_semi_b2,"BIPOM ELECTRONICS, INC.",
9002179,Dresden Elektronik,,Dresden Elektronik,,manual_extra_semi_b2,DRESDEN ELEKTRONIK,
9002180,EBconnections,,EBconnections,,manual_extra_semi_b2,EBCONNECTIONS,
9002181,FERYSTER,,FERYSTER,,manual_extra_semi_b2,FERYSTER,
9002182,"New Scale Technologies, Inc.",,"New Scale Technologies, Inc.",,manual_extra_semi_b2,"NEW SCALE TECHNOLOGIES, INC.",
9002183,Sanyu Switch,,Sanyu Switch,,manual_extra_semi_b2,SANYU SWITCH,
9002184,Xiamen Hualian Electronics Corp. Ltd.,,Xiamen Hualian Electronics Corp. Ltd.,,manual_extra_semi_b2,XIAMEN HUALIAN ELECTRONICS CORP. LTD.,
9002185,ZEUS Battery Products,,ZEUS Battery Products,,manual_extra_semi_b2,ZEUS BATTERY PRODUCTS,
9002186,Antenom Antenna Technologies,,Antenom Antenna Technologies,,manual_extra_semi_b2,ANTENOM ANTENNA TECHNOLOGIES,
9002187,BECOM Systems GmbH,,BECOM Systems GmbH,,manual_extra_semi_b2,BECOM SYSTEMS GMBH,
9002188,CTi Sensors,,CTi Sensors,,manual_extra_semi_b2,CTI SENSORS,
9002189,CTMICRO,,CTMICRO,,manual_extra_semi_b2,CTMICRO,1452560759132073986:jp_brand
9002190,Deepwave Digital,,Deepwave Digital,,manual_extra_semi_b2,DEEPWAVE DIGITAL,
9002191,Kyoto Semiconductor,,Kyoto Semiconductor,,manual_extra_semi_b2,KYOTO SEMICONDUCTOR,
9002192,Lotus Microsystems,,Lotus Microsystems,,manual_extra_semi_b2,LOTUS MICROSYSTEMS,
9002193,Quest Manufacturing Co.,,Quest Manufacturing Co.,,manual_extra_semi_b2,QUEST MANUFACTURING CO.,
9002194,ABCO,,ABCO,,manual_extra_semi_b2,ABCO,
9002195,Adamczewski Elektronische Messtechnik GmbH,,Adamczewski Elektronische Messtechnik GmbH,,manual_extra_semi_b2,ADAMCZEWSKI ELEKTRONISCHE MESSTECHNIK GMBH,
9002196,ANALOGPOWER,,ANALOGPOWER,,manual_extra_semi_b2,ANALOGPOWER,9002026:manual_extra_semi_b2
9002197,GroundStudio,,GroundStudio,,manual_extra_semi_b2,GROUNDSTUDIO,
9002198,Hirst Magnetic Instruments Ltd,,Hirst Magnetic Instruments Ltd,,manual_extra_semi_b2,HIRST MAGNETIC INSTRUMENTS LTD,
9002199,Hoei America Inc.,,Hoei America Inc.,,manual_extra_semi_b2,HOEI AMERICA INC.,
9002200,iDTRONIC,,iDTRONIC,,manual_extra_semi_b2,IDTRONIC,
9002201,KSM Electronics Inc.,,KSM Electronics Inc.,,manual_extra_semi_b2,KSM ELECTRONICS INC.,
9002202,Lindy International,,Lindy International,,manual_extra_semi_b2,LINDY INTERNATIONAL,
9002203,Okika Devices,,Okika Devices,,manual_extra_semi_b2,OKIKA DEVICES,
9002204,Seek Thermal,,Seek Thermal,,manual_extra_semi_b2,SEEK THERMAL,
9002205,Silver Fox,,Silver Fox,,manual_extra_semi_b2,SILVER FOX,
9002206,Boreas Technologies,,Boreas Technologies,,manual_extra_semi_b2,BOREAS TECHNOLOGIES,
9002207,California Micro Devices,,California Micro Devices,,manual_extra_semi_b2,CALIFORNIA MICRO DEVICES,
9002208,Cambridge GaN Devices,,Cambridge GaN Devices,,manual_extra_semi_b2,CAMBRIDGE GAN DEVICES,
9002209,Circuitco Electronics LLC,,Circuitco Electronics LLC,,manual_extra_semi_b2,CIRCUITCO ELECTRONICS LLC,
9002210,DigiKey/Cree,,DigiKey/Cree,,manual_extra_semi_b2,DIGIKEY/CREE,
9002211,"Kennedy Labs, a division of Hub Incorporated",,"Kennedy Labs, a division of Hub Incorporated",,manual_extra_semi_b2,"KENNEDY LABS, A DIVISION OF HUB INCORPORATED",
9002212,Kilo International,,Kilo International,,manual_extra_semi_b2,KILO INTERNATIONAL,
9002213,Quest Semi,,Quest Semi,,manual_extra_semi_b2,QUEST SEMI,
9002214,RFbeam Microwave GmbH,,RFbeam Microwave GmbH,,manual_extra_semi_b2,RFBEAM MICROWAVE GMBH,
9002215,UEi Test Instruments,,UEi Test Instruments,,manual_extra_semi_b2,UEI TEST INSTRUMENTS,
9002216,ARDUSIMPLE,,ARDUSIMPLE,,manual_extra_semi_b2,ARDUSIMPLE,
9002217,"CEVA Technologies, Inc.",,"CEVA Technologies, Inc.",,manual_extra_semi_b2,"CEVA TECHNOLOGIES, INC.",1443490696185876484:jp_brand
9002218,"Control Products, Inc.",,"Control Products, Inc.",,manual_extra_semi_b2,"CONTROL PRODUCTS, INC.",
9002219,Electro Terminal GmbH & Co KG,,Electro Terminal GmbH & Co KG,,manual_extra_semi_b2,ELECTRO TERMINAL GMBH & CO KG,
9002220,"Leapers Semiconductor Co.,Ltd",,"Leapers Semiconductor Co.,Ltd",,manual_extra_semi_b2,"LEAPERS SEMICONDUCTOR CO.,LTD",
9002221,Mixtile Limited,,Mixtile Limited,,manual_extra_semi_b2,MIXTILE LIMITED,
9002222,Pokit Innovations,,Pokit Innovations,,manual_extra_semi_b2,POKIT INNOVATIONS,
9002223,POWER-SONIC,,POWER-SONIC,,manual_extra_semi_b2,POWER-SONIC,9002113:manual_extra_semi_b2
9002224,Siborg Systems Inc.,,Siborg Systems Inc.,,manual_extra_semi_b2,SIBORG SYSTEMS INC.,
9002225,Sivers Semiconductor,,Sivers Semiconductor,,manual_extra_semi_b2,SIVERS SEMICONDUCTOR,
9002226,TESSERA TECHNOLOGY,,TESSERA TECHNOLOGY,,manual_extra_semi_b2,TESSERA TECHNOLOGY,
9002227,ABB Electrification,,ABB Electrification,,manual_extra_semi_b2,ABB ELECTRIFICATION,
9002228,ACT,,ACT,,manual_extra_semi_b2,ACT,
9002229,American High Voltage,,American High Voltage,,manual_extra_semi_b2,AMERICAN HIGH VOLTAGE,
9002230,Artaflex Inc.,,Artaflex Inc.,,manual_extra_semi_b2,ARTAFLEX INC.,
9002231,ElectronicMaster,,ElectronicMaster,,manual_extra_semi_b2,ELECTRONICMASTER,
9002232,ETS Alliance,,ETS Alliance,,manual_extra_semi_b2,ETS ALLIANCE,
9002233,Hacksmith Tools,,Hacksmith Tools,,manual_extra_semi_b2,HACKSMITH TOOLS,
9002234,"Helium Systems, Inc.",,"Helium Systems, Inc.",,manual_extra_semi_b2,"HELIUM SYSTEMS, INC.",
9002235,Jorjin Technologies Inc.,,Jorjin Technologies Inc.,,manual_extra_semi_b2,JORJIN TECHNOLOGIES INC.,
9002236,Lime Microsystems Ltd,,Lime Microsystems Ltd,,manual_extra_semi_b2,LIME MICROSYSTEMS LTD,
9002237,Macraigor Systems LLC,,Macraigor Systems LLC,,manual_extra_semi_b2,MACRAIGOR SYSTEMS LLC,
9002238,PicoBricks,,PicoBricks,,manual_extra_semi_b2,PICOBRICKS,
9002239,"Powerland Technology, Inc.",,"Powerland Technology, Inc.",,manual_extra_semi_b2,"POWERLAND TECHNOLOGY, INC.",
9002240,ReVibe Energy AB,,ReVibe Energy AB,,manual_extra_semi_b2,REVIBE ENERGY AB,
9002241,"SOSHIN ELECTRIC CO., LTD.",,"SOSHIN ELECTRIC CO., LTD.",,manual_extra_semi_b2,"SOSHIN ELECTRIC CO., LTD.",
9002242,SPARK Microsystems International Inc.,,SPARK Microsystems International Inc.,,manual_extra_semi_b2,SPARK MICROSYSTEMS INTERNATIONAL INC.,
9002243,Synaptics,,Synaptics,,manual_extra_semi_b2,SYNAPTICS,
9002244,TE Intercontec,,TE Intercontec,,manual_extra_semi_b2,TE INTERCONTEC,
9002245,Thinxtra Solutions Limited,,Thinxtra Solutions Limited,,manual_extra_semi_b2,THINXTRA SOLUTIONS LIMITED,
9002246,Able Systems Ltd,,Able Systems Ltd,,manual_extra_semi_b2,ABLE SYSTEMS LTD,
9002247,American P.C.B Company,,American P.C.B Company,,manual_extra_semi_b2,AMERICAN P.C.B COMPANY,
9002248,Catalyst Semiconductor Inc.,,Catalyst Semiconductor Inc.,,manual_extra_semi_b2,CATALYST SEMICONDUCTOR INC.,9001270:manual_extra
9002249,Cologne Chip,,Cologne Chip,,manual_extra_semi_b2,COLOGNE CHIP,
9002250,"Desco Industries, Inc, ESDSystems",,"Desco Industries, Inc, ESDSystems",,manual_extra_semi_b2,"DESCO INDUSTRIES, INC, ESDSYSTEMS",
9002251,Diamond Technologies Inc.,,Diamond Technologies Inc.,,manual_extra_semi_b2,DIAMOND TECHNOLOGIES INC.,
9002252,Electric Imp Inc.,,Electric Imp Inc.,,manual_extra_semi_b2,ELECTRIC IMP INC.,
9002253,EMA Design Automation,,EMA Design Automation,,manual_extra_semi_b2,EMA DESIGN AUTOMATION,
9002254,FIDELIX,,FIDELIX,,manual_extra_semi_b2,FIDELIX,
9002255,FlexiForce,,FlexiForce,,manual_extra_semi_b2,FLEXIFORCE,
9002256,Fremont Micro Devices Ltd,,Fremont Micro Devices Ltd,,manual_extra_semi_b2,FREMONT MICRO DEVICES LTD,
9002257,Fresnel Factory Inc.,,Fresnel Factory Inc.,,manual_extra_semi_b2,FRESNEL FACTORY INC.,
9002258,"Gi Far technology Co., Ltd",,"Gi Far technology Co., Ltd",,manual_extra_semi_b2,"GI FAR TECHNOLOGY CO., LTD",
9002259,HDP Power,,HDP Power,,manual_extra_semi_b2,HDP POWER,
9002260,Helix Semiconductors,,Helix Semiconductors,,manual_extra_semi_b2,HELIX SEMICONDUCTORS,1443490695665782785:jp_brand
9002261,"Initial State Technologies, Inc.",,"Initial State Technologies, Inc.",,manual_extra_semi_b2,"INITIAL STATE TECHNOLOGIES, INC.",
9002262,"KAGA FEI AMERICA, INC.",,"KAGA FEI AMERICA, INC.",,manual_extra_semi_b2,"KAGA FEI AMERICA, INC.",
9002263,Karakamlar Aerospace,,Karakamlar Aerospace,,manual_extra_semi_b2,KARAKAMLAR AEROSPACE,
9002264,Mide Technology Corporation,,Mide Technology Corporation,,manual_extra_semi_b2,MIDE TECHNOLOGY CORPORATION,
9002265,Octavo Systems LLC,,Octavo Systems LLC,,manual_extra_semi_b2,OCTAVO SYSTEMS LLC,
9002266,Pocket VNA,,Pocket VNA,,manual_extra_semi_b2,POCKET VNA,
9002267,"TAW ELECTRONICS, INC",,"TAW ELECTRONICS, INC",,manual_extra_semi_b2,"TAW ELECTRONICS, INC",
9002268,"Winmate Communications US, Inc.",,"Winmate Communications US, Inc.",,manual_extra_semi_b2,"WINMATE COMMUNICATIONS US, INC.",
9002269,Wise-Integration,,Wise-Integration,,manual_extra_semi_b2,WISE-INTEGRATION,
9002270,Adapteva Inc.,,Adapteva Inc.,,manual_extra_semi_b2,ADAPTEVA INC.,
9002271,Advance IR,,Advance IR,,manual_extra_semi_b2,ADVANCE IR,
9002272,Alicat Scientific,,Alicat Scientific,,manual_extra_semi_b2,ALICAT SCIENTIFIC,
9002273,Alliance Sensors Group,,Alliance Sensors Group,,manual_extra_semi_b2,ALLIANCE SENSORS GROUP,
9002274,"American Recorder Technologies, Inc.",,"American Recorder Technologies, Inc.",,manual_extra_semi_b2,"AMERICAN RECORDER TECHNOLOGIES, INC.",
9002275,"Antimatter Research, Inc.",,"Antimatter Research, Inc.",,manual_extra_semi_b2,"ANTIMATTER RESEARCH, INC.",
9002276,BeagleBoard,,BeagleBoard,,manual_extra_semi_b2,BEAGLEBOARD,
9002277,"Bend Labs, Inc.",,"Bend Labs, Inc.",,manual_extra_semi_b2,"BEND LABS, INC.",
9002278,Brainchip,,Brainchip,,manual_extra_semi_b2,BRAINCHIP,
9002279,Bynav Technology,,Bynav Technology,,manual_extra_semi_b2,BYNAV TECHNOLOGY,
9002280,BYNET TESTING SYSTEMS,,BYNET TESTING SYSTEMS,,manual_extra_semi_b2,BYNET TESTING SYSTEMS,
9002281,BYTe Semiconductor,,BYTe Semiconductor,,manual_extra_semi_b2,BYTE SEMICONDUCTOR,
9002282,Canaan Semiconductor Pty Ltd,,Canaan Semiconductor Pty Ltd,,manual_extra_semi_b2,CANAAN SEMICONDUCTOR PTY LTD,
9002283,Centron Technology Inc.,,Centron Technology Inc.,,manual_extra_semi_b2,CENTRON TECHNOLOGY INC.,
9002284,Compass Instruments,,Compass Instruments,,manual_extra_semi_b2,COMPASS INSTRUMENTS,
9002285,DEEPX,,DEEPX,,manual_extra_semi_b2,DEEPX,
9002286,DigiKey Evaluation Boards,,DigiKey Evaluation Boards,,manual_extra_semi_b2,DIGIKEY EVALUATION BOARDS,
9002287,Dow-Key Microwave Corporation,,Dow-Key Microwave Corporation,,manual_extra_semi_b2,DOW-KEY MICROWAVE CORPORATION,
9002288,Electroverge,,Electroverge,,manual_extra_semi_b2,ELECTROVERGE,
9002289,"Endeavor Consulting Group, LLC",,"Endeavor Consulting Group, LLC",,manual_extra_semi_b2,"ENDEAVOR CONSULTING GROUP, LLC",
9002290,Energy Re-Connect Ltd.,,Energy Re-Connect Ltd.,,manual_extra_semi_b2,ENERGY RE-CONNECT LTD.,
9002291,enmo Technologies,,enmo Technologies,,manual_extra_semi_b2,ENMO TECHNOLOGIES,
9002292,Fibox GmbH,,Fibox GmbH,,manual_extra_semi_b2,FIBOX GMBH,
9002293,Ham Radio Workbench Podcast,,Ham Radio Workbench Podcast,,manual_extra_semi_b2,HAM RADIO WORKBENCH PODCAST,
9002294,Imagetek Mfg inc,,Imagetek Mfg inc,,manual_extra_semi_b2,IMAGETEK MFG INC,
9002295,Imperix,,Imperix,,manual_extra_semi_b2,IMPERIX,
9002296,Integra Optics,,Integra Optics,,manual_extra_semi_b2,INTEGRA OPTICS,
9002297,Keywave Technology Limited,,Keywave Technology Limited,,manual_extra_semi_b2,KEYWAVE TECHNOLOGY LIMITED,
9002298,LECIP,,LECIP,,manual_extra_semi_b2,LECIP,
9002299,LM Technologies,,LM Technologies,,manual_extra_semi_b2,LM TECHNOLOGIES,
9002300,Mag-LED Solutions,,Mag-LED Solutions,,manual_extra_semi_b2,MAG-LED SOLUTIONS,
9002301,"OptConnect Management, LLC",,"OptConnect Management, LLC",,manual_extra_semi_b2,"OPTCONNECT MANAGEMENT, LLC",
9002302,Piera Systems,,Piera Systems,,manual_extra_semi_b2,PIERA SYSTEMS,
9002303,Plusivo,,Plusivo,,manual_extra_semi_b2,PLUSIVO,
9002304,Point Labs,,Point Labs,,manual_extra_semi_b2,POINT LABS,
9002305,Prodigy Technovations,,Prodigy Technovations,,manual_extra_semi_b2,PRODIGY TECHNOVATIONS,
9002306,RHOPOINT,,RHOPOINT,,manual_extra_semi_b2,RHOPOINT,
9002307,SBG Systems,,SBG Systems,,manual_extra_semi_b2,SBG SYSTEMS,
9002308,Senther Technology,,Senther Technology,,manual_extra_semi_b2,SENTHER TECHNOLOGY,
9002309,SerialGear,,SerialGear,,manual_extra_semi_b2,SERIALGEAR,
9002310,"Shenzhen Creality 3D Technology Co., Ltd",,"Shenzhen Creality 3D Technology Co., Ltd",,manual_extra_semi_b2,"SHENZHEN CREALITY 3D TECHNOLOGY CO., LTD",
9002311,Signatrol Limited,,Signatrol Limited,,manual_extra_semi_b2,SIGNATROL LIMITED,
9002312,Simplex Motion AB,,Simplex Motion AB,,manual_extra_semi_b2,SIMPLEX MOTION AB,
9002313,SRT Microceramique,,SRT Microceramique,,manual_extra_semi_b2,SRT MICROCERAMIQUE,
9002314,Steute,,Steute,,manual_extra_semi_b2,STEUTE,
9002315,"Syndesy Technologies, Inc.",,"Syndesy Technologies, Inc.",,manual_extra_semi_b2,"SYNDESY TECHNOLOGIES, INC.",
9002316,Transcell Technology Inc.,,Transcell Technology Inc.,,manual_extra_semi_b2,TRANSCELL TECHNOLOGY INC.,
9002317,Trustcap,,Trustcap,,manual_extra_semi_b2,TRUSTCAP,
9002318,"Unisonic Technologies Co., Ltd.",,"Unisonic Technologies Co., Ltd.",,manual_extra_semi_b2,"UNISONIC TECHNOLOGIES CO., LTD.",
9002319,UPI,,UPI,,manual_extra_semi_b2,UPI,
9002320,Werbel Microwave LLC,,Werbel Microwave LLC,,manual_extra_semi_b2,WERBEL MICROWAVE LLC,
9002321,Wieland-Werke AG,,Wieland-Werke AG,,manual_extra_semi_b2,WIELAND-WERKE AG,
9002322,"Xaptum, Inc.",,"Xaptum, Inc.",,manual_extra_semi_b2,"XAPTUM, INC.",
9002323,Weidmüller,,Weidmüller,,manual_extra_rem,WEIDMÜLLER,
9002324,DBLECTRO,,DBLECTRO,,manual_extra_rem,DBLECTRO,
9002325,IVO,,IVO,,manual_extra_rem,IVO,
9002326,MAXWELL,,MAXWELL,,manual_extra_rem,MAXWELL,
9002327,CWIND,,CWIND,,manual_extra_rem,CWIND,
9002328,HAMLIN,,HAMLIN,,manual_extra_rem,HAMLIN,
9002329,Aker Technology Corp,,Aker Technology Corp,,manual_extra_rem,AKER TECHNOLOGY CORP,1443490697951678467:jp_brand
9002330,IQD Frequency Products,,IQD Frequency Products,,manual_extra_rem,IQD FREQUENCY PRODUCTS,
9002331,Advanced Linear Devices Inc.,,Advanced Linear Devices Inc.,,manual_extra_rem,ADVANCED LINEAR DEVICES INC.,
9002332,International Rectifier,,International Rectifier,,manual_extra_rem,INTERNATIONAL RECTIFIER,
9002333,Master Appliance Co,,Master Appliance Co,,manual_extra_rem,MASTER APPLIANCE CO,
9002334,Quest Technology International Inc.,,Quest Technology International Inc.,,manual_extra_rem,QUEST TECHNOLOGY INTERNATIONAL INC.,
9002335,euro-block,,euro-block,,manual_extra_rem,EURO-BLOCK,
9002336,Rich Bay,,Rich Bay,,manual_extra_rem,RICH BAY,
9002337,E-tec Interconnect AG,,E-tec Interconnect AG,,manual_extra_rem,E-TEC INTERCONNECT AG,
9002338,TT Electronics/Roxspur Measurement & Control Ltd,,TT Electronics/Roxspur Measurement & Control Ltd,,manual_extra_rem,TT ELECTRONICS/ROXSPUR MEASUREMENT & CONTROL LTD,
9002339,Aker Technology Corp.,,Aker Technology Corp.,,manual_extra_rem,AKER TECHNOLOGY CORP.,1443490697951678467:jp_brand
