brand_id_std,brand_key,target_name,current_hit_id,source_file
9001070,GOLLEDGE,Golledge Electronics,9001837,dim_std_brand_supplement_semi_triage.sql
9000015,CORNELL DUBILIER KNOWLES,Cornell Dubilier-DUBILIER,9000015,dim_std_brand_supplement_semi_triage.sql
1498548520179789825,ULTRAVOLT / ADVANCED ENERGY,Advanced Energy,1498548520179789825,dim_std_brand_supplement_semi_triage.sql
1443490691630862341,EATON TRIPP LITE,伊顿-eaton,9001135,dim_std_brand_supplement_semi_triage.sql
1448110004627087362,ADAM-TECH,ADAM,1448110004627087362,dim_std_brand_supplement_semi_triage.sql
1970701011365343234,TAK_CHEONG,Tak Cheong Electronics Holdings,1970701011365343234,dim_std_brand_supplement_semi_triage.sql
1452553458769829889,ILLINOISCAPACITOR,伊利诺斯-Illinois,1452553458769829889,dim_std_brand_supplement_semi_triage.sql
1443490693056925702,PULSECORE,安森美-ON,1443490693056925702,clock_timing_verify_20260710_was_pulse_dirty
1443490700803805195,SANYO DENKI AMERICA INC.,山洋-SANYO DENKI,1443490700803805195,dim_std_brand_supplement_semi_triage.sql
1443490699323215875,AMPHENOL CONEC,安费诺-Amphenol,1443490699323215875,dim_std_brand_supplement_semi_triage.sql
1443490699323215873,TE CONNECTIVITY CORCOM FILTERS,泰科-TE Connectivity,1443490699323215873,dim_std_brand_supplement_semi_triage.sql
1443490700870914054,SUNON FANS,建准-SUNON,1443490700870914054,dim_std_brand_supplement_semi_triage.sql
1443490699323215875,AMPHENOL PCTEL,安费诺-Amphenol,1443490699323215875,dim_std_brand_supplement_semi_triage.sql
1443490699323215875,AMPHENOL SOCAPEX,安费诺-Amphenol,9001121,dim_std_brand_supplement_semi_triage.sql
1970677915673628674,CML,CML Microcircuits,1970677915673628674,dim_std_brand_supplement_semi_triage.sql
1443490691429535746,KNOWLES DIELECTRIC LABS,楼氏-Knowles,1443490691429535746,dim_std_brand_supplement_semi_triage.sql
1498594237866889217,LAIRD TECHNOLOGIES - THERMAL MATERIALS,Laird,1498594237866889217,dim_std_brand_supplement_semi_triage.sql
9000121,MERCURY,"Mercury Systems, Inc.",9000121,dim_std_brand_supplement_semi_triage.sql
1443490692473917443,YSTONE,Keystone,1443490692473917443,dim_std_brand_supplement_semi_triage.sql
1443490693967089666,SANKEN ELECTRIC USA INC.,三垦-SANKEN,1443490693967089666,dim_std_brand_supplement_semi_triage.sql
1443490691043659780,VISHAY CERA-MITE,威世-VISHAY,1443490691043659780,dim_std_brand_supplement_semi_triage.sql
1443490699323215875,AMPHENOL CABLES ON DEMAND,安费诺-Amphenol,1443490699323215875,dim_std_brand_supplement_semi_triage.sql
1443490699323215873,TE CONNECTIVITY ENTRELEC,泰科-TE Connectivity,1443490699323215873,dim_std_brand_supplement_semi_triage.sql
1443490693899980807,PROTEKTIVE PAK,PROTEK,1443490693899980807,dim_std_brand_supplement_semi_triage.sql
1443490700162076677,ESSENTRA ACCESS SOLUTIONS,益升华-Essentra,1443490700162076677,dim_std_brand_supplement_semi_triage.sql
1443490699776200706,SENSATA-GIGAVAC CLEAN ENERGY,Sensata,1443490699776200706,dim_std_brand_supplement_semi_triage.sql
1443490699323215873,TE CONNECTIVITY ERNI,泰科-TE Connectivity,1443490699323215873,dim_std_brand_supplement_semi_triage.sql
1443490699776200706,SENSATA-BEI ENCODERS,Sensata,1443490699776200706,dim_std_brand_supplement_semi_triage.sql
1443490694566875147,"SILICON MOTION, INC.",台湾矽睿-Silicon,9001115,dim_std_brand_supplement_semi_triage.sql
1452885097387462658,CINCH CONNECTIVITY SOLUTIONS MIDWEST MICROWAVE,CINCH CONNECTIVITY SOLUTIONS,1452885097387462658,dim_std_brand_supplement_semi_triage.sql
1443490693316972551,MITSUBISHI ELECTRIC EUROPE B.V.,三菱-Mitsubishi,1443490693316972551,dim_std_brand_supplement_semi_triage.sql
1443490699323215875,AMPHENOL PROCOM,安费诺-Amphenol,1443490699323215875,dim_std_brand_supplement_semi_triage.sql
1443490691043659780,VISHAY ROEDERSTEIN,威世-VISHAY,1443490691043659780,dim_std_brand_supplement_semi_triage.sql
1498548520179789825,EXCELSYS / ADVANCED ENERGY,Advanced Energy,1498548520179789825,dim_std_brand_supplement_semi_triage.sql
1443490691563753474,CHAMP,全鹏-CHAMPION,1443490691563753474,dim_std_brand_supplement_semi_triage.sql
1443490699520348167,"SUMITOMO ELECTRIC INTERCONNECT PRODUCTS, INC.",住友-SUMITOMO,1443490699520348167,dim_std_brand_supplement_semi_triage.sql
1443490696055853064,KINGSTON TECHNOLOGY,金士顿-Kingston,1443490696055853064,dim_std_brand_supplement_semi_triage.sql
1443490691173683202,EYANG TECHNOLOGY,宇阳科技-EYANG,1443490691173683202,dim_std_brand_supplement_semi_triage.sql
1443490693119840264,HARTLAND CONTROLS/LITTELFUSE,美国力特-Littelfuse,1443490693119840264,dim_std_brand_supplement_semi_triage.sql
1443490699323215878,A-BRIGHT,博瑞泰-BRIGHT,1443490699323215878,dim_std_brand_supplement_semi_triage.sql
1443490693056925705,LGE DIODES,美台-diodes,1443490693056925705,dim_std_brand_supplement_semi_triage.sql
1443490693837066245,MICRONAS,镁光-micron,1443490693837066245,dim_std_brand_supplement_semi_triage.sql
1452885097387462658,CINCH CONNECTIVITY SOLUTIONS AIM-CAMBRIDGE,CINCH CONNECTIVITY SOLUTIONS,1452885097387462658,dim_std_brand_supplement_semi_triage.sql
1443490699776200706,SENSATA-BEI SENSORS,Sensata,1443490699776200706,dim_std_brand_supplement_semi_triage.sql
1443490699323215875,AMPHENOL XMA,安费诺-Amphenol,1443490699323215875,dim_std_brand_supplement_semi_triage.sql
1443490694499766278,MICRONETICS,南京微盟-MICRONE,,dim_std_brand_supplement_semi_triage.sql
1443490693967089670,MITEL,晶讯-Semitel,1443490693967089670,dim_std_brand_supplement_semi_triage.sql
1443490695925829638,"THINE SOLUTIONS, INC.",THine,1443490695925829638,dim_std_brand_supplement_semi_triage.sql
1443490698148810761,SEMICOA,华润矽科-SEMICO,1443490698148810761,dim_std_brand_supplement_semi_triage.sql
1443490691173683207,VIKING TECHNOLOGY,光颉-Viking,9001120,dim_std_brand_supplement_semi_triage.sql
1443490697502887940,UNIONSEMI,英联-Union,1443490697502887940,dim_std_brand_supplement_semi_triage.sql
1498550091584172034,AMPHENOL NARDA-MITEQ,Narda-MITEQ,1498550091584172034,dim_std_brand_supplement_semi_triage.sql
1443490699323215875,AMPHENOL PROLABS,安费诺-Amphenol,9001131,dim_std_brand_supplement_semi_triage.sql
1443490699067363336,RAKWIRELESS TECHNOLOGY LIMITED,启明云端-Wireless-tag,1443490699067363336,dim_std_brand_supplement_semi_triage.sql
1498594237866889217,LAIRD TECHNOLOGIES EMI,Laird,1498594237866889217,dim_std_brand_supplement_semi_triage.sql
1443490699067363336,SIERRA WIRELESS AIRLINK,启明云端-Wireless-tag,1443490699067363336,dim_std_brand_supplement_semi_triage.sql
1443490699776200706,SENSATA - BEI KIMCO,Sensata,1443490699776200706,dim_std_brand_supplement_semi_triage.sql
1443490691173683206,PANASONIC ENERGY,松下-PANASONIC,9001130,dim_std_brand_supplement_semi_triage.sql
9001138,TOUCHSTONE,Touchstone Semiconductor,9001138,dim_std_brand_supplement_semi_triage.sql
1443490699323215877,MOLEX - TEMP FLEX,莫仕-MOLEX,1443490699323215877,dim_std_brand_supplement_semi_triage.sql
1443490699067363336,SYNAPSE WIRELESS,启明云端-Wireless-tag,1443490699067363336,dim_std_brand_supplement_semi_triage.sql
1443490700803805195,SANYO DENKI SANMOTION PRODUCTS,山洋-SANYO DENKI,1443490700803805195,dim_std_brand_supplement_semi_triage.sql
1452885097387462658,CINCH CONNECTIVITY SOLUTIONS SEMFLEX,CINCH CONNECTIVITY SOLUTIONS,1452885097387462658,dim_std_brand_supplement_semi_triage.sql
1443490695535759366,INTELLIGENT MEMORY LTD.,英特尔-Intel,9001123,dim_std_brand_supplement_semi_triage.sql
1443490699323215877,"MOLEX - OPLINK COMMUNICATIONS, LLC",莫仕-MOLEX,1443490699323215877,dim_std_brand_supplement_semi_triage.sql
9000315,SUPERWORLD,Superworld Electronics,9001841,dim_std_brand_supplement_semi_triage.sql
1443490699323215875,AMPHENOL AIRMAR,安费诺-Amphenol,1443490699323215875,dim_std_brand_supplement_semi_triage.sql
1443490693442801671,LITEON POWER,台湾光宝-LITEON,1443490693442801671,dim_std_brand_supplement_semi_triage.sql
9001075,CYMBET,Cymbet Corporation,9001075,dim_std_brand_supplement_semi_triage.sql
1443490698610184199,INNOSENT GMBH,易良盛-Innosen,1443490698610184199,dim_std_brand_supplement_semi_triage.sql
1506523148789489665,IDEA,Ideal-tek,1506523148789489665,dim_std_brand_supplement_semi_triage.sql
9000331,SCHOTT,Schott Corporation,9000331,dim_std_brand_supplement_semi_triage.sql
1443490691362426886,AISHI CAPACITORS,艾华集团-AISHI,1443490691362426886,dim_std_brand_supplement_semi_triage.sql
1443490695149883393,OASIS SCIENTIFIC INC.,李洲-OASIS,1443490695149883393,dim_std_brand_supplement_semi_triage.sql
1452559561737953281,PULS,PULSELARSEN ANTENNAS,1452559561737953281,dim_std_brand_supplement_semi_triage.sql
1443490694566875147,SILICONIMAGE,台湾矽睿-Silicon,1443490694566875147,dim_std_brand_supplement_semi_triage.sql
1443490694566875147,SILICON CRAFT TECHNOLOGY PUBLIC COMPANY LIMITED,台湾矽睿-Silicon,1443490694566875147,dim_std_brand_supplement_semi_triage.sql
1443490699067363336,SIERRA WIRELESS,启明云端-Wireless-tag,1443490699067363336,dim_std_brand_supplement_semi_triage.sql
1443490699964944389,FOXCONN OE TECHNOLOGIES SINGAPORE PTE. LTD,富士康-FOXCONN,1443490699964944389,dim_std_brand_supplement_semi_triage.sql
1443490695925829636,HARP,夏普-SHARP,1443490695925829636,dim_std_brand_supplement_semi_triage.sql
1443490695149883397,ORIENT DISPLAY,奥伦德-Orient,1443490695149883397,dim_std_brand_supplement_semi_triage.sql
1443490691043659778,YAGEO XSEMI,国巨-YAGEO,1443490691043659778,dim_std_brand_supplement_semi_triage.sql
1448857108605636609,RENESAS DESIGN US INC.,瑞萨-Renesas,1448857108605636609,dim_std_brand_supplement_semi_triage.sql
1443490693119840258,"FORMOSA MICROSEMI CO., LTD.",美高森美-Microsemi,1443490693119840258,dim_std_brand_supplement_semi_triage.sql
1443490699776200706,SENSATA-DELTATECH,Sensata,1443490699776200706,dim_std_brand_supplement_semi_triage.sql
1443490691173683206,PANASONIC INDUSTRIAL DEVICES - FBD,松下-PANASONIC,1443490691173683206,dim_std_brand_supplement_semi_triage.sql
1443490699323215875,AMPHENOL THE MODAL SHOP,安费诺-Amphenol,1443490699323215875,dim_std_brand_supplement_semi_triage.sql
1443490699067363336,SIERRA WIRELESS BY TALON,启明云端-Wireless-tag,1443490699067363336,dim_std_brand_supplement_semi_triage.sql
1443490695149883397,"SHENZHEN ORIENT COMPONENTS CO., LTD",奥伦德-Orient,1443490695149883397,dim_std_brand_supplement_semi_triage.sql
1443490699323215875,AMPHENOL MATRIX,安费诺-Amphenol,1443490699323215875,dim_std_brand_supplement_semi_triage.sql
1443490699323215875,AMPHENOL SPECTRA-STRIP,安费诺-Amphenol,1443490699323215875,dim_std_brand_supplement_semi_triage.sql
1443490695149883397,ORIENTAL TECHNOLOGY,奥伦德-Orient,1443490695149883397,dim_std_brand_supplement_semi_triage.sql
1498505769841119234,JAUCH,Jauch Quartz,1498505769841119234,dim_std_brand_supplement_semi_triage.sql
1443490691362426883,"KYOCERA INTERNATIONAL, INC.",京瓷-kyocera,1443490691362426883,dim_std_brand_supplement_semi_triage.sql
1443490693056925699,INFINEON TECHNOLOGIES AMERICAS CORP.,英飞凌-Infineon,1443490693056925699,dim_std_brand_supplement_semi_triage.sql
1443490698547269636,AUDIOWELL INTERNATIONAL LLC,奥迪威-Audiowell,1443490698547269636,dim_std_brand_supplement_semi_triage.sql
1443490695728697347,FREESCALE SEMICONDUCTOR - NXP,飞思卡尔-freescale,1443490695728697347,dim_std_brand_supplement_semi_triage.sql
1448857108605636609,RENESAS ELECTRONICS OPERATIONS SERVICES LIMITED,瑞萨-Renesas,1448857108605636609,dim_std_brand_supplement_semi_triage.sql
1443490697368670213,RUNIC TECHNOLOGY,润石-RUNIC,1443490697368670213,dim_std_brand_supplement_semi_triage.sql
1443490691362426885,SAMWHA CAPACITOR GROUP,三和-SAMWHA,1443490691362426885,dim_std_brand_supplement_semi_triage.sql
1443490691362426883,KYOCERA SLD LASER,京瓷-kyocera,1443490691362426883,dim_std_brand_supplement_semi_triage.sql
1443490695988744197,RIVERDI,大河-RIVER,1443490695988744197,dim_std_brand_supplement_semi_triage.sql
1443490693837066244,PACIFIC MICROCHIP,美国微芯-MICROCHIP,1443490693837066244,dim_std_brand_supplement_semi_triage.sql
1443490696055853058,"THALES VISIONIX - A DIVISION OF THALES DEFENSE & SECURITY, INC.",THALES,1443490696055853058,dim_std_brand_supplement_semi_triage.sql
1443490696055853062,EVERSPIN TECHNOLOGIES INC.,Everspin,1443490696055853062,dim_std_brand_supplement_semi_triage.sql
1443490699323215875,AMPHENOL ROCHESTER SENSORS,安费诺-Amphenol,1443490699323215875,dim_std_brand_supplement_semi_triage.sql
1443490694566875147,INTEL SILICON PHOTONICS,台湾矽睿-Silicon,1443490694566875147,dim_std_brand_supplement_semi_triage.sql
1443490699323215875,AMPHENOL TECHNICAL PRODUCTS INTERNATIONAL,安费诺-Amphenol,1443490699323215875,dim_std_brand_supplement_semi_triage.sql
1443490695535759366,INTELLINET NETWORK SOLUTIONS,英特尔-Intel,1443490695535759366,dim_std_brand_supplement_semi_triage.sql
1443490699323215875,AMPHENOL CANADA CORPORATION - MILITARY AND AEROSPACE,安费诺-Amphenol,1443490699323215875,dim_std_brand_supplement_semi_triage.sql
1443490699067363336,H&D WIRELESS AB,启明云端-Wireless-tag,1443490699067363336,dim_std_brand_supplement_semi_triage.sql
1443490691173683206,PANASONIC ELECTRONIC COMPONENTS - SEMICONDUCTOR PRODUCTS,松下-PANASONIC,1443490691173683206,dim_std_brand_supplement_semi_triage.sql
1443490694566875147,SILICONIX,台湾矽睿-Silicon,1443490694566875147,dim_std_brand_supplement_semi_triage.sql
1443490698677293066,SIGMA DESIGNS INC.,希格玛-SIGMA,1443490698677293066,dim_std_brand_supplement_semi_triage.sql
9001221,AUTONICS,Autonics.,9001221,dim_std_brand_supplement_semi_triage.sql
1443490691429535748,SUMIDA AMERICA INC.,胜美达-Sumida,1443490691429535748,dim_std_brand_supplement_semi_triage.sql
9000320,SUNTSU,Suntsu Electronics,9000320,dim_std_brand_supplement_semi_triage.sql
1443490692536832010,SEMITECH SEMI,石冢-semitec,1443490692536832010,dim_std_brand_supplement_semi_triage.sql
1443490699067363336,SIMCOM WIRELESS SOLUTIONS LIMITED,启明云端-Wireless-tag,1443490699067363336,dim_std_brand_supplement_semi_triage.sql
1443490696185876482,"TRIAD SEMICONDUCTOR, INC.",AD Semiconductor,1443490696185876482,dim_std_brand_supplement_semi_triage.sql
1443490691173683206,PANASONIC - ATG,松下-PANASONIC,1443490691173683206,dim_std_brand_supplement_semi_triage.sql
1443490698417246214,"ETRON TECHNOLOGY, INC.",钰创-ETRON,1443490698417246214,dim_std_brand_supplement_semi_triage.sql
1443490700606672906,QUICKFILTER TECHNOLOGIES LLC,快克-QUICK,1443490700606672906,dim_std_brand_supplement_semi_triage.sql
1443490692343894019,TUSONIX A SUBSIDIARY OF CTS ELECTRONIC COMPONENTS,西迪斯-CTS,1443490692343894019,dim_std_brand_supplement_semi_triage.sql
1443490693577019400,GOOD-ARK SEMICONDUCTOR,固锝-Good-Ark,1443490693577019400,dim_std_brand_supplement_semi_triage.sql
1509778704316825601,YIC,易兆微-YICHIP,1509778704316825601,dim_std_brand_supplement_semi_triage.sql
1443490695858720771,LSI,博通-Broadcom,1443490695858720771,clock_timing_verify_20260710_was_walsin_dirty
1970705906160054273,UMS,Vacuumschmelze,,dim_std_brand_supplement_semi_triage.sql
9000565,ADVANCED THERMAL SOLUTIONS INC.,Advanced Thermal Solutions,9000565,dim_std_brand_supplement_remaining_fast.sql
1443490699323215875,AMPHENOL AIR LB FRANCE,安费诺-Amphenol,1443490699323215875,dim_std_brand_supplement_remaining_fast.sql
1443490699323215875,AMPHENOL AIR LB GERMANY,安费诺-Amphenol,1443490699323215875,dim_std_brand_supplement_remaining_fast.sql
1443490699323215875,AMPHENOL ALDEN PRODUCTS COMPANY,安费诺-Amphenol,1443490699323215875,dim_std_brand_supplement_remaining_fast.sql
1443490699323215875,AMPHENOL AUDIO,安费诺-Amphenol,1443490699323215875,dim_std_brand_supplement_remaining_fast.sql
1443490699323215875,AMPHENOL CDI,安费诺-Amphenol,1443490699323215875,dim_std_brand_supplement_remaining_fast.sql
1443490699323215875,AMPHENOL FIBER SYSTEMS INTERNATIONAL,安费诺-Amphenol,1443490699323215875,dim_std_brand_supplement_remaining_fast.sql
1443490699323215875,AMPHENOL LIMITED,安费诺-Amphenol,1443490699323215875,dim_std_brand_supplement_remaining_fast.sql
1443490699323215875,AMPHENOL NEXUS TECHNOLOGIES,安费诺-Amphenol,1443490699323215875,dim_std_brand_supplement_remaining_fast.sql
1443490699323215875,AMPHENOL ONANON,安费诺-Amphenol,1443490699323215875,dim_std_brand_supplement_remaining_fast.sql
1443490699323215875,AMPHENOL PCD SHENZHEN,安费诺-Amphenol,1443490699323215875,dim_std_brand_supplement_remaining_fast.sql
1443490699323215875,AMPHENOL POSITRONIC,安费诺-Amphenol,1443490699323215875,dim_std_brand_supplement_remaining_fast.sql
1443490699323215875,AMPHENOL TIMES MICROWAVE SYSTEMS,安费诺-Amphenol,1443490699323215875,dim_std_brand_supplement_remaining_fast.sql
1443490699323215875,AMPHENOL WILCOXON SENSING TECHNOLOGIES,安费诺-Amphenol,1443490699323215875,dim_std_brand_supplement_remaining_fast.sql
9001151,WINCHESTER,Winchester Interconnect,9001151,dim_std_brand_supplement_remaining_fast.sql
9000557,"NOSHOK, INC.",NOSHOK,9000557,dim_std_brand_supplement_remaining_fast.sql
1554020063219122178,"AIRBORN, A MOLEX COMPANY",AIRBORN,1554020063219122178,dim_std_brand_supplement_remaining_fast.sql
1443490691630862341,EATON WIRING DEVICES,伊顿-eaton,1443490691630862341,dim_std_brand_supplement_remaining_fast.sql
9001145,LUMBERG,Lumberg Automation,9001145,dim_std_brand_supplement_remaining_fast.sql
9001180,ASSMANN,Assmann WSW Components,9001180,dim_std_brand_supplement_remaining_fast.sql
1443490699964944392,"ANDERSON POWER PRODUCTS, INC.",Anderson Power,1443490699964944392,dim_std_brand_supplement_remaining_fast.sql
9001065,"GEYER ELECTRONIC AMERICA, INC.",Geyer Electronic,9001065,dim_std_brand_supplement_remaining_fast.sql
1443490699386130439,CITIZEN FINEDEVICE CO LTD,Citizen,1443490699386130439,dim_std_brand_supplement_remaining_fast.sql
1443490697037320202,DELTA ELECTRONICS/INDUSTRIAL AUTOMATION,台达-DELTA,1443490697037320202,dim_std_brand_supplement_remaining_fast.sql
9000560,MAKER EMPORIUM LTD,Maker Emporium,9000560,dim_std_brand_supplement_remaining_fast.sql
1443490694885642242,BEL INC.,Bel Fuse,1443490694885642242,dim_std_brand_supplement_remaining_fast.sql
9000112,"ANALOG TECHNOLOGIES, INC.",Analog Technologies,9000112,dim_std_brand_supplement_remaining_fast.sql
9001070,GOLLEDGE ELECTRONICS LTD,Golledge Electronics,9001070,dim_std_brand_supplement_remaining_fast.sql
9001179,TENSILITY,Tensility International Corp,9001179,dim_std_brand_supplement_remaining_fast.sql
9001068,CARDINAL COMPONENTS INC.,Cardinal Components,9001068,dim_std_brand_supplement_remaining_fast.sql
9000607,LANSDALE,Lansdale Semiconductor Inc.,9000607,dim_std_brand_supplement_remaining_fast.sql
9000609,AIMTRON,AIMtron Technology,9000609,dim_std_brand_supplement_remaining_fast.sql
1443490697951678473,"HOSONIC ELECTRONIC CO., LTD",台湾鸿星-HOSONIC,1443490697951678473,dim_std_brand_supplement_remaining_fast.sql
9001069,"TRANSKO ELECTRONICS, INC.",Transko Electronics,9001069,dim_std_brand_supplement_remaining_fast.sql
9001071,HARMONY ELECTRONICS CORP / H.ELE.,Harmony Electronics,9001071,dim_std_brand_supplement_remaining_fast.sql
1447509321808916481,CONNOR WINFIELD,康纳温菲尔德-Connor-Winfield,1447509321808916481,dim_std_brand_supplement_remaining_fast.sql
9001139,"AMBIQ MICRO, INC.",Ambiq Micro,9001139,dim_std_brand_supplement_remaining_fast.sql
1443490700094967814,FCI DEUTSCHLAND GMBH,DEUTSCH,1443490700094967814,dim_std_brand_supplement_remaining_fast.sql
9000611,AVERLOGIC,Averlogic Inc.,9000611,dim_std_brand_supplement_remaining_fast.sql
9000562,STATUS INSTRUMENTS LTD,Status Instruments,9000562,dim_std_brand_supplement_remaining_fast.sql
9001080,"HEFEI JINGWEITE ELECTRONICS CO., LTD.",Hefei Jingweite Electronics,9001080,dim_std_brand_supplement_remaining_fast.sql
9000559,APPLIED MEASUREMENTS LIMITED,Applied Measurements,9000559,dim_std_brand_supplement_remaining_fast.sql
9001074,"SHENZHEN YANGXING TECHNOLOGY CO.,LTD",Yangxing Technology,9001074,dim_std_brand_supplement_remaining_fast.sql
1443490691429535746,KNOWLES INTEGRATED MICROWAVE,楼氏-Knowles,1443490691429535746,dim_std_brand_supplement_remaining_fast.sql
9000332,NEXTGEN COMPONENTS GROUP,NextGen Components,9000332,dim_std_brand_supplement_remaining_fast.sql
9000570,CURTIS INSTRUMENTS INC.,Curtis Instruments,9000570,dim_std_brand_supplement_remaining_fast.sql
9001072,"PLETRONICS, INC",Pletronics,9001072,dim_std_brand_supplement_remaining_fast.sql
9000569,"JUMO PROCESS CONTROL, INC.",JUMO,9000569,dim_std_brand_supplement_remaining_fast.sql
9000572,TRAFAG SENSORS AND CONTROLS,Trafag,9000572,dim_std_brand_supplement_remaining_fast.sql
