key	hits	hit_rate_pct	level	note
字编码数(k)	27699	81.36	P1	源有键/schema无规则或未映射
存储器类型	25447	74.75	P1	源有键/schema无规则或未映射
技术	25164	73.92	P1	源有键/schema无规则或未映射
存储器格式	24972	73.35	P1	源有键/schema无规则或未映射
系列	21922	64.40	P1	源有键/schema无规则或未映射
写周期时间-字，页	17300	50.82	P1	源有键/schema无规则或未映射
封装/尺寸	3713	10.91	P2	源有键/schema无规则或未映射
功能	2782	8.17	P2	源有键/schema无规则或未映射
数据速率	2781	8.17	P2	源有键/schema无规则或未映射
可编程标志支持	2781	8.17	P2	源有键/schema无规则或未映射
中继能力	2781	8.17	P2	源有键/schema无规则或未映射
扩充类型	2781	8.17	P2	源有键/schema无规则或未映射
总线方向	2781	8.17	P2	源有键/schema无规则或未映射
电流-供电(最大值)	2479	7.28	P2	源有键/schema无规则或未映射
FWFT支持	2479	7.28	P2	源有键/schema无规则或未映射
安装类型	1265	3.72	P2	源有键/schema无规则或未映射
最大存取时间(ns）	1006	2.96	P2	源有键/schema无规则或未映射
最小工作温度(℃)	993	2.92	P2	源有键/schema无规则或未映射
最大工作温度(℃)	993	2.92	P2	源有键/schema无规则或未映射
包装	787	2.31	P2	源有键/schema无规则或未映射
类别 	784	2.30	P2	源有键/schema无规则或未映射
存储器容量	672	1.97	P2	源有键/schema无规则或未映射
存储器构架(格式)	671	1.97	P2	源有键/schema无规则或未映射
电压 - 电源	538	1.58	P2	源有键/schema无规则或未映射
工作电压	515	1.51	P2	源有键/schema无规则或未映射
访问时间:	479	1.41	P2	源有键/schema无规则或未映射
系列:	449	1.32	P2	源有键/schema无规则或未映射
存储容量:	443	1.30	P2	源有键/schema无规则或未映射
技术:	438	1.29	P2	源有键/schema无规则或未映射
存储器类型:	436	1.28	P2	源有键/schema无规则或未映射
存储器格式:	436	1.28	P2	源有键/schema无规则或未映射
存储器接口类型	358	1.05	P2	源有键/schema无规则或未映射
写入周期时间(ms)	318	0.93	P2	源有键/schema无规则或未映射
FWFT 支持	302	0.89	P2	源有键/schema无规则或未映射
可编程类型	291	0.85	P2	源有键/schema无规则或未映射
电压 - 供电	283	0.83	P2	源有键/schema无规则或未映射
写周期时间(字节)	192	0.56	P2	源有键/schema无规则或未映射
写周期时间(页)	192	0.56	P2	源有键/schema无规则或未映射
写周期时间 - 字，页	181	0.53	P2	源有键/schema无规则或未映射
写周期时间 - 字，页:	179	0.53	P2	源有键/schema无规则或未映射
电流 - 供电(最大值)	149	0.44	P2	源有键/schema无规则或未映射
