attr	null_pct	filled_approx
rohs_compliant	100.0	0
reach	100.0	0
eccn_code	100.0	0
htsus_code	100.0	0
aec_q_level	100.0	0
lead_free	100.0	0
msl_level	100.0	0
temp_min_c	100.0	0
temp_max_c	100.0	0
pkg_length_mm	100.0	0
pkg_width_mm	100.0	0
pkg_height_mm	100.0	0
vcc_min_v	100.0	0
vcc_max_v	100.0	0
sequential_read_speed_mbps	100.0	0
sequential_write_speed_mbps	100.0	0
endurance_tbw	100.0	0
manufacturer	16.0	84
lifecycle_status	16.0	84
mpn	0.0	100
brand	0.0	100
brandid	0.0	100
l1_code	0.0	100
l2_code	0.0	100
l3_code	0.0	100
capacity_gb	0.0	100
host_interface_type	0.0	100
nand_cell_type	0.0	100
