std_attr_code	id	value_std_double	unit_std	value_raw	tag
capacity_mb	1465667347215081473	0.5	MB	4Mb	ok
capacity_mb	1465663120296173569	8.0	MB	64Mb	ok
capacity_mb	1470350911454117890	0.5	MB	4Mb	ok
capacity_mb	1468294405061730306	64.0	MB	512Mb	ok
capacity_mb	1465092757577338882	500.0	MB	4Gb	ok
capacity_mb	1471713473659686914	32.0	MB	256Mb	ok
capacity_mb	1506517534982017025	250.0	MB	2Gb	ok
capacity_mb	1498141556861919233	2.0	MB	16Mb	ok
capacity_mb	1469369129707569154	0.5	MB	4Mb	ok
capacity_mb	1466052372192329729	4.0	MB	32Mb	ok
capacity_mb	1475277973402968066	0.5	MB	4Mb	ok
capacity_mb	1464900137651605506	64.0	MB	512Mb	ok
capacity_mb	1450036554863837186	0.25	MB	2Mb	ok
capacity_mb	1465637690541400065	1.0	MB	1	ok
capacity_mb	1466230463460048898	0.125	MB	1Mb	ok
capacity_mb	1466222111287967746	2.0	MB	16Mb	ok
capacity_mb	1465081652884869122	0.25	MB	2Mb	ok
capacity_mb	1464899875079786497	1.0	MB	8Mb	ok
capacity_mb	1498136788361895938	500.0	MB	4Gb	ok
capacity_mb	1450037906960646145	125.0	MB	1Gb	ok
capacity_kbit	1466228850246844418	256.0	kbit	256Kb	ok
capacity_kbit	1470506559613485058	1.0	kbit	1Kb	ok
capacity_kbit	1469296230602702850	1.0	kbit	1Kb	ok
capacity_kbit	1465016093577121794	4.0	kbit	4Kb	ok
capacity_kbit	1464839254623719426	16.0	kbit	16Kb	ok
capacity_kbit	1474219646959013889	4.0	kbit	4Kb	ok
capacity_kbit	1466401035829673985	512.0	kbit	512Kb	ok
capacity_kbit	1466401018326843394	1.0	kbit	1Kb	ok
capacity_kbit	1465086883840462850	8.0	kbit	8Kb	ok
capacity_kbit	1464354973296168962	2.0	kbit	2Kb	ok
capacity_kbit	1466280816234758145	1.0	kbit	1Kb	ok
capacity_kbit	1464975610272354306	16.0	kbit	16Kb	ok
capacity_kbit	1466227783392067586	1000.0	kbit	1Mb	ok
capacity_kbit	1465486104489930754	1.0	kbit	1Kb	ok
capacity_kbit	1466278282141138946	2.0	kbit	2Kb	ok
capacity_kbit	1466104794042368001	128.0	kbit	128	ok
capacity_kbit	1474616939591798785	1000.0	kbit	1Mb	ok
capacity_kbit	1470390954000449538	16.0	kbit	16Kb	ok
capacity_kbit	1466416951208476674	256.0	kbit	256Kb	ok
capacity_kbit	1466390079783337986	1.0	kbit	1Kb	ok
capacity_gb	1465685772134047746	72.0	GB	72Mb	ok
capacity_gb	1465689064356503554	1.0	GB	1Mb	ok
capacity_gb	1465794129276755970	64.0	GB	64Kb	ok
capacity_gb	1465794114718326786	64.0	GB	64Kb	ok
capacity_gb	1465689060342554626	1.0	GB	1Mb	ok
capacity_gb	1464994609672556545	512.0	GB	512Mb	ok
capacity_gb	1466305008149757954	4.0	GB	4Mb	ok
capacity_gb	1465795515544559617	9.0	GB	9Mb	ok
capacity_gb	1498141552147521538	16.0	GB	16Mb	ok
capacity_gb	1473929651727712258	256.0	GB	256Kb	ok
capacity_gb	1465794146934775811	128.0	GB	128Kb	ok
capacity_gb	1465794072053866498	18.0	GB	18Kb	ok
capacity_gb	1498136917177360385	128.0	GB	128Mb	ok
capacity_gb	1465795243296481282	4.5	GB	4.5Mb	ok
capacity_gb	1469367683742236673	256.0	GB	256Mb	ok
capacity_gb	1469794762950508546	4.0	GB	4Mb	ok
capacity_gb	1465794491169693698	144.0	GB	144Kb	ok
capacity_gb	1466279453413113857	2.0	GB	2Mb	ok
capacity_gb	1465794274143821826	4.5	GB	4.5Mb	ok
capacity_gb	1465795004367953921	1.0	GB	1Mb	ok
