category	category2	n
(NULL)	可见光 LED	104118
(NULL)	光纤发射器	25346
(NULL)	LED 显示器	15012
(NULL)	其他光电器件	8033
(NULL)	光纤收发器	7758
(NULL)	激光二极管	4192
(NULL)	光纤发送器	2868
(NULL)	红外 LED	2310
(NULL)	光纤放大器	2067
(NULL)	光纤接收器	2009
发光二极管	可见光 LED	1685
(NULL)	光纤适配器	1511
(NULL)	光电二极管	1248
(NULL)	光纤检测器	713
LED阵列/发光条/条形图	可见光 LED	509
(NULL)	光纤波分复用器/解复用器	502
(NULL)	光纤 SC 连接器	500
(NULL)	可见光 LED	464
指示灯	可见光 LED	417
LED显示器及模块	LED 显示器	379
光源与发射器	可见光 LED	362
(NULL)	光纤开关	358
发光二极管(离散)	可见光 LED	312
(NULL)	光纤 FC 连接器	205
(NULL)	光纤衰减器	192
(NULL)	光纤 ST 连接器	178
(NULL)	LED 显示器	142
光源与发射器	红外 LED	135
(NULL)	光纤网络连接器	76
(NULL)	红外 LED	58
7段LED显示器	LED 显示器	57
光耦合器/光隔离器	其他光电器件	57
LED	可见光 LED	49
光纤传输器件	光纤收发器	48
高亮度LED	可见光 LED	46
收发器	光纤收发器	38
(NULL)	光纤分路器/耦合器	36
白炽灯	可见光 LED	30
白炽灯	LED 显示器	28
编码器	其他光电器件	27
光电二极管	光电二极管	26
固态继电器	其他光电器件	19
(NULL)	光纤调制器	16
(NULL)	光纤 SMA 连接器	16
(NULL)	其他光电器件	15
LED显示器及模块	可见光 LED	15
光纤连接器及配件	光纤适配器	15
光纤	光纤发送器	15
(NULL)	光纤发送器	15
LED显示器	可见光 LED	14
光纤	光纤接收器	14
光纤传输器件	光纤发送器	13
(NULL)	光电二极管	13
(NULL)	光纤环行器/隔离器	12
光电器件	可见光 LED	12
(NULL)	光纤收发器	11
白炽灯及配件	可见光 LED	11
发光二极管	LED 显示器	10
光源与发射器	LED 显示器	10
发光二极管	红外 LED	9
接收器	光纤接收器	8
LED显示器	LED 显示器	8
光纤连接器及配件	光纤 SC 连接器	8
(NULL)	光纤接收器	8
光纤传输器件	光纤发射器	7
光纤	光纤收发器	7
LED	红外 LED	7
连接器与适配器	光纤适配器	7
圆形连接器	光纤适配器	7
(NULL)	光纤检测器	6
光电晶体管	光纤检测器	6
光电二极管	其他光电器件	6
连接器配件	光纤适配器	5
面板仪器	LED 显示器	5
收发器	光纤发送器	4
IR发射器	红外 LED	4
(NULL)	光纤网络连接器	4
光纤传输器件	光纤接收器	4
光电二极管	光纤检测器	4
连接配件	光纤适配器	3
变送器	光纤接收器	3
接口芯片	光纤接收器	3
光纤线缆	光纤 SC 连接器	3
发光二极管	其他光电器件	3
发光二极管(离散)	LED 显示器	3
(NULL)	光纤发射器	3
光纤与光通信设备	光纤发送器	3
LED	LED 显示器	3
半导体激光器	光纤发射器	3
连接器	光纤适配器	2
电子显示器	可见光 LED	2
(NULL)	光纤适配器	2
点阵显示器	LED 显示器	2
光纤	光纤检测器	2
指示灯	LED 显示器	2
LED显示器及模块	其他光电器件	2
(NULL)	激光二极管	2
光纤传输器件	光纤检测器	2
发光二极管	光纤发射器	2
变送器	光纤发送器	2
光源与发射器	光纤检测器	2
光纤与光通信设备	光纤接收器	2
变送器	光纤发射器	2
接口芯片	光纤发送器	1
光电晶体管	其他光电器件	1
发光二极管(离散)	光电二极管	1
连接器与套件	光纤 SC 连接器	1
光敏传感器	其他光电器件	1
开关	其他光电器件	1
段式显示器	可见光 LED	1
光电配件	光纤环行器/隔离器	1
连接器与套件	光纤适配器	1
主动器件	光纤发射器	1
收发器	光纤发射器	1
光源与发射器	光电二极管	1
LED光导管	可见光 LED	1
激光及配件	光纤发射器	1
光纤连接器配件	光纤 SC 连接器	1
光电传感器	其他光电器件	1
连接器与适配器	光纤 SC 连接器	1
发光二极管(离散)	其他光电器件	1
放大器、缓冲器	光纤发射器	1
发光二极管	光电二极管	1
光耦合器/光隔离器	LED 显示器	1
光纤	光纤发射器	1
收发器	光纤开关	1
光纤连接器配件	光纤适配器	1
高亮度直插型灯	可见光 LED	1
二极管	其他光电器件	1
风扇、风机及配件	可见光 LED	1
