category	n	pct_of_total
(NULL)	6317501	90.0018
(NULL)	90539	1.2899
电阻	42972	0.6122
贴片电阻	29435	0.4193
电容	29056	0.4139
TVS二极管	24587	0.3503
稳压芯片	22679	0.3231
陶瓷电容	22524	0.3209
铝电解电容	18662	0.2659
DC/DC转换器	18348	0.2614
接口芯片	15815	0.2253
齐纳二极管	15399	0.2194
钽电容	14402	0.2052
逻辑控制器	14257	0.2031
电感	13599	0.1937
微控制器	13136	0.1871
逻辑芯片	13113	0.1868
MOS管	12903	0.1838
板对板连接器	12007	0.1711
运算放大器	11269	0.1605
双极性晶体管	11058	0.1575
AD转换器	9971	0.1421
放大器、缓冲器	8417	0.1199
电阻排	7507	0.1069
二极管	6985	0.0995
DA转换器	6927	0.0987
电源监控芯片	6632	0.0945
存储芯片	6333	0.0902
电压基准芯片	5045	0.0719
薄膜电容	4842	0.0690
插头插座	4726	0.0673
FPGA芯片	4619	0.0658
插件电阻	4218	0.0601
触发器	4097	0.0584
振荡器	4000	0.0570
电位器	3951	0.0563
压敏电阻	3946	0.0562
保险丝	3810	0.0543
AC-DC转换器	3712	0.0529
光耦合器/光隔离器	3702	0.0527
EEPROM芯片	3517	0.0501
电池管理芯片	3406	0.0485
FET驱动器	3404	0.0485
电压监控芯片	3370	0.0480
连接器	3161	0.0450
RAM芯片	3067	0.0437
晶振	3000	0.0427
比较器	2959	0.0422
主动器件	2953	0.0421
线对板连接器	2951	0.0420
热熔断路器/开关/保险丝	2668	0.0380
数字电位器	2568	0.0366
贴片电感	2564	0.0365
发光二极管	2374	0.0338
肖特基二极管	2361	0.0336
LED驱动器	2306	0.0329
音频放大器	2242	0.0319
二极管阵列	2192	0.0312
CPLD芯片	2158	0.0307
电源管理	2083	0.0297
时钟发生器	2024	0.0288
Flash芯片	2016	0.0287
功率二极管	1976	0.0282
端子	1934	0.0276
时钟信号器件	1885	0.0269
圆形连接器	1883	0.0268
温度传感器	1867	0.0266
锁存器	1856	0.0264
时钟缓冲器、驱动器、锁相环	1824	0.0260
晶闸管	1772	0.0252
连接器与适配器	1747	0.0249
接线端子	1679	0.0239
多工器	1641	0.0234
接口隔离器	1625	0.0232
微处理器	1537	0.0219
D-Sub连接器	1520	0.0217
负载控制器	1510	0.0215
8位微控制器	1491	0.0212
固态继电器	1433	0.0204
FIFO	1399	0.0199
模拟开关芯片	1366	0.0195
连接器外壳	1346	0.0192
TRIACs	1310	0.0187
功率继电器	1291	0.0184
铁氧体	1281	0.0182
连接器配件	1238	0.0176
柔性扁平排线	1209	0.0172
IGBT晶体管	1189	0.0169
放大器IC与RF模块	1167	0.0166
电机驱动器	1152	0.0164
DSP数字信号处理器	1142	0.0163
DIP/SIP	1039	0.0148
实时时钟芯片	1035	0.0147
SCR晶闸管	1006	0.0143
光源与发射器	946	0.0135
晶体管	924	0.0132
变压器	918	0.0131
扼流圈	909	0.0129
移位寄存器	908	0.0129
热敏电阻	856	0.0122
桥式整流器	853	0.0122
计数器	846	0.0121
整流二极管	818	0.0117
视频放大器	808	0.0115
无焊端子	797	0.0114
RF射频器件	781	0.0111
RF模块、IC及配件	728	0.0104
IC插座及配件	716	0.0102
电源器件	701	0.0100
电位器及配件	696	0.0099
工业继电器/通用	693	0.0099
UART接口芯片	671	0.0096
电压电平转换器	620	0.0088
射频连接器、同轴连接器	613	0.0087
轻触开关、轻推开关	608	0.0087
数模转换器	602	0.0086
发光二极管(离散)	600	0.0085
LED阵列/发光条/条形图	598	0.0085
指示灯	577	0.0082
有源滤波器	559	0.0080
光敏传感器	544	0.0078
基础型/快动型/限制型	524	0.0075
编解码器	524	0.0075
插针	516	0.0074
电容排	509	0.0073
射频接收器	495	0.0071
LED显示器及模块	486	0.0069
地磁传感器	449	0.0064
PWM控制器	448	0.0064
EMI/RFI屏蔽/抑制	440	0.0063
保险丝座	429	0.0061
RF二极管	413	0.0059
32位控制器	411	0.0059
仪表放大器	407	0.0058
压接触点及配件	397	0.0057
DIN41612连接器	386	0.0055
JFET晶体管	381	0.0054
16位微控制器	370	0.0053
可编程定时器芯片	367	0.0052
模块连接器	354	0.0050
模块、插头与插孔	350	0.0050
分立器件	339	0.0048
拨动开关	338	0.0048
缓冲器	334	0.0048
压力传感器	328	0.0047
湿度传感器	325	0.0046
电源配件	319	0.0045
风扇与风机	319	0.0045
PCB连接器	316	0.0045
插头、插座	304	0.0043
开关电源	287	0.0041
按钮开关	280	0.0040
LVDS、M-LVDS、ECL、CML	279	0.0040
开发套件	271	0.0039
CAN芯片	267	0.0038
PLC可编程逻辑控制器	263	0.0037
插座	262	0.0037
电源滤波器	259	0.0037
扁平带状电缆	236	0.0034
滤波器与EMI/RFI部件	232	0.0033
小信号二极管	231	0.0033
滤波器	229	0.0033
霍尔传感器	228	0.0032
开关控制器	227	0.0032
机箱、通用盒	213	0.0030
编码器	212	0.0030
卡边缘连接器	210	0.0030
蜂鸣器	201	0.0029
延时时钟芯片	200	0.0028
电压转换器、逆变器、变压器	197	0.0028
音频连接器	192	0.0027
线束转接线	181	0.0026
直角工业连接器	180	0.0026
加速度传感器	176	0.0025
施密特触发器	171	0.0024
电流滤波器件	170	0.0024
非门芯片	169	0.0024
射频检测器	168	0.0024
射频同轴配件	165	0.0024
EPROM芯片	165	0.0024
变容二极管	152	0.0022
传感器	152	0.0022
光纤传输器件	148	0.0021
光电传感器	143	0.0020
RS232控制器	140	0.0020
USB芯片	135	0.0019
光电晶体管	133	0.0019
功率输入模块	129	0.0018
中高压MOS管	126	0.0018
RS485控制器	123	0.0018
白炽灯	121	0.0017
线性调节器	118	0.0017
测试线	118	0.0017
收发器	115	0.0016
插座与适配器	102	0.0015
USB连接器	101	0.0014
开关配件	98	0.0014
DIAC双向触发二极管,DIAC	96	0.0014
开关	95	0.0014
D-Sub后壳	93	0.0013
陀螺仪	93	0.0013
特殊应用集成芯片	92	0.0013
缓冲放大器	91	0.0013
谐振器	91	0.0013
有源像素传感器(CMOS阵列)	85	0.0012
锁相环(PLLs)	84	0.0012
保险丝配件	84	0.0012
ESD保护	81	0.0012
扎带	81	0.0012
香蕉插头、插座	81	0.0012
7段LED显示器	80	0.0011
散热器	79	0.0011
距离传感器	76	0.0011
可调电容	76	0.0011
光纤与光通信设备	76	0.0011
运动传感器	75	0.0011
光纤	72	0.0010
电涌保护	71	0.0010
高亮度LED	70	0.0010
射频发射器	69	0.0010
电路保护器件	69	0.0010
LED	68	0.0010
光电二极管	68	0.0010
传感器及配件	67	0.0010
USB线	65	0.0009
光电器件	64	0.0009
环形舌片-铲	64	0.0009
跳线	60	0.0009
SCSI终端	60	0.0009
示波器	60	0.0009
摇杆/手柄	59	0.0008
线路驱动器、接收器	58	0.0008
SAW滤波器	58	0.0008
温度传感器IC	56	0.0008
簧片继电器	55	0.0008
放大器	52	0.0007
I/O模块	52	0.0007
滤波器与保护器	51	0.0007
旋转开关	51	0.0007
线缆标签	49	0.0007
光纤连接器及配件	49	0.0007
IDC连接器	49	0.0007
支座	48	0.0007
仪表配件	45	0.0006
D-Sub配件	42	0.0006
断路器	40	0.0006
以太网控制器	39	0.0006
RF天线	39	0.0006
SCSI连接器	38	0.0005
连接线配件	36	0.0005
SIDAC开关型晶闸管	36	0.0005
开发板	35	0.0005
面板仪器	35	0.0005
线缆工具	35	0.0005
开发套件与开发板	35	0.0005
连接线	34	0.0005
传感器配件	34	0.0005
延时继电器	34	0.0005
同轴线	33	0.0005
液位传感器	33	0.0005
连接配件	33	0.0005
电源线及配件	32	0.0005
风扇	31	0.0004
未分类	31	0.0004
麦克风	30	0.0004
功率分配器与定向耦合器	30	0.0004
紧急停止板/盖子	30	0.0004
以太网接口芯片	29	0.0004
D-Sub及配件	29	0.0004
台式电源	29	0.0004
线夹	28	0.0004
FlatLink类	28	0.0004
适配器	27	0.0004
红外感应芯片(IrDA)	27	0.0004
IR发射器	27	0.0004
电缆配件	27	0.0004
风扇、风机及配件	25	0.0004
PCI Express	25	0.0004
垫片	25	0.0004
MIL-DTL-38999系列III型连接器	24	0.0003
LED显示器	24	0.0003
AB类放大器	24	0.0003
电容配件	24	0.0003
面板	24	0.0003
电池	24	0.0003
滑块开关	22	0.0003
继电器配件	22	0.0003
电流传感器	22	0.0003
EMI滤波器	20	0.0003
柜子配件	20	0.0003
探头	19	0.0003
电子显示器	19	0.0003
电机及驱动器	18	0.0003
继电器及配件	18	0.0003
电池配件	18	0.0003
电池充电器	18	0.0003
电阻配件	18	0.0003
SCSI控制器	17	0.0002
文字显示器、信息显示器	17	0.0002
端子标识	17	0.0002
与非门芯片	16	0.0002
电容式触摸传感器	16	0.0002
CCFL逆变器	16	0.0002
硬件、紧固件	16	0.0002
线缆紧固件	16	0.0002
编码器与解码器	16	0.0002
RJ45以太网线	15	0.0002
光纤线缆	15	0.0002
PCI芯片	15	0.0002
监控器、视频线	14	0.0002
隔离放大器	14	0.0002
LED光导管	14	0.0002
热缩管	13	0.0002
白炽灯及配件	13	0.0002
继电器、I/O模块	13	0.0002
流量仪	13	0.0002
台式柜	12	0.0002
电池及配件	12	0.0002
电源、稳压器及配件	12	0.0002
电源排插	12	0.0002
或非门芯片	12	0.0002
多芯线	12	0.0002
对数放大器	11	0.0002
接线端子配件	11	0.0002
汽车连接器	11	0.0002
红外传感器	11	0.0002
电位器刻度盘	11	0.0002
接收器	11	0.0002
万用表、压表	11	0.0002
单芯线	11	0.0002
变送器	11	0.0002
接线柱	11	0.0002
结构配件	10	0.0001
垫片与支座	10	0.0001
与门芯片	10	0.0001
结构件	10	0.0001
机电类	10	0.0001
电池夹、触点	10	0.0001
套圈	10	0.0001
或门芯片	9	0.0001
信号发生器	9	0.0001
接头	9	0.0001
RS422控制器	9	0.0001
PROM芯片	9	0.0001
接触块	8	0.0001
螺丝	8	0.0001
衰减器	8	0.0001
小时计	8	0.0001
LED配件	8	0.0001
风机配件	8	0.0001
工业控制	7	0.0001
旋钮	7	0.0001
输出模块	7	0.0001
BNC同轴接口	7	0.0001
电脑连接线	7	0.0001
LIN芯片	7	0.0001
示波器及配件	7	0.0001
USB控制器	7	0.0001
压接器	6	0.0001
半导体激光器	6	0.0001
光电配件	6	0.0001
DIMM插槽	6	0.0001
温控器件	6	0.0001
电子元器件	6	0.0001
OLED显示器	6	0.0001
DIN导轨	6	0.0001
测试仪器	5	0.0001
电源模块	5	0.0001
1394接口芯片	5	0.0001
电源模块配件	5	0.0001
USB微控制器	5	0.0001
底脚	5	0.0001
带锁开关	5	0.0001
测试配件	5	0.0001
CCD(电荷耦合器件)	5	0.0001
带钩夹子	5	0.0001
测试探头、导线与夹子	5	0.0001
鳄鱼夹	5	0.0001
D类音频放大器	5	0.0001
胶带及胶粘剂	4	0.0001
LRC式滤波器	4	0.0001
工具与用品	4	0.0001
图形显示器	4	0.0001
电流监测器	4	0.0001
手动/电动工具	4	0.0001
LCD显示器与模块	4	0.0001
PCI桥	4	0.0001
防静电控制器	4	0.0001
快速断开型	4	0.0001
USB收发器	4	0.0001
塑料盒	4	0.0001
电缆系带	4	0.0001
连接器套件	4	0.0001
脚垫	3	0.0000
计时器	3	0.0000
电流感应	3	0.0000
连接器与套件	3	0.0000
可编程增益放大器	3	0.0000
应力消除配件	3	0.0000
带状电缆	3	0.0000
测试点	3	0.0000
信号继电器	3	0.0000
汽车类配件	3	0.0000
FireWire转接线	3	0.0000
金属盒	3	0.0000
探测器	3	0.0000
螺母	3	0.0000
万用表、压表及配件	3	0.0000
按键开关	3	0.0000
发声器件	3	0.0000
光纤连接器配件	3	0.0000
电缆标签	2	0.0000
段式显示器	2	0.0000
链路层控制器	2	0.0000
联锁开关	2	0.0000
点阵显示器	2	0.0000
压接工具	2	0.0000
保护罩、密封、保护	2	0.0000
接地电缆	2	0.0000
指轮开关、推轮滚轮	2	0.0000
LCD显示器及模块	2	0.0000
螺丝与螺栓	2	0.0000
短接连接	2	0.0000
压接触、插座	2	0.0000
频谱分析仪	2	0.0000
架子	2	0.0000
母端断开型	2	0.0000
信号调节放大器	2	0.0000
分析仪及配件	2	0.0000
扬声器	2	0.0000
角度传感器	2	0.0000
夹子	2	0.0000
电容套件	2	0.0000
音频线、视频线	2	0.0000
输入模块	2	0.0000
按键	1	0.0000
钳子	1	0.0000
JTAG接口芯片	1	0.0000
N型连接器	1	0.0000
D-Sub线缆	1	0.0000
套管	1	0.0000
电缆固定头	1	0.0000
样品册	1	0.0000
LED指示灯阵列	1	0.0000
复合传感器	1	0.0000
安规型	1	0.0000
音量控制	1	0.0000
USB瞬态电压抑制器	1	0.0000
电位器配件	1	0.0000
DIP线	1	0.0000
传动装置	1	0.0000
MIL-C-26482系列I微型圆形连接器	1	0.0000
剥线器	1	0.0000
螺丝刀、螺母扳头、套筒扳手	1	0.0000
粘合剂	1	0.0000
电池线接线片	1	0.0000
显示配件	1	0.0000
PNP BJT	1	0.0000
散热器及配件	1	0.0000
RF配件	1	0.0000
MIL-C-26482系列II微型圆形连接器	1	0.0000
激光及配件	1	0.0000
异或门芯片	1	0.0000
簧片开关	1	0.0000
风机	1	0.0000
拉手	1	0.0000
针插座	1	0.0000
不间断电源(UPS)	1	0.0000
SIMM插槽	1	0.0000
振动型	1	0.0000
物理层控制器	1	0.0000
集成设备	1	0.0000
微型灯	1	0.0000
同轴电缆	1	0.0000
冲头、冲模	1	0.0000
倾斜开关	1	0.0000
PCI CardBus控制器	1	0.0000
高亮度直插型灯	1	0.0000
PAL芯片	1	0.0000
