料号	品牌	源端category2	我方L2/L3	命中规则	置信度	商城来源	得捷核对链接	商城类目/推断L3	芯查查核对链接	是否一致	判定结论	处理动作	备注
RPM841-H11E2A	罗姆-ROHM	IrDA红外收发器	photodetector/photodiode	optoelectronics_ec_cat2_irda_v1	0.6630	规格书/ROHM	https://www.digikey.cn/zh/products?keywords=RPM841-H11E2A	IrDA Transceiver Module	https://www.xcc.com/search.html?keyword=RPM841-H11E2A	Y	consistent	暂不动	IrDA 收发模块探测端为主，暂归 photodiode
TFBS5700-TR3	威世-VISHAY	IrDA红外收发器	photodetector/photodiode	optoelectronics_ec_cat2_irda_v1	0.6630	—	https://www.digikey.cn/zh/products?keywords=TFBS5700-TR3	—	https://www.xcc.com/search.html?keyword=TFBS5700-TR3	Y	signal_missing	暂不动	无本地/公开交叉，ecloud category2 为唯一强信号
TFBS4711-TR1	威世-VISHAY	IrDA红外收发器	photodetector/photodiode	optoelectronics_ec_cat2_irda_v1	0.6630	—	https://www.digikey.cn/zh/products?keywords=TFBS4711-TR1	—	https://www.xcc.com/search.html?keyword=TFBS4711-TR1	Y	signal_missing	暂不动	无本地/公开交叉，ecloud category2 为唯一强信号
HDSP-316G	博通-Broadcom	LED数码管	light_emitter/led	optoelectronics_ec_cat2_led_7seg_v1	0.7020	得捷	https://www.digikey.cn/zh/products?keywords=HDSP-316G	LED 字符与数字 / LED Character and Numeric	https://www.xcc.com/search.html?keyword=HDSP-316G	Y	consistent	暂不动	7段数码管归 led（与 DigiKey opto gate 一致）
HDSP-5603-GH000	博通-Broadcom	LED数码管	light_emitter/led	optoelectronics_ec_cat2_led_7seg_v1	0.7020	DigiKey 本地	https://www.digikey.cn/zh/products?keywords=HDSP-5603-GH000	LED 字符与数字	https://www.xcc.com/search.html?keyword=HDSP-5603-GH000	Y	consistent	暂不动	DigiKey category=LED 字符与数字
HDSP-N151	博通-Broadcom	LED数码管	light_emitter/led	optoelectronics_ec_cat2_led_7seg_v1	0.7020	DigiKey 本地	https://www.digikey.cn/zh/products?keywords=HDSP-N151	LED 字符与数字	https://www.xcc.com/search.html?keyword=HDSP-N151	Y	consistent	暂不动	DigiKey category=LED 字符与数字
104990125	矽递科技-Seeed	LED点阵	light_emitter/led	optoelectronics_ec_cat2_led_matrix_v1	0.7020	DigiKey 本地	https://www.digikey.cn/zh/products?keywords=104990125	LED 点阵和群集	https://www.xcc.com/search.html?keyword=104990125	Y	consistent	暂不动	DigiKey category=LED 点阵和群集
104990135	矽递科技-Seeed	LED点阵	light_emitter/led	optoelectronics_ec_cat2_led_matrix_v1	0.7020	DigiKey 本地	https://www.digikey.cn/zh/products?keywords=104990135	LED 点阵和群集	https://www.xcc.com/search.html?keyword=104990135	Y	consistent	暂不动	DigiKey category=LED 点阵和群集
104990126	矽递科技-Seeed	LED点阵	light_emitter/led	optoelectronics_ec_cat2_led_matrix_v1	0.7020	DigiKey 本地	https://www.digikey.cn/zh/products?keywords=104990126	LED 点阵和群集	https://www.xcc.com/search.html?keyword=104990126	Y	consistent	暂不动	DigiKey category=LED 点阵和群集
PD638B	台湾亿光-EVERLIGHT	光电二极管	photodetector/photodiode	optoelectronics_ec_cat2_photodiode_v1	0.7410	规格书/Everlight	https://www.digikey.cn/zh/products?keywords=PD638B	PIN Photodiode	https://www.xcc.com/search.html?keyword=PD638B	Y	consistent	暂不动	标准 PIN 光电二极管
PD15-22B/TR8	台湾亿光-EVERLIGHT	光电二极管	photodetector/photodiode	optoelectronics_ec_cat2_photodiode_v1	0.7410	—	https://www.digikey.cn/zh/products?keywords=PD15-22B/TR8	—	https://www.xcc.com/search.html?keyword=PD15-22B/TR8	Y	signal_missing	暂不动	无本地/公开交叉，ecloud category2 为唯一强信号
PD70-01B/TR10	台湾亿光-EVERLIGHT	光电二极管	photodetector/photodiode	optoelectronics_ec_cat2_photodiode_v1	0.7410	—	https://www.digikey.cn/zh/products?keywords=PD70-01B/TR10	—	https://www.xcc.com/search.html?keyword=PD70-01B/TR10	Y	signal_missing	暂不动	无本地/公开交叉，ecloud category2 为唯一强信号
HFBR-1414TZ	博通-Broadcom	光纤发射器	light_emitter/led	optoelectronics_ec_cat2_fiber_emit_v1	0.6630	得捷	https://www.digikey.cn/zh/products?keywords=HFBR-1414TZ	光纤发射器 - 分立式 / Fiber Optic Transmitters - Discrete	https://www.xcc.com/search.html?keyword=HFBR-1414TZ	Y	consistent	暂不动	光纤发射端=发光器件
HFBR-1531Z	博通-Broadcom	光纤发射器	light_emitter/led	optoelectronics_ec_cat2_fiber_emit_v1	0.6630	DigiKey 本地	https://www.digikey.cn/zh/products?keywords=HFBR-1531Z	光纤发射器 - 分立式	https://www.xcc.com/search.html?keyword=HFBR-1531Z	Y	consistent	暂不动	DigiKey category=光纤发射器 - 分立式
HFBR-1521ETZ	博通-Broadcom	光纤发射器	light_emitter/led	optoelectronics_ec_cat2_fiber_emit_v1	0.6630	—	https://www.digikey.cn/zh/products?keywords=HFBR-1521ETZ	—	https://www.xcc.com/search.html?keyword=HFBR-1521ETZ	Y	signal_missing	暂不动	无本地/公开交叉，ecloud category2 为唯一强信号
HFBR-2526Z	博通-Broadcom	光纤接收器	photodetector/photodiode	optoelectronics_ec_cat2_fiber_recv_v1	0.6630	得捷	https://www.digikey.cn/zh/products?keywords=HFBR-2526Z	光纤接收器	https://www.xcc.com/search.html?keyword=HFBR-2526Z	Y	consistent	暂不动	光纤接收端=光探测
HFBR-2528Z	博通-Broadcom	光纤接收器	photodetector/photodiode	optoelectronics_ec_cat2_fiber_recv_v1	0.6630	DigiKey 本地	https://www.digikey.cn/zh/products?keywords=HFBR-2528Z	光纤接收器	https://www.xcc.com/search.html?keyword=HFBR-2528Z	Y	consistent	暂不动	DigiKey category=光纤接收器
HFBR-2522Z	博通-Broadcom	光纤接收器	photodetector/photodiode	optoelectronics_ec_cat2_fiber_recv_v1	0.6630	DigiKey 本地	https://www.digikey.cn/zh/products?keywords=HFBR-2522Z	光纤接收器	https://www.xcc.com/search.html?keyword=HFBR-2522Z	Y	consistent	暂不动	DigiKey category=光纤接收器
15-21/BHC-AP1Q2/2T	台湾亿光-EVERLIGHT	发光二极管	light_emitter/led	optoelectronics_ec_cat2_led_v1	0.7410	prod DigiKey	https://www.digikey.cn/zh/products?keywords=15-21/BHC-AP1Q2/2T	led	https://www.xcc.com/search.html?keyword=15-21/BHC-AP1Q2/2T	Y	consistent	暂不动	prod DigiKey L3=led
17-215UYC/S530-A3/TR8	台湾亿光-EVERLIGHT	发光二极管	light_emitter/led	optoelectronics_ec_cat2_led_v1	0.7410	prod DigiKey	https://www.digikey.cn/zh/products?keywords=17-215UYC/S530-A3/TR8	led	https://www.xcc.com/search.html?keyword=17-215UYC/S530-A3/TR8	Y	consistent	暂不动	prod DigiKey L3=led
95-21SURC/S530-A3/TR10	台湾亿光-EVERLIGHT	发光二极管	light_emitter/led	optoelectronics_ec_cat2_led_v1	0.7410	prod DigiKey	https://www.digikey.cn/zh/products?keywords=95-21SURC/S530-A3/TR10	led	https://www.xcc.com/search.html?keyword=95-21SURC/S530-A3/TR10	Y	consistent	暂不动	prod DigiKey L3=led
IR11-21C/TR8	台湾亿光-EVERLIGHT	红外发射管	light_emitter/led	optoelectronics_ec_cat2_ir_emit_v1	0.7410	prod DigiKey	https://www.digikey.cn/zh/products?keywords=IR11-21C/TR8	led	https://www.xcc.com/search.html?keyword=IR11-21C/TR8	Y	consistent	暂不动	prod DigiKey L3=led
IR91-21C/TR7	台湾亿光-EVERLIGHT	红外发射管	light_emitter/led	optoelectronics_ec_cat2_ir_emit_v1	0.7410	prod DigiKey	https://www.digikey.cn/zh/products?keywords=IR91-21C/TR7	led	https://www.xcc.com/search.html?keyword=IR91-21C/TR7	Y	consistent	暂不动	prod DigiKey L3=led
IR12-21C/TR8	台湾亿光-EVERLIGHT	红外发射管	light_emitter/led	optoelectronics_ec_cat2_ir_emit_v1	0.7410	prod DigiKey	https://www.digikey.cn/zh/products?keywords=IR12-21C/TR8	led	https://www.xcc.com/search.html?keyword=IR12-21C/TR8	Y	consistent	暂不动	prod DigiKey L3=led
IRM-3638	台湾亿光-EVERLIGHT	红外遥控接收头	photodetector/photodiode	optoelectronics_ec_cat2_ir_recv_v1	0.7020	得捷/分销商	https://www.digikey.cn/zh/products?keywords=IRM-3638	Optical Sensors - Photo Detectors - Remote Receiver	https://www.xcc.com/search.html?keyword=IRM-3638	Y	consistent	暂不动	PIN 接收模块，与 photodiode 探测端一致
IRM-H638T/TR2	台湾亿光-EVERLIGHT	红外遥控接收头	photodetector/photodiode	optoelectronics_ec_cat2_ir_recv_v1	0.7020	得捷/分销商	https://www.digikey.cn/zh/products?keywords=IRM-H638T/TR2	Photo Detectors - Remote Receiver	https://www.xcc.com/search.html?keyword=IRM-H638T/TR2	Y	consistent	暂不动	同系列 IRM 遥控接收头
VSOP38338	威世-VISHAY	红外遥控接收头	photodetector/photodiode	optoelectronics_ec_cat2_ir_recv_v1	0.7020	得捷	https://www.digikey.cn/zh/products?keywords=VSOP38338	光检测器 - 遥控接收器	https://www.xcc.com/search.html?keyword=VSOP38338	Y	consistent	暂不动	已本地交叉
