l3_code	attr	l3_rows	fill_pct	tier
emi_common_mode_filter	channel_resistance_ohm	1925	54.7	正常
emi_common_mode_filter	common_mode_impedance_ohm	1925	0.0	低
emi_common_mode_filter	coupling_coefficient	1925	0.0	低
emi_common_mode_filter	dcr_per_line_mohm	1925	0.0	低
emi_common_mode_filter	diff_mode_impedance_ohm	1925	0.0	低
emi_common_mode_filter	esd_protection	1925	92.3	正常
emi_common_mode_filter	filter_order	1925	89.5	正常
emi_common_mode_filter	line_count	1925	89.6	正常
emi_common_mode_filter	rated_voltage_v	1925	59.3	正常
emi_common_mode_filter	stopband_attenuation_min_db	1925	61.1	正常
emi_power_line_filter	hipot_voltage_v	11506	0.0	低
emi_power_line_filter	inductance_mh	11506	13.1	关注
emi_power_line_filter	insertion_loss_cm_150khz_db	11506	0.0	低
emi_power_line_filter	insertion_loss_cm_30mhz_db	11506	0.0	低
emi_power_line_filter	leakage_current_ma	11506	0.0	低
emi_power_line_filter	phase_count	11506	0.0	低
emi_power_line_filter	rated_voltage_v	11506	78.0	正常
emi_power_line_filter	termination_style	11506	88.8	正常
feedthrough_capacitor	capacitance_pf	4236	95.4	正常
feedthrough_capacitor	capacitance_tolerance_pct	4236	89.5	正常
feedthrough_capacitor	dielectric_material	4236	79.7	正常
feedthrough_capacitor	insertion_loss_at_100mhz_db	4236	0.0	低
feedthrough_capacitor	mounting_hole_diameter_mm	4236	0.0	低
feedthrough_capacitor	mounting_style	4236	0.0	低
feedthrough_capacitor	rated_current_a	4236	0.0	低
feedthrough_capacitor	rated_voltage_v	4236	0.0	低
feedthrough_capacitor	thread_spec	4236	14.2	关注
ferrite_bead	dc_bias_saturation_ma	7612	89.9	正常
ferrite_bead	impedance_at_100mhz_ohm	7612	93.8	正常
ferrite_bead	impedance_at_1ghz_ohm	7612	0.0	低
ferrite_bead	self_resonant_freq_mhz	7612	0.0	低
