column	null_pct	tier
mpn	0.0	正常
brand	2.91	正常
brandid	2.91	正常
l3_code	0.0	正常
brandshort	2.91	正常
l3_id	0.0	正常
manufacturer	2.8	正常
lifecycle_status	2.8	正常
eccn_code	14.45	正常
htsus_code	14.33	正常
rohs_compliant	9.86	正常
reach	19.78	正常
aec_q_level	92.09	高危
lead_free	10.26	正常
msl_level	32.33	关注
package_case	36.7	关注
mounting_style	7.07	正常
pkg_length_mm	37.71	关注
pkg_width_mm	39.88	关注
pkg_height_mm	46.93	关注
temp_min_c	11.75	正常
temp_max_c	11.68	正常
rated_current_ma	12.89	正常
dcr_mohm	56.23	关注
impedance_100mhz_ohm	72.52	高危
