attr	id	value_raw	value_std_double	value_std_varchar
bandwidth_3db_mhz	-1370064187402801419	15 MHz	15.0	
bandwidth_3db_mhz	-4216626826310136946	205MHz	205.0	
bandwidth_3db_mhz	-2413080968685767569	10 MHz	10.0	
bandwidth_3db_mhz	8807350846281030308	2.6 MHz	2.6	
bandwidth_3db_mhz	-8039670534476823829	16 MHz	16.0	
bandwidth_mhz	3816644311924141441	650kHz	0.65	
bandwidth_mhz	-3828161312563351982	2MHz	2.0	
bandwidth_mhz	819816007857913047	240kHz	0.24	
bandwidth_mhz	-8785172703935396271	7MHz	7.0	
bandwidth_mhz	8954502827464959642	26MHz	26.0	
center_frequency_mhz	-8039670534476823829	360 MHz	360.0	
center_frequency_mhz	-1370064187402801419	830 MHz	830.0	
center_frequency_mhz	466686790181811280	813 MHz	813.0	
center_frequency_mhz	8807350846281030308	223 MHz	223.0	
center_frequency_mhz	-2413080968685767569	1.015 GHz	1014.9999999999999	
cutoff_center_freq_mhz	9194598083699568153	60MHz，70MHz（截止值）	60.0	
cutoff_center_freq_mhz	3094328224222917902	300MHz（截止值）	300.0	
cutoff_center_freq_mhz	-1318140867798893241	100MHz（截止值）	100.0	
cutoff_center_freq_mhz	-5544273173453645689	50MHz（截止值）	50.0	
cutoff_center_freq_mhz	-6650389945526666205	150MHz（截止值）	150.0	
dcr_mohm	4742304858898769076	9 毫欧	9.0	
dcr_mohm	-2790891594491429915	10 毫欧	10.0	
dcr_mohm	-6892223190001622460	35 毫欧	35.0	
dcr_mohm	8253315797377268717	550 毫欧	550.0	
dcr_mohm	6621986504321997564	200 毫欧	200.0	
impedance_100mhz_ohm	382443165640396741	60 Ohms @ 100 MHz	60.0	
impedance_100mhz_ohm	-4106272414788844393	600 Ohms @ 100 MHz	600.0	
impedance_100mhz_ohm	-3727222249221781951	110 Ohms @ 100 MHz	110.0	
impedance_100mhz_ohm	6739551892284675734	100 Ohms @ 100 MHz	100.0	
impedance_100mhz_ohm	101444580375356830	60 Ohms @ 100 MHz	60.0	
insertion_loss_db	-3245533953897291386	2.7dB	2.7	
insertion_loss_db	5241441313370280867	3.5dB	3.5	
insertion_loss_db	-815355042672070758	1.6dB	1.6	
insertion_loss_db	4597907984013346906	1.9dB	1.9	
insertion_loss_db	6933069839988630250	1.4dB	1.4	
insertion_loss_db	2906560259567949684	1.8dB	1.8	
insertion_loss_db	-2866339842351939877	1.6dB	1.6	
insertion_loss_db	6675279377806002720	2.5dB	2.5	
insertion_loss_db	-7219759325125971303	4dB	4.0	
insertion_loss_db	3502794936396577405	2.4dB	2.4	
insertion_loss_db	7060232393815884009	4.5dB	4.5	
insertion_loss_db	4119292173204884002	1.3dB	1.3	
insertion_loss_db	9215795999026459032	1.3dB	1.3	
insertion_loss_db	6715918594767843101	4dB	4.0	
insertion_loss_db	-3841317218969737896	1dB	1.0	
nominal_frequency_mhz	983602923566948900	1.58247GHz	1582.47	
nominal_frequency_mhz	-3740336384625409476	1.57542GHz	1575.42	
nominal_frequency_mhz	964045098410394518	243.95MHz	243.95	
nominal_frequency_mhz	7520803498985384778	751MHz	751.0	
nominal_frequency_mhz	-7311287617219113138	869MHz	869.0	
pkg_height_mm	8643019026951162296	0.55	0.55	
pkg_height_mm	-557000235467688591	42.00	42.0	
pkg_height_mm	-8892549618897488648	1.05	1.05	
pkg_height_mm	3310839058956926638	2.20	2.2	
pkg_height_mm	5074343661950895896	0.60	0.6	
pkg_height_mm	2579650662323353426	1.15	1.15	
pkg_height_mm	-4373902037098884736	53.00	53.0	
pkg_height_mm	8275142785458797422	0.75	0.75	
pkg_height_mm	-6373819819488601441	12.50	12.5	
pkg_height_mm	1214125424223512474	22.00	22.0	
pkg_height_mm	-2354319052030276720	0.75	0.75	
pkg_height_mm	-4539427629993278390	0.55	0.55	
pkg_height_mm	2326014588865693266	20.50	20.5	
pkg_height_mm	2098394414967792184	32.00	32.0	
pkg_height_mm	8893920017634348183	1.15	1.15	
pkg_height_mm	-4111472636934662616	0.75	0.75	
pkg_height_mm	-1140793968516999114	0.95	0.95	
pkg_height_mm	-598924839018533279	27.50	27.5	
pkg_height_mm	-6089840826730340406	7.87	7.87	
pkg_height_mm	-2836996095350360033	6.00	6.0	
pkg_length_mm	-596147320123100413	34.00	34.0	
pkg_length_mm	-3247019012874332768	4.00	4.0	
pkg_length_mm	-4208571259262350928	29.00	29.0	
pkg_length_mm	-3640579661402122772	10.00	10.0	
pkg_length_mm	-9196253910789483403	44.00	44.0	
pkg_length_mm	-3623045317281781522	34.00	34.0	
pkg_length_mm	-4628822629461415378	1.40	1.4	
pkg_length_mm	5679425413180493852	1.63	1.63	
pkg_length_mm	-5179717626496018212	17.50	17.5	
pkg_length_mm	5643996914957563465	19.00	19.0	
pkg_length_mm	-6465305979268273890	7.00	7.0	
pkg_length_mm	6909490911777307171	2.00	2.0	
pkg_length_mm	4096019275384499644	1.60	1.6	
pkg_length_mm	-3239558119693009639	3.00	3.0	
pkg_length_mm	-7795545562799664564	1.00	1.0	
pkg_length_mm	4953816207294990485	3.20	3.2	
pkg_length_mm	-6909599652136748378	1.00	1.0	
pkg_length_mm	-6027953831933713027	2.50	2.5	
pkg_length_mm	-5936586142217065396	0.60	0.6	
pkg_length_mm	6002830348992910913	1.14	1.14	
pkg_width_mm	8800675106872389606	12.50	12.5	
pkg_width_mm	3502794936396577405	3.00	3.0	
pkg_width_mm	2824016302308264983	16.00	16.0	
pkg_width_mm	883311586696995313	1.60	1.6	
pkg_width_mm	-1490423089875791144	3.00	3.0	
pkg_width_mm	5496912983890468673	11.85	11.85	
pkg_width_mm	1240769134336225770	5.00	5.0	
pkg_width_mm	4166754388118815355	1.20	1.2	
pkg_width_mm	4755119066586045811	1.20	1.2	
pkg_width_mm	-8404803304670572870	9.12	9.12	
pkg_width_mm	8769164823594567471	4.50	4.5	
pkg_width_mm	195983285668509031	1.60	1.6	
pkg_width_mm	-7308583960810436401	60.00	60.0	
pkg_width_mm	-5775692145427757707	0.80	0.8	
pkg_width_mm	-598924839018533279	27.50	27.5	
pkg_width_mm	5205024458344613550	0.55	0.55	
pkg_width_mm	1812734553427258159	1.25	1.25	
pkg_width_mm	-5812817746870582718	7.50	7.5	
pkg_width_mm	-3934693712273054815	0.80	0.8	
pkg_width_mm	-2689181639336638499	17.00	17.0	
rated_current_ma	3163103528588724117	80 A	80000.0	
rated_current_ma	1611895440944231026	500mA	500.0	
rated_current_ma	-4442743491679215185	16 A	16000.0	
rated_current_ma	-2269359376906126189	200mA	200.0	
rated_current_ma	4415867667279652298	100 mA	100.0	
rated_current_ma	4283924675542848141	2.3A	2300.0	
rated_current_ma	-732042985223437218	6 A	6000.0	
rated_current_ma	-2261491880107823518	3.5A	3500.0	
rated_current_ma	-3267784956536123712	30 A	30000.0	
rated_current_ma	-3858734335922330869	2A	2000.0	
rated_voltage_v	-1189376531063298530	250V	250.0	
rated_voltage_v	2611620173878266146	250V	250.0	
rated_voltage_v	-6386572793203286995	520V	520.0	
rated_voltage_v	6890726827709467090	100V	100.0	
rated_voltage_v	6439510054183588426	250V	250.0	
temp_max_c	5806900019405759500	125	125.0	
temp_max_c	-1165581133754779384	125	125.0	
temp_max_c	-1700085915886175972	85	85.0	
temp_max_c	-716257851228318292	100	100.0	
temp_max_c	-4888848748707952143	125	125.0	
temp_max_c	-8122881184573278819	120	120.0	
temp_max_c	-3703058353075642182	175	175.0	
temp_max_c	-1666425026561036197	125	125.0	
temp_max_c	8249110092240949460	85	85.0	
temp_max_c	2034388938205121008	125	125.0	
temp_max_c	1463181635247018896	125	125.0	
temp_max_c	-4871302951624948529	100	100.0	
temp_max_c	426909799202277270	125	125.0	
temp_max_c	-2072424514434084448	125	125.0	
temp_max_c	3073888126732647165	100	100.0	
temp_max_c	-3376634036980905138	125	125.0	
temp_max_c	-5525492275023142199	125	125.0	
temp_max_c	-929473349443292911	100	100.0	
temp_max_c	3903717136936316790	125	125.0	
temp_max_c	-6708899343388072540	120	120.0	
temp_min_c	3594209971794208858	-55	-55.0	
temp_min_c	-5701780731508216885	-25	-25.0	
temp_min_c	5355369601153551604	-55	-55.0	
temp_min_c	-5754698059372321037	-40	-40.0	
temp_min_c	-414469147688433668	-25	-25.0	
temp_min_c	6106480060457625411	-40	-40.0	
temp_min_c	8540658467046518875	-40	-40.0	
temp_min_c	-331044535344648310	-40	-40.0	
temp_min_c	538227921993158947	-55	-55.0	
temp_min_c	-2203807937640980261	-40	-40.0	
temp_min_c	-4312464584643750822	-40	-40.0	
temp_min_c	-8067390350073684771	-40	-40.0	
temp_min_c	-536481077181075498	-55	-55.0	
temp_min_c	-876095106353522249	-55	-55.0	
temp_min_c	3611343533063906675	-55	-55.0	
temp_min_c	5986322872434129969	-25	-25.0	
temp_min_c	-2086353250631007639	-25	-25.0	
temp_min_c	-7965079695390808611	-25	-25.0	
temp_min_c	3121993322276115326	-40	-40.0	
temp_min_c	-2851749652284921698	-40	-40.0	
