料号	品牌	源端category	源端note摘要	源端关键信号	我方L2/L3	我方L3中文	命中规则	置信度	得捷核对链接	得捷详情链接	得捷商城L2/L3	芯查查核对链接	芯查查详情链接	芯查查商城L2/L3	是否一致	判定结论	处理动作
2-6609104-6	TE Connectivity Corcom Filters	电源接入模块（PEM）	电源接入连接器 插座，公插片 - 模块 IEC 320-C14 面板安装，法兰	category=电源接入模块（PEM）	power_terminal_connector/ac_dc_power_jack	AC/DC电源插座	connector_dk_pem_v1	0.7800	https://www.digikey.cn/zh/products?keywords=2-6609104-6			https://www.xcc.com/search.html?keyword=2-6609104-6				consistent|mall_inconsistent|signal_missing|our_rule_gap	
3-103-873	SCHURTER Inc.	电源接入模块（PEM）	电源接入连接器 插座，母型插口 IEC 320-2-2/F 面板安装，卡入式	category=电源接入模块（PEM）	power_terminal_connector/ac_dc_power_jack	AC/DC电源插座	connector_dk_pem_v1	0.7800	https://www.digikey.cn/zh/products?keywords=3-103-873			https://www.xcc.com/search.html?keyword=3-103-873				consistent|mall_inconsistent|signal_missing|our_rule_gap	
2-1609114-6	TE Connectivity Corcom Filters	电源接入模块（PEM）	电源接入连接器 插座，公插片 - 模块 IEC 320-C14 面板安装，法兰	category=电源接入模块（PEM）	power_terminal_connector/ac_dc_power_jack	AC/DC电源插座	connector_dk_pem_v1	0.7800	https://www.digikey.cn/zh/products?keywords=2-1609114-6			https://www.xcc.com/search.html?keyword=2-1609114-6				consistent|mall_inconsistent|signal_missing|our_rule_gap	
03IB2S	Delta Electronics	电源接入模块（PEM）	电源接入连接器 插座，公插片 - 模块 IEC 320-C14 面板安装，法兰	category=电源接入模块（PEM）	power_terminal_connector/ac_dc_power_jack	AC/DC电源插座	connector_dk_pem_v1	0.7800	https://www.digikey.cn/zh/products?keywords=03IB2S			https://www.xcc.com/search.html?keyword=03IB2S				consistent|mall_inconsistent|signal_missing|our_rule_gap	
6610-5-711-10-1151-00	SCHURTER Inc.	电源接入模块（PEM）	电源接入连接器 插座，母型插口 IEC 320-2-2/F 面板安装，卡入式	category=电源接入模块（PEM）	power_terminal_connector/ac_dc_power_jack	AC/DC电源插座	connector_dk_pem_v1	0.7800	https://www.digikey.cn/zh/products?keywords=6610-5-711-10-1151-00			https://www.xcc.com/search.html?keyword=6610-5-711-10-1151-00				consistent|mall_inconsistent|signal_missing|our_rule_gap	
YK3151833000G	Amphenol Anytek	隔板块	"18 电路 0.300""（7.62mm） 隔板接线座 连接器 螺钉，带紧固板"	category=隔板块	power_terminal_connector/barrier_terminal_block	栅栏式接线端子	connector_dk_barrier_block_v1	0.7800	https://www.digikey.cn/zh/products?keywords=YK3151833000G			https://www.xcc.com/search.html?keyword=YK3151833000G				consistent|mall_inconsistent|signal_missing|our_rule_gap	
T38211160	Curtis Industries	隔板块	"16 电路 0.375""（9.53mm） 隔板接线座 连接器 螺钉，带紧固板"	category=隔板块	power_terminal_connector/barrier_terminal_block	栅栏式接线端子	connector_dk_barrier_block_v1	0.7800	https://www.digikey.cn/zh/products?keywords=T38211160			https://www.xcc.com/search.html?keyword=T38211160				consistent|mall_inconsistent|signal_missing|our_rule_gap	
325108230	Curtis Industries	隔板块	"23 电路 0.325""（8.26mm） 隔板接线座 连接器 螺钉，带紧固板"	category=隔板块	power_terminal_connector/barrier_terminal_block	栅栏式接线端子	connector_dk_barrier_block_v1	0.7800	https://www.digikey.cn/zh/products?keywords=325108230			https://www.xcc.com/search.html?keyword=325108230				consistent|mall_inconsistent|signal_missing|our_rule_gap	
238111250	Curtis Industries	隔板块	电路 连接器	category=隔板块	power_terminal_connector/barrier_terminal_block	栅栏式接线端子	connector_dk_barrier_block_v1	0.7800	https://www.digikey.cn/zh/products?keywords=238111250			https://www.xcc.com/search.html?keyword=238111250				consistent|mall_inconsistent|signal_missing|our_rule_gap	
T38020090	Curtis Industries	隔板块	"9 电路 0.375""（9.53mm） 隔板接线座 连接器 螺钉"	category=隔板块	power_terminal_connector/barrier_terminal_block	栅栏式接线端子	connector_dk_barrier_block_v1	0.7800	https://www.digikey.cn/zh/products?keywords=T38020090			https://www.xcc.com/search.html?keyword=T38020090				consistent|mall_inconsistent|signal_missing|our_rule_gap	
EGM18DTAN	Sullins Connector Solutions	边缘板连接器	"36 位置 母头 连接器 非指定 - 双边 镀金 0.156""（3.96mm） 蓝色"	category=边缘板连接器	board_wire_interconnect_connector/board_to_board_connector	板对板连接器	connector_dk_cat_board_to_board_v1	0.7800	https://www.digikey.cn/zh/products?keywords=EGM18DTAN			https://www.xcc.com/search.html?keyword=EGM18DTAN				consistent|mall_inconsistent|signal_missing|our_rule_gap	
GEM22DRUH	Sullins Connector Solutions	边缘板连接器	"44 位置 母头 连接器 非指定 - 双边 锡 0.156""（3.96mm） 黑色"	category=边缘板连接器	board_wire_interconnect_connector/board_to_board_connector	板对板连接器	connector_dk_cat_board_to_board_v1	0.7800	https://www.digikey.cn/zh/products?keywords=GEM22DRUH			https://www.xcc.com/search.html?keyword=GEM22DRUH				consistent|mall_inconsistent|signal_missing|our_rule_gap	
392-052-558-202	EDAC Inc.	边缘板连接器	"52 位置 母头 连接器 非指定 - 双边 镀金 0.100""（2.54mm） 黑色"	category=边缘板连接器	board_wire_interconnect_connector/board_to_board_connector	板对板连接器	connector_dk_cat_board_to_board_v1	0.7800	https://www.digikey.cn/zh/products?keywords=392-052-558-202			https://www.xcc.com/search.html?keyword=392-052-558-202				consistent|mall_inconsistent|signal_missing|our_rule_gap	
TW-06-06-L-D-440-SM-A	Samtec Inc.	板间隔柱，堆叠器（板对板）	"12 针位针座间隔柱连接器 0.079""（2.00mm） 镀金 表面贴装型"	category=板间隔柱，堆叠器（板对板）	board_wire_interconnect_connector/board_to_board_connector	板对板连接器	connector_dk_cat_board_to_board_v1	0.7800	https://www.digikey.cn/zh/products?keywords=TW-06-06-L-D-440-SM-A			https://www.xcc.com/search.html?keyword=TW-06-06-L-D-440-SM-A				consistent|mall_inconsistent|signal_missing|our_rule_gap	
346-040-500-603	EDAC Inc.	边缘板连接器	"40 位置 母头 连接器 非指定 - 单边 镀金 0.125""（3.18mm） 绿色"	category=边缘板连接器	board_wire_interconnect_connector/board_to_board_connector	板对板连接器	connector_dk_cat_board_to_board_v1	0.7800	https://www.digikey.cn/zh/products?keywords=346-040-500-603			https://www.xcc.com/search.html?keyword=346-040-500-603				consistent|mall_inconsistent|signal_missing|our_rule_gap	
2007884-1	TE Connectivity AMP Connectors	专用	连接器	category=专用	backplane_ic_socket_connector/card_edge_backplane_connector	卡缘/背板连接器	connector_dk_backplane_v1	0.7800	https://www.digikey.cn/zh/products?keywords=2007884-1			https://www.xcc.com/search.html?keyword=2007884-1				consistent|mall_inconsistent|signal_missing|our_rule_gap	
51866-048LF	Amphenol ICC	专用	31 连接器 插座，母插口和片状插口 板边缘，通孔，直角 黑色 叶片形电源	category=专用	backplane_ic_socket_connector/card_edge_backplane_connector	卡缘/背板连接器	connector_dk_backplane_v1	0.7800	https://www.digikey.cn/zh/products?keywords=51866-048LF			https://www.xcc.com/search.html?keyword=51866-048LF				consistent|mall_inconsistent|signal_missing|our_rule_gap	
PLB08F200A1	Amphenol Positronic	专用	8 连接器 插座，母型插口 自由悬挂 蓝色 功率	category=专用	backplane_ic_socket_connector/card_edge_backplane_connector	卡缘/背板连接器	connector_dk_backplane_v1	0.7800	https://www.digikey.cn/zh/products?keywords=PLB08F200A1			https://www.xcc.com/search.html?keyword=PLB08F200A1				consistent|mall_inconsistent|signal_missing|our_rule_gap	
516-038-542-501	EDAC Inc.	背板连接器外壳	38 位置 无极性触头外壳 连接器 绿色 支架和面板	category=背板连接器外壳	backplane_ic_socket_connector/card_edge_backplane_connector	卡缘/背板连接器	connector_dk_backplane_v1	0.7800	https://www.digikey.cn/zh/products?keywords=516-038-542-501			https://www.xcc.com/search.html?keyword=516-038-542-501				consistent|mall_inconsistent|signal_missing|our_rule_gap	
VRM-04-50-200-50-00-L	AirBorn, a Molex company	专用	连接器	category=专用	backplane_ic_socket_connector/card_edge_backplane_connector	卡缘/背板连接器	connector_dk_backplane_v1	0.7800	https://www.digikey.cn/zh/products?keywords=VRM-04-50-200-50-00-L			https://www.xcc.com/search.html?keyword=VRM-04-50-200-50-00-L				consistent|mall_inconsistent|signal_missing|our_rule_gap	
9-2199154-5	TE Connectivity AMP Connectors	直列式模块插座	288 位置 DIMM DDR4 SDRAM 个插口 通孔	category=直列式模块插座	standard_interface_socket_connector/card_socket_connector	卡座连接器	connector_dk_card_socket_v1	0.7800	https://www.digikey.cn/zh/products?keywords=9-2199154-5			https://www.xcc.com/search.html?keyword=9-2199154-5				consistent|mall_inconsistent|signal_missing|our_rule_gap	
M30-C105-00008	Walta	直列式模块插座	位置 SODIMM DDR5 SDRAM 个插口 表面贴装型	category=直列式模块插座	standard_interface_socket_connector/card_socket_connector	卡座连接器	connector_dk_card_socket_v1	0.7800	https://www.digikey.cn/zh/products?keywords=M30-C105-00008			https://www.xcc.com/search.html?keyword=M30-C105-00008				consistent|mall_inconsistent|signal_missing|our_rule_gap	
0787301003	Molex	直列式模块插座	288 位置 DIMM DDR4 SDRAM 个插口 表面贴装型	category=直列式模块插座	standard_interface_socket_connector/card_socket_connector	卡座连接器	connector_dk_card_socket_v1	0.7800	https://www.digikey.cn/zh/products?keywords=0787301003			https://www.xcc.com/search.html?keyword=0787301003				consistent|mall_inconsistent|signal_missing|our_rule_gap	
1-1565691-4	TE Connectivity AMP Connectors	直列式模块插座	200 位置 SODIMM DDR2 SDRAM 个插口 表面贴装型	category=直列式模块插座	standard_interface_socket_connector/card_socket_connector	卡座连接器	connector_dk_card_socket_v1	0.7800	https://www.digikey.cn/zh/products?keywords=1-1565691-4			https://www.xcc.com/search.html?keyword=1-1565691-4				consistent|mall_inconsistent|signal_missing|our_rule_gap	
DDR504222804J	Amphenol ICC	直列式模块插座	288 位置 DIMM DDR5 SDRAM 个插口 表面贴装型	category=直列式模块插座	standard_interface_socket_connector/card_socket_connector	卡座连接器	connector_dk_card_socket_v1	0.7800	https://www.digikey.cn/zh/products?keywords=DDR504222804J			https://www.xcc.com/search.html?keyword=DDR504222804J				consistent|mall_inconsistent|signal_missing|our_rule_gap	
MKJ4B1Z7-10PB	ITT Cannon, LLC	圆形连接器组件	针位圆形连接器	category=圆形连接器组件	general_shell_connector/circular_connector	圆形连接器	connector_dk_cat_circular_v1	0.7800	https://www.digikey.cn/zh/products?keywords=MKJ4B1Z7-10PB			https://www.xcc.com/search.html?keyword=MKJ4B1Z7-10PB				consistent|mall_inconsistent|signal_missing|our_rule_gap	
LJTPQ00RE-17-6SB(SRLC)	Amphenol Aerospace Operations	圆形连接器外壳	针位圆形连接器	category=圆形连接器外壳	general_shell_connector/circular_connector	圆形连接器	connector_dk_cat_circular_v1	0.7800	https://www.digikey.cn/zh/products?keywords=LJTPQ00RE-17-6SB%28SRLC%29			https://www.xcc.com/search.html?keyword=LJTPQ00RE-17-6SB%28SRLC%29				consistent|mall_inconsistent|signal_missing|our_rule_gap	
9444W18-4A	Amphenol Aerospace Operations	圆形连接器外壳	针位圆形连接器	category=圆形连接器外壳	general_shell_connector/circular_connector	圆形连接器	connector_dk_cat_circular_v1	0.7800	https://www.digikey.cn/zh/products?keywords=9444W18-4A			https://www.xcc.com/search.html?keyword=9444W18-4A				consistent|mall_inconsistent|signal_missing|our_rule_gap	
M85049/17-08Z01A	Amphenol PCD	底壳和电缆夹	黑色 连接器 底壳，电缆夹 8，9	category=底壳和电缆夹	general_shell_connector/circular_connector	圆形连接器	connector_dk_cat_circular_v1	0.7800	https://www.digikey.cn/zh/products?keywords=M85049/17-08Z01A			https://www.xcc.com/search.html?keyword=M85049/17-08Z01A				consistent|mall_inconsistent|signal_missing|our_rule_gap	
M83723/77R24617	Amphenol Aerospace Operations	圆形连接器组件	针位圆形连接器	category=圆形连接器组件	general_shell_connector/circular_connector	圆形连接器	connector_dk_cat_circular_v1	0.7800	https://www.digikey.cn/zh/products?keywords=M83723/77R24617			https://www.xcc.com/search.html?keyword=M83723/77R24617				consistent|mall_inconsistent|signal_missing|our_rule_gap	
CBD5W5M00GT2Z	Amphenol Positronic	D-Sub、D 形连接器外壳	体座 连接器 位置	category=D-Sub、D 形连接器外壳	general_shell_connector/d_sub_connector	D-Sub连接器	connector_dk_cat_dsub_v1	0.7800	https://www.digikey.cn/zh/products?keywords=CBD5W5M00GT2Z			https://www.xcc.com/search.html?keyword=CBD5W5M00GT2Z				consistent|mall_inconsistent|signal_missing|our_rule_gap	
RD50M0S50V3S	Amphenol Positronic	D-Sub、D 形连接器外壳	公触点插头 体座 D-Sub 连接器 50 位置	category=D-Sub、D 形连接器外壳	general_shell_connector/d_sub_connector	D-Sub连接器	connector_dk_cat_dsub_v1	0.7800	https://www.digikey.cn/zh/products?keywords=RD50M0S50V3S			https://www.xcc.com/search.html?keyword=RD50M0S50V3S				consistent|mall_inconsistent|signal_missing|our_rule_gap	
CBD2WK2M00AN0Z	Amphenol Positronic	D-Sub、D 形连接器外壳	体座 连接器 位置	category=D-Sub、D 形连接器外壳	general_shell_connector/d_sub_connector	D-Sub连接器	connector_dk_cat_dsub_v1	0.7800	https://www.digikey.cn/zh/products?keywords=CBD2WK2M00AN0Z			https://www.xcc.com/search.html?keyword=CBD2WK2M00AN0Z				consistent|mall_inconsistent|signal_missing|our_rule_gap	
DD26M00ANT2X/AA	Amphenol Positronic	D-Sub、D 形连接器外壳	公触点插头 体座 D-Sub，高密度 连接器 26 位置	category=D-Sub、D 形连接器外壳	general_shell_connector/d_sub_connector	D-Sub连接器	connector_dk_cat_dsub_v1	0.7800	https://www.digikey.cn/zh/products?keywords=DD26M00ANT2X/AA			https://www.xcc.com/search.html?keyword=DD26M00ANT2X/AA				consistent|mall_inconsistent|signal_missing|our_rule_gap	
553258-1	TE Connectivity AMP Connectors	D-Sub、D 形连接器 - 适配器	适配器连接器 D-Sub，50，Centronic，母型 至 D-Sub，50，Centronic，公型 自由悬挂	category=D-Sub、D 形连接器 - 适配器	general_shell_connector/d_sub_connector	D-Sub连接器	connector_dk_cat_dsub_v1	0.7800	https://www.digikey.cn/zh/products?keywords=553258-1			https://www.xcc.com/search.html?keyword=553258-1				consistent|mall_inconsistent|signal_missing|our_rule_gap	
ARJM11B1-008-AD-CW4	Abracon LLC	带磁性的模块化/以太网连接器（RJ45）插孔	1 端口 RJ45 通孔 10/100 Base-T，AutoMDIX	category=带磁性的模块化/以太网连接器（RJ45）插孔	standard_interface_socket_connector/ethernet_rj45_connector	以太网/RJ45连接器	connector_dk_rj45_v1	0.7800	https://www.digikey.cn/zh/products?keywords=ARJM11B1-008-AD-CW4			https://www.xcc.com/search.html?keyword=ARJM11B1-008-AD-CW4				consistent|mall_inconsistent|signal_missing|our_rule_gap	
PC4D0042-1910NY-46-J	TE Connectivity AMP Connectors	模块化/以太网连接器（RJ45，RJ11）插头	模块化连接器 位置	category=模块化/以太网连接器（RJ45，RJ11）插头	standard_interface_socket_connector/ethernet_rj45_connector	以太网/RJ45连接器	connector_dk_rj45_v1	0.7800	https://www.digikey.cn/zh/products?keywords=PC4D0042-1910NY-46-J			https://www.xcc.com/search.html?keyword=PC4D0042-1910NY-46-J				consistent|mall_inconsistent|signal_missing|our_rule_gap	
SI-60162-F	Stewart Connector	带磁性的模块化/以太网连接器（RJ45）插孔	1 端口 RJ45 通孔 10 Base-T	category=带磁性的模块化/以太网连接器（RJ45）插孔	standard_interface_socket_connector/ethernet_rj45_connector	以太网/RJ45连接器	connector_dk_rj45_v1	0.7800	https://www.digikey.cn/zh/products?keywords=SI-60162-F			https://www.xcc.com/search.html?keyword=SI-60162-F				consistent|mall_inconsistent|signal_missing|our_rule_gap	
ARJM11C7-007-NN-CW2	Abracon LLC	带磁性的模块化/以太网连接器（RJ45）插孔	1 端口 RJ45 通孔 10/100 Base-T，AutoMDIX	category=带磁性的模块化/以太网连接器（RJ45）插孔	standard_interface_socket_connector/ethernet_rj45_connector	以太网/RJ45连接器	connector_dk_rj45_v1	0.7800	https://www.digikey.cn/zh/products?keywords=ARJM11C7-007-NN-CW2			https://www.xcc.com/search.html?keyword=ARJM11C7-007-NN-CW2				consistent|mall_inconsistent|signal_missing|our_rule_gap	
TM21P-88P(62)	Hirose Electric Co Ltd	模块化/以太网连接器（RJ45，RJ11）插头	插头 模块化连接器 8p8c（RJ45，以太网） 位置 压接	category=模块化/以太网连接器（RJ45，RJ11）插头	standard_interface_socket_connector/ethernet_rj45_connector	以太网/RJ45连接器	connector_dk_rj45_v1	0.7800	https://www.digikey.cn/zh/products?keywords=TM21P-88P%2862%29			https://www.xcc.com/search.html?keyword=TM21P-88P%2862%29				consistent|mall_inconsistent|signal_missing|our_rule_gap	
CP30245M3B	CLIFF Electronic Components Ltd	光纤连接器适配器	耦合器 光纤连接器 MTP 插座 至 MTP 插座 面板安装，法兰（2 孔）	category=光纤连接器适配器	general_shell_connector/fiber_optic_connector	光纤连接器	connector_dk_cat_fiber_v1	0.7800	https://www.digikey.cn/zh/products?keywords=CP30245M3B			https://www.xcc.com/search.html?keyword=CP30245M3B				consistent|mall_inconsistent|signal_missing|our_rule_gap	
FC3XO-16-10A	Panduit Corp	光纤连接器适配器	耦合器 光纤连接器 LC 插座 至 MPO 插座 自由悬挂	category=光纤连接器适配器	general_shell_connector/fiber_optic_connector	光纤连接器	connector_dk_cat_fiber_v1	0.7800	https://www.digikey.cn/zh/products?keywords=FC3XO-16-10A			https://www.xcc.com/search.html?keyword=FC3XO-16-10A				consistent|mall_inconsistent|signal_missing|our_rule_gap	
FC2ZO-12-10AF	Panduit Corp	光纤连接器适配器	适配器 光纤连接器 LC 插座 至 MPO 插座 自由悬挂	category=光纤连接器适配器	general_shell_connector/fiber_optic_connector	光纤连接器	connector_dk_cat_fiber_v1	0.7800	https://www.digikey.cn/zh/products?keywords=FC2ZO-12-10AF			https://www.xcc.com/search.html?keyword=FC2ZO-12-10AF				consistent|mall_inconsistent|signal_missing|our_rule_gap	
OPSB1ANNC1P1	Adam Tech	光纤连接器适配器	耦合器 光纤连接器 SC 插座 至 SC 插座 面板安装，法兰，咬接	category=光纤连接器适配器	general_shell_connector/fiber_optic_connector	光纤连接器	connector_dk_cat_fiber_v1	0.7800	https://www.digikey.cn/zh/products?keywords=OPSB1ANNC1P1			https://www.xcc.com/search.html?keyword=OPSB1ANNC1P1				consistent|mall_inconsistent|signal_missing|our_rule_gap	
PXF4051	Bulgin	光纤连接器外壳	光纤连接器 - 外壳 插座 用于 LC 连接器	category=光纤连接器外壳	general_shell_connector/fiber_optic_connector	光纤连接器	connector_dk_cat_fiber_v1	0.7800	https://www.digikey.cn/zh/products?keywords=PXF4051			https://www.xcc.com/search.html?keyword=PXF4051				consistent|mall_inconsistent|signal_missing|our_rule_gap	
06FMN-BMTTN-A-TF	JST Sales America Inc.	FFC、FPC（扁平柔性）连接器组件	"6 位置 FFC 连接器 触头，垂直 - 单侧 0.039""（1.00mm） 表面贴装型"	category=FFC、FPC（扁平柔性）连接器组件	board_wire_interconnect_connector/fpc_ffc_connector	FPC/FFC连接器	connector_dk_cat_fpc_ffc_v1	0.7800	https://www.digikey.cn/zh/products?keywords=06FMN-BMTTN-A-TF			https://www.xcc.com/search.html?keyword=06FMN-BMTTN-A-TF				consistent|mall_inconsistent|signal_missing|our_rule_gap	
TF38-16S-0.5SV(830)	Hirose Electric Co Ltd	FFC、FPC（扁平柔性）连接器组件	"16 位置 FFC，FPC 连接器 触头，垂直 - 单侧 0.020""（0.50mm） 表面贴装型"	category=FFC、FPC（扁平柔性）连接器组件	board_wire_interconnect_connector/fpc_ffc_connector	FPC/FFC连接器	connector_dk_cat_fpc_ffc_v1	0.7800	https://www.digikey.cn/zh/products?keywords=TF38-16S-0.5SV%28830%29			https://www.xcc.com/search.html?keyword=TF38-16S-0.5SV%28830%29				consistent|mall_inconsistent|signal_missing|our_rule_gap	
1-88859-0	TE Connectivity AMP Connectors	FFC、FPC（扁平柔性）连接器外壳	"外壳 FFC 母触点体座 连接器 销锁 4位置 0.100""（2.54mm）"	category=FFC、FPC（扁平柔性）连接器外壳	board_wire_interconnect_connector/fpc_ffc_connector	FPC/FFC连接器	connector_dk_cat_fpc_ffc_v1	0.7800	https://www.digikey.cn/zh/products?keywords=1-88859-0			https://www.xcc.com/search.html?keyword=1-88859-0				consistent|mall_inconsistent|signal_missing|our_rule_gap	
XF3M(1)-2015-1B	Omron Electronics Inc-EMC Div	FFC、FPC（扁平柔性）连接器组件	"20 位置 FFC，单线 连接器 触头，上和下 0.039""（1.00mm） 表面贴装，直角"	category=FFC、FPC（扁平柔性）连接器组件	board_wire_interconnect_connector/fpc_ffc_connector	FPC/FFC连接器	connector_dk_cat_fpc_ffc_v1	0.7800	https://www.digikey.cn/zh/products?keywords=XF3M%281%29-2015-1B			https://www.xcc.com/search.html?keyword=XF3M%281%29-2015-1B				consistent|mall_inconsistent|signal_missing|our_rule_gap	
84953-8	TE Connectivity AMP Connectors	FFC、FPC（扁平柔性）连接器组件	"8 位置 FPC 连接器 触点，顶部 0.039""（1.00mm） 表面贴装，直角"	category=FFC、FPC（扁平柔性）连接器组件	board_wire_interconnect_connector/fpc_ffc_connector	FPC/FFC连接器	connector_dk_cat_fpc_ffc_v1	0.7800	https://www.digikey.cn/zh/products?keywords=84953-8			https://www.xcc.com/search.html?keyword=84953-8				consistent|mall_inconsistent|signal_missing|our_rule_gap	
0472660001	Molex	USB、DVI、HDMI 连接器组件	HDMI 插座 连接器 19 位 表面贴装，直角，通孔	category=USB、DVI、HDMI 连接器组件	standard_interface_socket_connector/hdmi_connector	HDMI连接器	connector_dk_hdmi_note_v1	0.9200	https://www.digikey.cn/zh/products?keywords=0472660001			https://www.xcc.com/search.html?keyword=0472660001				consistent|mall_inconsistent|signal_missing|our_rule_gap	
0476301010	Molex	USB、DVI、HDMI 连接器组件	HDMI 插座 连接器 19 位 板边缘，切口；通孔，直角	category=USB、DVI、HDMI 连接器组件	standard_interface_socket_connector/hdmi_connector	HDMI连接器	connector_dk_hdmi_note_v1	0.9200	https://www.digikey.cn/zh/products?keywords=0476301010			https://www.xcc.com/search.html?keyword=0476301010				consistent|mall_inconsistent|signal_missing|our_rule_gap	
DIS-23PFFS-SL8001	Amphenol LTW	USB、DVI、HDMI 连接器组件	DVI-I 单链路 插座 连接器 23 位 面板安装，通孔	category=USB、DVI、HDMI 连接器组件	standard_interface_socket_connector/hdmi_connector	HDMI连接器	connector_dk_hdmi_note_v1	0.9200	https://www.digikey.cn/zh/products?keywords=DIS-23PFFS-SL8001			https://www.xcc.com/search.html?keyword=DIS-23PFFS-SL8001				consistent|mall_inconsistent|signal_missing|our_rule_gap	
HDMR-29-01-F-SM	Samtec Inc.	USB、DVI、HDMI 连接器组件	HDMI 插座 连接器 29 位 表面贴装，直角，通孔	category=USB、DVI、HDMI 连接器组件	standard_interface_socket_connector/hdmi_connector	HDMI连接器	connector_dk_hdmi_note_v1	0.9200	https://www.digikey.cn/zh/products?keywords=HDMR-29-01-F-SM			https://www.xcc.com/search.html?keyword=HDMR-29-01-F-SM				consistent|mall_inconsistent|signal_missing|our_rule_gap	
0471510112	Molex	USB、DVI、HDMI 连接器组件	HDMI 插座 连接器 19 位 表面贴装，直角，通孔	category=USB、DVI、HDMI 连接器组件	standard_interface_socket_connector/hdmi_connector	HDMI连接器	connector_dk_hdmi_note_v1	0.9200	https://www.digikey.cn/zh/products?keywords=0471510112			https://www.xcc.com/search.html?keyword=0471510112				consistent|mall_inconsistent|signal_missing|our_rule_gap	
HLS-0412-S-2	Samtec Inc.	IC 插座	48（4 x 12） 位置 SIP 插口 镀金 通孔	category=IC 插座	backplane_ic_socket_connector/ic_socket_connector	IC插座	connector_dk_ic_socket_v1	0.7800	https://www.digikey.cn/zh/products?keywords=HLS-0412-S-2			https://www.xcc.com/search.html?keyword=HLS-0412-S-2				consistent|mall_inconsistent|signal_missing|our_rule_gap	
36-0518-10	Aries Electronics	IC 插座	36（1 x 36） 位置 SIP 插口 镀金 通孔	category=IC 插座	backplane_ic_socket_connector/ic_socket_connector	IC插座	connector_dk_ic_socket_v1	0.7800	https://www.digikey.cn/zh/products?keywords=36-0518-10			https://www.xcc.com/search.html?keyword=36-0518-10				consistent|mall_inconsistent|signal_missing|our_rule_gap	
116-43-632-61-008000	Mill-Max Manufacturing Corp.	IC 插座	"32（2 x 16） 位置 DIP，0.6""（15.24mm）行距 插口 镀金 通孔"	category=IC 插座	backplane_ic_socket_connector/ic_socket_connector	IC插座	connector_dk_ic_socket_v1	0.7800	https://www.digikey.cn/zh/products?keywords=116-43-632-61-008000			https://www.xcc.com/search.html?keyword=116-43-632-61-008000				consistent|mall_inconsistent|signal_missing|our_rule_gap	
ICA-624-ZSGG-L	Samtec Inc.	IC 插座	"24（2 x 12） 位置 DIP，0.6""（15.24mm）行距 插口 镀金 通孔"	category=IC 插座	backplane_ic_socket_connector/ic_socket_connector	IC插座	connector_dk_ic_socket_v1	0.7800	https://www.digikey.cn/zh/products?keywords=ICA-624-ZSGG-L			https://www.xcc.com/search.html?keyword=ICA-624-ZSGG-L				consistent|mall_inconsistent|signal_missing|our_rule_gap	
APH-0820-G-R	Samtec Inc.	IC 插座	位置 插口	category=IC 插座	backplane_ic_socket_connector/ic_socket_connector	IC插座	connector_dk_ic_socket_v1	0.7800	https://www.digikey.cn/zh/products?keywords=APH-0820-G-R			https://www.xcc.com/search.html?keyword=APH-0820-G-R				consistent|mall_inconsistent|signal_missing|our_rule_gap	
FX2-20P-1.27DS	Hirose Electric Co Ltd	并口连接器	20 位置 插头 连接器 板至板 通孔，直角 焊接	category=并口连接器	board_wire_interconnect_connector/idc_connector	IDC连接器	connector_dk_cat_idc_v1	0.7800	https://www.digikey.cn/zh/products?keywords=FX2-20P-1.27DS			https://www.xcc.com/search.html?keyword=FX2-20P-1.27DS				consistent|mall_inconsistent|signal_missing|our_rule_gap	
2129260-1	TE Connectivity AMP Connectors	并口连接器	40 位置 插座 连接器 通孔，直角 焊接	category=并口连接器	board_wire_interconnect_connector/idc_connector	IDC连接器	connector_dk_cat_idc_v1	0.7800	https://www.digikey.cn/zh/products?keywords=2129260-1			https://www.xcc.com/search.html?keyword=2129260-1				consistent|mall_inconsistent|signal_missing|our_rule_gap	
112-014-213R001	NorComp Inc.	并口连接器	14 位置 插座 连接器 SCSI 通孔，直角 焊接	category=并口连接器	board_wire_interconnect_connector/idc_connector	IDC连接器	connector_dk_cat_idc_v1	0.7800	https://www.digikey.cn/zh/products?keywords=112-014-213R001			https://www.xcc.com/search.html?keyword=112-014-213R001				consistent|mall_inconsistent|signal_missing|our_rule_gap	
15732500	Amphenol ICC	并口连接器	50 位置 插头 连接器 自由悬挂 IDC	category=并口连接器	board_wire_interconnect_connector/idc_connector	IDC连接器	connector_dk_cat_idc_v1	0.7800	https://www.digikey.cn/zh/products?keywords=15732500			https://www.xcc.com/search.html?keyword=15732500				consistent|mall_inconsistent|signal_missing|our_rule_gap	
DX10AM-110SE2(50)	Hirose Electric Co Ltd	并口连接器	110 位置 插座 连接器 微型高密度（HD） 面板安装，通孔，直角 焊接	category=并口连接器	board_wire_interconnect_connector/idc_connector	IDC连接器	connector_dk_cat_idc_v1	0.7800	https://www.digikey.cn/zh/products?keywords=DX10AM-110SE2%2850%29			https://www.xcc.com/search.html?keyword=DX10AM-110SE2%2850%29				consistent|mall_inconsistent|signal_missing|our_rule_gap	
MTSW-112-07-L-S-175	Samtec Inc.	针座，公插针	"针座连接器 通孔 12 位置 0.100""（2.54mm）"	category=针座，公插针	board_wire_interconnect_connector/pin_header_socket	排针排母	connector_dk_cat_pin_header_v1	0.7800	https://www.digikey.cn/zh/products?keywords=MTSW-112-07-L-S-175			https://www.xcc.com/search.html?keyword=MTSW-112-07-L-S-175				consistent|mall_inconsistent|signal_missing|our_rule_gap	
1524910000	Weidmüller	针座、插头和插座	"10 针位端子块 接头，公引脚，带罩（4 面） 0.200""（5.08mm） 垂直 通孔"	category=针座、插头和插座	board_wire_interconnect_connector/pin_header_socket	排针排母	connector_dk_cat_pin_header_v1	0.7800	https://www.digikey.cn/zh/products?keywords=1524910000			https://www.xcc.com/search.html?keyword=1524910000				consistent|mall_inconsistent|signal_missing|our_rule_gap	
MTMM-120-13-F-S-495	Samtec Inc.	针座，公插针	"针座连接器 通孔 20 位置 0.079""（2.00mm）"	category=针座，公插针	board_wire_interconnect_connector/pin_header_socket	排针排母	connector_dk_cat_pin_header_v1	0.7800	https://www.digikey.cn/zh/products?keywords=MTMM-120-13-F-S-495			https://www.xcc.com/search.html?keyword=MTMM-120-13-F-S-495				consistent|mall_inconsistent|signal_missing|our_rule_gap	
SL 11 214 8 S	Fischer Elektronik	针座，公插针	"针座连接器 通孔 8 位置 0.100""（2.54mm）"	category=针座，公插针	board_wire_interconnect_connector/pin_header_socket	排针排母	connector_dk_cat_pin_header_v1	0.7800	https://www.digikey.cn/zh/products?keywords=SL%2011%20214%208%20S			https://www.xcc.com/search.html?keyword=SL%2011%20214%208%20S				consistent|mall_inconsistent|signal_missing|our_rule_gap	
AW140-EG-G33A	Assmann WSW Components	针座，公插针	"针座连接器 通孔 33 位置 0.100""（2.54mm）"	category=针座，公插针	board_wire_interconnect_connector/pin_header_socket	排针排母	connector_dk_cat_pin_header_v1	0.7800	https://www.digikey.cn/zh/products?keywords=AW140-EG-G33A			https://www.xcc.com/search.html?keyword=AW140-EG-G33A				consistent|mall_inconsistent|signal_missing|our_rule_gap	
785-601		DIN 导轨，通道	NULL	category=DIN 导轨，通道	power_terminal_connector/pluggable_terminal_block	插拔式接线端子	connector_dk_pluggable_terminal_v1	0.7800	https://www.digikey.cn/zh/products?keywords=785-601			https://www.xcc.com/search.html?keyword=785-601				consistent|mall_inconsistent|signal_missing|our_rule_gap	
15433.2	Conta-Clip, Inc.	接口模块	接线板 - 接口模块 至	category=接口模块	power_terminal_connector/pluggable_terminal_block	插拔式接线端子	connector_dk_pluggable_terminal_v1	0.7800	https://www.digikey.cn/zh/products?keywords=15433.2			https://www.xcc.com/search.html?keyword=15433.2				consistent|mall_inconsistent|signal_missing|our_rule_gap	
CX4/3/BL		DIN 导轨，通道	NULL	category=DIN 导轨，通道	power_terminal_connector/pluggable_terminal_block	插拔式接线端子	connector_dk_pluggable_terminal_v1	0.7800	https://www.digikey.cn/zh/products?keywords=CX4/3/BL			https://www.xcc.com/search.html?keyword=CX4/3/BL				consistent|mall_inconsistent|signal_missing|our_rule_gap	
TJS320601	Amphenol PCD	端子接线系统	连接器 引线接头 触点尺寸 20	category=端子接线系统	power_terminal_connector/pluggable_terminal_block	插拔式接线端子	connector_dk_pluggable_terminal_v1	0.7800	https://www.digikey.cn/zh/products?keywords=TJS320601			https://www.xcc.com/search.html?keyword=TJS320601				consistent|mall_inconsistent|signal_missing|our_rule_gap	
DP25-OR		DIN 导轨，通道	NULL	category=DIN 导轨，通道	power_terminal_connector/pluggable_terminal_block	插拔式接线端子	connector_dk_pluggable_terminal_v1	0.7800	https://www.digikey.cn/zh/products?keywords=DP25-OR			https://www.xcc.com/search.html?keyword=DP25-OR				consistent|mall_inconsistent|signal_missing|our_rule_gap	
1340G3-BK	Anderson Power Products, Inc.	刀片式电源连接器触头	插片式触头 10-12 AWG 压接 无公型或母型之分 银	category=刀片式电源连接器触头	power_terminal_connector/power_connector	电源连接器	connector_dk_blade_power_v1	0.7800	https://www.digikey.cn/zh/products?keywords=1340G3-BK			https://www.xcc.com/search.html?keyword=1340G3-BK				consistent|mall_inconsistent|signal_missing|our_rule_gap	
105G12	Anderson Power Products, Inc.	刀片式电源连接器配件	连接器 五金件收纳袋 用于	category=刀片式电源连接器配件	power_terminal_connector/power_connector	电源连接器	connector_dk_blade_power_v1	0.7800	https://www.digikey.cn/zh/products?keywords=105G12			https://www.xcc.com/search.html?keyword=105G12				consistent|mall_inconsistent|signal_missing|our_rule_gap	
5953-BK	Anderson Power Products, Inc.	刀片式电源连接器触头	插片式触头 10-12 AWG 压接 无公型或母型之分 银	category=刀片式电源连接器触头	power_terminal_connector/power_connector	电源连接器	connector_dk_blade_power_v1	0.7800	https://www.digikey.cn/zh/products?keywords=5953-BK			https://www.xcc.com/search.html?keyword=5953-BK				consistent|mall_inconsistent|signal_missing|our_rule_gap	
2-8255P13	Anderson Power Products, Inc.	刀片式电源连接器触头	插片式触头 焊接，PCB	category=刀片式电源连接器触头	power_terminal_connector/power_connector	电源连接器	connector_dk_blade_power_v1	0.7800	https://www.digikey.cn/zh/products?keywords=2-8255P13			https://www.xcc.com/search.html?keyword=2-8255P13				consistent|mall_inconsistent|signal_missing|our_rule_gap	
115G1-BK	Anderson Power Products, Inc.	刀片式电源连接器配件	连接器 缆线夹 用于 Powerpole® Pak 15，30，45 系列	category=刀片式电源连接器配件	power_terminal_connector/power_connector	电源连接器	connector_dk_blade_power_v1	0.7800	https://www.digikey.cn/zh/products?keywords=115G1-BK			https://www.xcc.com/search.html?keyword=115G1-BK				consistent|mall_inconsistent|signal_missing|our_rule_gap	
DF65-3S-1.7C	Hirose Electric Co Ltd	矩形连接器外壳	"3 矩形连接器 - 外壳 插座 米色 0.067""（1.70mm）"	category=矩形连接器外壳	general_shell_connector/rectangular_connector	矩形连接器	connector_dk_cat_rectangular_v1	0.7800	https://www.digikey.cn/zh/products?keywords=DF65-3S-1.7C			https://www.xcc.com/search.html?keyword=DF65-3S-1.7C				consistent|mall_inconsistent|signal_missing|our_rule_gap	
1924393-1	TE Connectivity AMP Connectors	矩形连接器外壳	"14 矩形连接器 - 外壳 插座 黄色 0.118""（3.00mm）"	category=矩形连接器外壳	general_shell_connector/rectangular_connector	矩形连接器	connector_dk_cat_rectangular_v1	0.7800	https://www.digikey.cn/zh/products?keywords=1924393-1			https://www.xcc.com/search.html?keyword=1924393-1				consistent|mall_inconsistent|signal_missing|our_rule_gap	
9134564J0091	Ease Electronics	Keystone 插件	插件 模块插孔 8p8c（RJ45 以太网） 转 模块插孔 8p8c（RJ45 以太网） 银	category=Keystone 插件	general_shell_connector/rectangular_connector	矩形连接器	connector_dk_cat_rectangular_v1	0.7800	https://www.digikey.cn/zh/products?keywords=9134564J0091			https://www.xcc.com/search.html?keyword=9134564J0091				consistent|mall_inconsistent|signal_missing|our_rule_gap	
STW12-34HG	JAM	矩形连接器外壳	"34 矩形连接器 - 外壳 插头 白色 0.049""（1.25mm）"	category=矩形连接器外壳	general_shell_connector/rectangular_connector	矩形连接器	connector_dk_cat_rectangular_v1	0.7800	https://www.digikey.cn/zh/products?keywords=STW12-34HG			https://www.xcc.com/search.html?keyword=STW12-34HG				consistent|mall_inconsistent|signal_missing|our_rule_gap	
1605637	Phoenix Contact	重载连接器插件、模块	公头 插件 16 位置 IDC	category=重载连接器插件、模块	general_shell_connector/rectangular_connector	矩形连接器	connector_dk_cat_rectangular_v1	0.7800	https://www.digikey.cn/zh/products?keywords=1605637			https://www.xcc.com/search.html?keyword=1605637				consistent|mall_inconsistent|signal_missing|our_rule_gap	
9133-9113-000	Radiall USA, Inc.	同轴连接器（射频）组件	SMA 连接器 插孔，母形插口 50 欧姆 通孔 焊片	category=同轴连接器（射频）组件	rf_coaxial_connector/rf_coaxial_connector	RF同轴连接器	connector_dk_rf_coax_v1	0.7800	https://www.digikey.cn/zh/products?keywords=9133-9113-000			https://www.xcc.com/search.html?keyword=9133-9113-000				consistent|mall_inconsistent|signal_missing|our_rule_gap	
51K507-803N5	Rosenberger	同轴连接器（射频）组件	BNC 连接器 插孔，母形插口 50 欧姆 面板安装 压接	category=同轴连接器（射频）组件	rf_coaxial_connector/rf_coaxial_connector	RF同轴连接器	connector_dk_rf_coax_v1	0.7800	https://www.digikey.cn/zh/products?keywords=51K507-803N5			https://www.xcc.com/search.html?keyword=51K507-803N5				consistent|mall_inconsistent|signal_missing|our_rule_gap	
2082460204	Molex	同轴连接器（射频）组件	HFM®，Fakra，三轴 连接器 插头，公引脚 50 欧姆 通孔，直角 焊接	category=同轴连接器（射频）组件	rf_coaxial_connector/rf_coaxial_connector	RF同轴连接器	connector_dk_rf_coax_v1	0.7800	https://www.digikey.cn/zh/products?keywords=2082460204			https://www.xcc.com/search.html?keyword=2082460204				consistent|mall_inconsistent|signal_missing|our_rule_gap	
CONMMCX013	TE Connectivity Linx	同轴连接器（射频）组件	MMCX 连接器 插孔，母形插口 50 欧姆 板边缘，切口；表面贴装 焊接	category=同轴连接器（射频）组件	rf_coaxial_connector/rf_coaxial_connector	RF同轴连接器	connector_dk_rf_coax_v1	0.7800	https://www.digikey.cn/zh/products?keywords=CONMMCX013			https://www.xcc.com/search.html?keyword=CONMMCX013				consistent|mall_inconsistent|signal_missing|our_rule_gap	
RTD-75-M-00	TE Connectivity Aerospace, Defense and Marine	同轴连接器（射频）组件	连接器	category=同轴连接器（射频）组件	rf_coaxial_connector/rf_coaxial_connector	RF同轴连接器	connector_dk_rf_coax_v1	0.7800	https://www.digikey.cn/zh/products?keywords=RTD-75-M-00			https://www.xcc.com/search.html?keyword=RTD-75-M-00				consistent|mall_inconsistent|signal_missing|our_rule_gap	
USBBFTV7PE2N	Amphenol Socapex	USB、DVI、HDMI 连接器组件	USB-B（USB TYPE-B） USB 2.0 插座 连接器 4 位 面板安装	category=USB、DVI、HDMI 连接器组件	standard_interface_socket_connector/usb_connector	USB连接器	connector_dk_usb_note_v1	0.9200	https://www.digikey.cn/zh/products?keywords=USBBFTV7PE2N			https://www.xcc.com/search.html?keyword=USBBFTV7PE2N				consistent|mall_inconsistent|signal_missing|our_rule_gap	
MUSBA111M5	Amphenol ICC	USB、DVI、HDMI 连接器组件	USB-A（USB TYPE-A） USB 2.0 插座 连接器 4 位 面板安装，通孔，直角	category=USB、DVI、HDMI 连接器组件	standard_interface_socket_connector/usb_connector	USB连接器	connector_dk_usb_note_v1	0.9200	https://www.digikey.cn/zh/products?keywords=MUSBA111M5			https://www.xcc.com/search.html?keyword=MUSBA111M5				consistent|mall_inconsistent|signal_missing|our_rule_gap	
USB-B-S-RA-WT-SPCC	Adam Tech	USB、DVI、HDMI 连接器组件	USB-B（USB TYPE-B） 插座 连接器 4 位 通孔，直角	category=USB、DVI、HDMI 连接器组件	standard_interface_socket_connector/usb_connector	USB连接器	connector_dk_usb_note_v1	0.9200	https://www.digikey.cn/zh/products?keywords=USB-B-S-RA-WT-SPCC			https://www.xcc.com/search.html?keyword=USB-B-S-RA-WT-SPCC				consistent|mall_inconsistent|signal_missing|our_rule_gap	
GSB343K331HR	Amphenol ICC	USB、DVI、HDMI 连接器组件	USB - 微 B 型 USB 3.2 第 1（USB 3.1 第 1，Superspeed（USB 3.0）） 插座 连接器 10 位 表面贴装，直角，通孔	category=USB、DVI、HDMI 连接器组件	standard_interface_socket_connector/usb_connector	USB连接器	connector_dk_usb_note_v1	0.9200	https://www.digikey.cn/zh/products?keywords=GSB343K331HR			https://www.xcc.com/search.html?keyword=GSB343K331HR				consistent|mall_inconsistent|signal_missing|our_rule_gap	
E8124-001-01	Pulse Electronics	USB、DVI、HDMI 连接器组件	USB-C（USB TYPE-C） USB 3.2 Gen 2（USB 3.1 Gen 2，Superspeed +（USB 3.1）） 插座 连接器 24 位 板上预留孔，表面贴装，直角；通孔	category=USB、DVI、HDMI 连接器组件	standard_interface_socket_connector/usb_connector	USB连接器	connector_dk_usb_note_v1	0.9200	https://www.digikey.cn/zh/products?keywords=E8124-001-01			https://www.xcc.com/search.html?keyword=E8124-001-01				consistent|mall_inconsistent|signal_missing|our_rule_gap	
KZ2170500000G	Amphenol Anytek	线对板	"21 接线板 - 线至板 45°（135°）角度，带板 0.197""（5.00mm） 通孔"	category=线对板	board_wire_interconnect_connector/wire_to_board_connector	线对板连接器	connector_dk_cat_wire_to_board_v1	0.7800	https://www.digikey.cn/zh/products?keywords=KZ2170500000G			https://www.xcc.com/search.html?keyword=KZ2170500000G				consistent|mall_inconsistent|signal_missing|our_rule_gap	
1333827	Phoenix Contact	线对板	"8 接线板 - 线至板 30°（150°）角度，带板 0.394""（10.00mm） 通孔"	category=线对板	board_wire_interconnect_connector/wire_to_board_connector	线对板连接器	connector_dk_cat_wire_to_board_v1	0.7800	https://www.digikey.cn/zh/products?keywords=1333827			https://www.xcc.com/search.html?keyword=1333827				consistent|mall_inconsistent|signal_missing|our_rule_gap	
T32404540000G	Amphenol Anytek	线对板	"24 接线板 - 线至板 水平，带板 0.197""（5.00mm） 通孔"	category=线对板	board_wire_interconnect_connector/wire_to_board_connector	线对板连接器	connector_dk_cat_wire_to_board_v1	0.7800	https://www.digikey.cn/zh/products?keywords=T32404540000G			https://www.xcc.com/search.html?keyword=T32404540000G				consistent|mall_inconsistent|signal_missing|our_rule_gap	
AWLP 64/3,2-AS	Assmann WSW Components	一件式线到板，直接线对板	64 位置 带状电缆，DIP 针座 连接器 灰色 IDC 通孔	category=一件式线到板，直接线对板	board_wire_interconnect_connector/wire_to_board_connector	线对板连接器	connector_dk_cat_wire_to_board_v1	0.7800	https://www.digikey.cn/zh/products?keywords=AWLP%2064/3%2C2-AS			https://www.xcc.com/search.html?keyword=AWLP%2064/3%2C2-AS				consistent|mall_inconsistent|signal_missing|our_rule_gap	
1751293	Phoenix Contact	线对板	"7 接线板 - 线至板 水平，带板 0.138""（3.50mm） 通孔"	category=线对板	board_wire_interconnect_connector/wire_to_board_connector	线对板连接器	connector_dk_cat_wire_to_board_v1	0.7800	https://www.digikey.cn/zh/products?keywords=1751293			https://www.xcc.com/search.html?keyword=1751293				consistent|mall_inconsistent|signal_missing|our_rule_gap	
696427-1	TE Connectivity AMP Connectors	电线接头连接器	端子 对接接头，直插式，单独开口 连接器 压接 16-22 AWG 天然，红色条纹	category=电线接头连接器	board_wire_interconnect_connector/wire_to_wire_connector	线对线连接器	connector_dk_cat_wire_to_wire_v1	0.7800	https://www.digikey.cn/zh/products?keywords=696427-1			https://www.xcc.com/search.html?keyword=696427-1				consistent|mall_inconsistent|signal_missing|our_rule_gap	
1301440027	Molex	插头和插座	电源连接器 插头，公型片状插脚 NON-NEMA（3P3W） 自由悬挂	category=插头和插座	board_wire_interconnect_connector/wire_to_wire_connector	线对线连接器	connector_dk_cat_wire_to_wire_v1	0.7800	https://www.digikey.cn/zh/products?keywords=1301440027			https://www.xcc.com/search.html?keyword=1301440027				consistent|mall_inconsistent|signal_missing|our_rule_gap	
PCSB350-4-3	Panduit Corp	电线接头连接器	端子 多分接头 连接器 螺钉 350MCM（kcmil）-10AWG 透明	category=电线接头连接器	board_wire_interconnect_connector/wire_to_wire_connector	线对线连接器	connector_dk_cat_wire_to_wire_v1	0.7800	https://www.digikey.cn/zh/products?keywords=PCSB350-4-3			https://www.xcc.com/search.html?keyword=PCSB350-4-3				consistent|mall_inconsistent|signal_missing|our_rule_gap	
BLKPSB2/0-AP-12	Panduit Corp	电线接头连接器	端子 连接器	category=电线接头连接器	board_wire_interconnect_connector/wire_to_wire_connector	线对线连接器	connector_dk_cat_wire_to_wire_v1	0.7800	https://www.digikey.cn/zh/products?keywords=BLKPSB2/0-AP-12			https://www.xcc.com/search.html?keyword=BLKPSB2/0-AP-12				consistent|mall_inconsistent|signal_missing|our_rule_gap	
0191980007	Molex	铲形连接器	红色 10 接线柱 端子 - 铲形连接器 压接 18-22 AWG	category=铲形连接器	board_wire_interconnect_connector/wire_to_wire_connector	线对线连接器	connector_dk_cat_wire_to_wire_v1	0.7800	https://www.digikey.cn/zh/products?keywords=0191980007			https://www.xcc.com/search.html?keyword=0191980007				consistent|mall_inconsistent|signal_missing|our_rule_gap	
