l3_code	l2_code	l3_id	rule_id	confidence	id	brandshort	partno	category	note_cn	source_product_url
ac_dc_power_jack	power_terminal_connector	080502	connector_dk_pem_v1	0.7800	-9222059502454365346	TE Connectivity Corcom Filters	2-6609104-6	电源接入模块（PEM）	电源接入连接器 插座，公插片 - 模块 IEC 320-C14 面板安装，法兰	https://www.digikey.cn/zh/products/detail/te-connectivity-corcom-filters/2-6609104-6/5594843
ac_dc_power_jack	power_terminal_connector	080502	connector_dk_pem_v1	0.7800	-9218661458538745275	SCHURTER Inc.	3-103-873	电源接入模块（PEM）	电源接入连接器 插座，母型插口 IEC 320-2-2/F 面板安装，卡入式	https://www.digikey.cn/zh/products/detail/schurter-inc/3-103-873/9997007
ac_dc_power_jack	power_terminal_connector	080502	connector_dk_pem_v1	0.7800	-9216804038288249821	TE Connectivity Corcom Filters	2-1609114-6	电源接入模块（PEM）	电源接入连接器 插座，公插片 - 模块 IEC 320-C14 面板安装，法兰	https://www.digikey.cn/zh/products/detail/te-connectivity-corcom-filters/2-1609114-6/2213705
ac_dc_power_jack	power_terminal_connector	080502	connector_dk_pem_v1	0.7800	-9213248509961276622	Delta Electronics	03IB2S	电源接入模块（PEM）	电源接入连接器 插座，公插片 - 模块 IEC 320-C14 面板安装，法兰	https://www.digikey.cn/zh/products/detail/delta-electronics/03IB2S/4380056
ac_dc_power_jack	power_terminal_connector	080502	connector_dk_pem_v1	0.7800	-9212329988655628950	SCHURTER Inc.	6610-5-711-10-1151-00	电源接入模块（PEM）	电源接入连接器 插座，母型插口 IEC 320-2-2/F 面板安装，卡入式	https://www.digikey.cn/zh/products/detail/schurter-inc/6610-5-711-10-1151-00/7920407
barrier_terminal_block	power_terminal_connector	080505	connector_dk_barrier_block_v1	0.7800	-9222523200232316956	Amphenol Anytek	YK3151833000G	隔板块	18 电路 0.300"（7.62mm） 隔板接线座 连接器 螺钉，带紧固板	https://www.digikey.cn/zh/products/detail/amphenol-anytek/YK3151833000G/4961197
barrier_terminal_block	power_terminal_connector	080505	connector_dk_barrier_block_v1	0.7800	-9222204524956526728	Curtis Industries	T38211160	隔板块	16 电路 0.375"（9.53mm） 隔板接线座 连接器 螺钉，带紧固板	https://www.digikey.cn/zh/products/detail/curtis-industries/T38211160/4856760
barrier_terminal_block	power_terminal_connector	080505	connector_dk_barrier_block_v1	0.7800	-9220972903827344205	Curtis Industries	325108230	隔板块	23 电路 0.325"（8.26mm） 隔板接线座 连接器 螺钉，带紧固板	https://www.digikey.cn/zh/products/detail/curtis-industries/325108230/2702086
barrier_terminal_block	power_terminal_connector	080505	connector_dk_barrier_block_v1	0.7800	-9220163079827458022	Curtis Industries	238111250	隔板块	电路 连接器	https://www.digikey.cn/zh/products/detail/curtis-industries/238111250/25555809
barrier_terminal_block	power_terminal_connector	080505	connector_dk_barrier_block_v1	0.7800	-9220046763803902722	Curtis Industries	T38020090	隔板块	9 电路 0.375"（9.53mm） 隔板接线座 连接器 螺钉	https://www.digikey.cn/zh/products/detail/curtis-industries/T38020090/4854127
board_to_board_connector	board_wire_interconnect_connector	080101	connector_dk_cat_board_to_board_v1	0.7800	-9223371368157741591	Sullins Connector Solutions	EGM18DTAN	边缘板连接器	36 位置 母头 连接器 非指定 - 双边 镀金 0.156"（3.96mm） 蓝色	https://www.digikey.cn/zh/products/detail/sullins-connector-solutions/EGM18DTAN/1378815
board_to_board_connector	board_wire_interconnect_connector	080101	connector_dk_cat_board_to_board_v1	0.7800	-9223364379599366505	Sullins Connector Solutions	GEM22DRUH	边缘板连接器	44 位置 母头 连接器 非指定 - 双边 锡 0.156"（3.96mm） 黑色	https://www.digikey.cn/zh/products/detail/sullins-connector-solutions/GEM22DRUH/1385917
board_to_board_connector	board_wire_interconnect_connector	080101	connector_dk_cat_board_to_board_v1	0.7800	-9223359307540239965	EDAC Inc.	392-052-558-202	边缘板连接器	52 位置 母头 连接器 非指定 - 双边 镀金 0.100"（2.54mm） 黑色	https://www.digikey.cn/zh/products/detail/edac-inc/392-052-558-202/11053734
board_to_board_connector	board_wire_interconnect_connector	080101	connector_dk_cat_board_to_board_v1	0.7800	-9223347433098627875	Samtec Inc.	TW-06-06-L-D-440-SM-A	板间隔柱，堆叠器（板对板）	12 针位针座间隔柱连接器 0.079"（2.00mm） 镀金 表面贴装型	https://www.digikey.cn/zh/products/detail/samtec-inc/TW-06-06-L-D-440-SM-A/19053558
board_to_board_connector	board_wire_interconnect_connector	080101	connector_dk_cat_board_to_board_v1	0.7800	-9223342328541337522	EDAC Inc.	346-040-500-603	边缘板连接器	40 位置 母头 连接器 非指定 - 单边 镀金 0.125"（3.18mm） 绿色	https://www.digikey.cn/zh/products/detail/edac-inc/346-040-500-603/10983333
card_edge_backplane_connector	backplane_ic_socket_connector	080401	connector_dk_backplane_v1	0.7800	-9222492157258222907	TE Connectivity AMP Connectors	2007884-1	专用	连接器	https://www.digikey.cn/zh/products/detail/te-connectivity-amp-connectors/2007884-1/10466499
card_edge_backplane_connector	backplane_ic_socket_connector	080401	connector_dk_backplane_v1	0.7800	-9222160192946976778	Amphenol ICC	51866-048LF	专用	31 连接器 插座，母插口和片状插口 板边缘，通孔，直角 黑色 叶片形电源	https://www.digikey.cn/zh/products/detail/amphenol-cs-fci/51866-048LF/5194940
card_edge_backplane_connector	backplane_ic_socket_connector	080401	connector_dk_backplane_v1	0.7800	-9221841112215890390	Amphenol Positronic	PLB08F200A1	专用	8 连接器 插座，母型插口 自由悬挂 蓝色 功率	https://www.digikey.cn/zh/products/detail/amphenol-positronic/PLB08F200A1/26303140
card_edge_backplane_connector	backplane_ic_socket_connector	080401	connector_dk_backplane_v1	0.7800	-9220930214210758621	EDAC Inc.	516-038-542-501	背板连接器外壳	38 位置 无极性触头外壳 连接器 绿色 支架和面板	https://www.digikey.cn/zh/products/detail/edac-inc/516-038-542-501/10860523
card_edge_backplane_connector	backplane_ic_socket_connector	080401	connector_dk_backplane_v1	0.7800	-9220598926991327713	AirBorn, a Molex company	VRM-04-50-200-50-00-L	专用	连接器	https://www.digikey.cn/zh/products/detail/airborn-a-molex-company/VRM-04-50-200-50-00-L/24780514
card_socket_connector	standard_interface_socket_connector	080304	connector_dk_card_socket_v1	0.7800	-9222380557821044815	TE Connectivity AMP Connectors	9-2199154-5	直列式模块插座	288 位置 DIMM DDR4 SDRAM 个插口 通孔	https://www.digikey.cn/zh/products/detail/te-connectivity-amp-connectors/9-2199154-5/7039462
card_socket_connector	standard_interface_socket_connector	080304	connector_dk_card_socket_v1	0.7800	-9220986388592573720	Walta	M30-C105-00008	直列式模块插座	位置 SODIMM DDR5 SDRAM 个插口 表面贴装型	https://www.digikey.cn/zh/products/detail/walta/M30-C105-00008/26865844
card_socket_connector	standard_interface_socket_connector	080304	connector_dk_card_socket_v1	0.7800	-9218301039788027061	Molex	0787301003	直列式模块插座	288 位置 DIMM DDR4 SDRAM 个插口 表面贴装型	https://www.digikey.cn/zh/products/detail/molex/0787301003/15736865
card_socket_connector	standard_interface_socket_connector	080304	connector_dk_card_socket_v1	0.7800	-9205859498225917332	TE Connectivity AMP Connectors	1-1565691-4	直列式模块插座	200 位置 SODIMM DDR2 SDRAM 个插口 表面贴装型	https://www.digikey.cn/zh/products/detail/te-connectivity-amp-connectors/1-1565691-4/2299974
card_socket_connector	standard_interface_socket_connector	080304	connector_dk_card_socket_v1	0.7800	-9194967606763372819	Amphenol ICC	DDR504222804J	直列式模块插座	288 位置 DIMM DDR5 SDRAM 个插口 表面贴装型	https://www.digikey.cn/zh/products/detail/amphenol-cs-fci/DDR504222804J/22526761
circular_connector	general_shell_connector	080202	connector_dk_cat_circular_v1	0.7800	-9223341499399605683	ITT Cannon, LLC	MKJ4B1Z7-10PB	圆形连接器组件	针位圆形连接器	https://www.digikey.cn/zh/products/detail/itt-cannon-llc/MKJ4B1Z7-10PB/26891454
circular_connector	general_shell_connector	080202	connector_dk_cat_circular_v1	0.7800	-9223329725758223574	Amphenol Aerospace Operations	LJTPQ00RE-17-6SB(SRLC)	圆形连接器外壳	针位圆形连接器	https://www.digikey.cn/zh/products/detail/amphenol-aerospace-operations/LJTPQ00RE-17-6SB-SRLC/20021482
circular_connector	general_shell_connector	080202	connector_dk_cat_circular_v1	0.7800	-9223325263639304511	Amphenol Aerospace Operations	9444W18-4A	圆形连接器外壳	针位圆形连接器	https://www.digikey.cn/zh/products/detail/amphenol-aerospace-operations/9444W18-4A/19715104
circular_connector	general_shell_connector	080202	connector_dk_cat_circular_v1	0.7800	-9223325052553714824	Amphenol PCD	M85049/17-08Z01A	底壳和电缆夹	黑色 连接器 底壳，电缆夹 8，9	https://www.digikey.cn/zh/products/detail/amphenol-pcd/M85049-17-08Z01A/11622104
circular_connector	general_shell_connector	080202	connector_dk_cat_circular_v1	0.7800	-9223322854920152162	Amphenol Aerospace Operations	M83723/77R24617	圆形连接器组件	针位圆形连接器	https://www.digikey.cn/zh/products/detail/amphenol-aerospace-operations/M83723-77R24617/26953669
d_sub_connector	general_shell_connector	080203	connector_dk_cat_dsub_v1	0.7800	-9223274608361713827	Amphenol Positronic	CBD5W5M00GT2Z	D-Sub、D 形连接器外壳	体座 连接器 位置	https://www.digikey.cn/zh/products/detail/amphenol-positronic/CBD5W5M00GT2Z/28816915
d_sub_connector	general_shell_connector	080203	connector_dk_cat_dsub_v1	0.7800	-9223037251603734261	Amphenol Positronic	RD50M0S50V3S	D-Sub、D 形连接器外壳	公触点插头 体座 D-Sub 连接器 50 位置	https://www.digikey.cn/zh/products/detail/amphenol-positronic/RD50M0S50V3S/26398963
d_sub_connector	general_shell_connector	080203	connector_dk_cat_dsub_v1	0.7800	-9222666699472040958	Amphenol Positronic	CBD2WK2M00AN0Z	D-Sub、D 形连接器外壳	体座 连接器 位置	https://www.digikey.cn/zh/products/detail/amphenol-positronic/CBD2WK2M00AN0Z/28805463
d_sub_connector	general_shell_connector	080203	connector_dk_cat_dsub_v1	0.7800	-9222626720738459500	Amphenol Positronic	DD26M00ANT2X/AA	D-Sub、D 形连接器外壳	公触点插头 体座 D-Sub，高密度 连接器 26 位置	https://www.digikey.cn/zh/products/detail/amphenol-positronic/DD26M00ANT2X-AA/26363129
d_sub_connector	general_shell_connector	080203	connector_dk_cat_dsub_v1	0.7800	-9221040816528117206	TE Connectivity AMP Connectors	553258-1	D-Sub、D 形连接器 - 适配器	适配器连接器 D-Sub，50，Centronic，母型 至 D-Sub，50，Centronic，公型 自由悬挂	https://www.digikey.cn/zh/products/detail/te-connectivity-amp-connectors/553258-1/2203349
ethernet_rj45_connector	standard_interface_socket_connector	080303	connector_dk_rj45_v1	0.7800	-9222218891945088380	Abracon LLC	ARJM11B1-008-AD-CW4	带磁性的模块化/以太网连接器（RJ45）插孔	1 端口 RJ45 通孔 10/100 Base-T，AutoMDIX	https://www.digikey.cn/zh/products/detail/abracon-llc/ARJM11B1-008-AD-CW4/7679316
ethernet_rj45_connector	standard_interface_socket_connector	080303	connector_dk_rj45_v1	0.7800	-9221326273442160728	TE Connectivity AMP Connectors	PC4D0042-1910NY-46-J	模块化/以太网连接器（RJ45，RJ11）插头	模块化连接器 位置	https://www.digikey.cn/zh/products/detail/te-connectivity-amp-connectors/PC4D0042-1910NY-46-J/22583257
ethernet_rj45_connector	standard_interface_socket_connector	080303	connector_dk_rj45_v1	0.7800	-9219616956341775183	Stewart Connector	SI-60162-F	带磁性的模块化/以太网连接器（RJ45）插孔	1 端口 RJ45 通孔 10 Base-T	https://www.digikey.cn/zh/products/detail/stewart-connector/SI-60162-F/2257198
ethernet_rj45_connector	standard_interface_socket_connector	080303	connector_dk_rj45_v1	0.7800	-9215077154627829657	Abracon LLC	ARJM11C7-007-NN-CW2	带磁性的模块化/以太网连接器（RJ45）插孔	1 端口 RJ45 通孔 10/100 Base-T，AutoMDIX	https://www.digikey.cn/zh/products/detail/abracon-llc/ARJM11C7-007-NN-CW2/7677057
ethernet_rj45_connector	standard_interface_socket_connector	080303	connector_dk_rj45_v1	0.7800	-9213095294052182227	Hirose Electric Co Ltd	TM21P-88P(62)	模块化/以太网连接器（RJ45，RJ11）插头	插头 模块化连接器 8p8c（RJ45，以太网） 位置 压接	https://www.digikey.cn/zh/products/detail/hirose-electric-co-ltd/TM21P-88P-62/5134794
fiber_optic_connector	general_shell_connector	080204	connector_dk_cat_fiber_v1	0.7800	-9180443313702406915	CLIFF Electronic Components Ltd	CP30245M3B	光纤连接器适配器	耦合器 光纤连接器 MTP 插座 至 MTP 插座 面板安装，法兰（2 孔）	https://www.digikey.cn/zh/products/detail/cliff-electronic-components-ltd/CP30245M3B/14542816
fiber_optic_connector	general_shell_connector	080204	connector_dk_cat_fiber_v1	0.7800	-9144338811300506257	Panduit Corp	FC3XO-16-10A	光纤连接器适配器	耦合器 光纤连接器 LC 插座 至 MPO 插座 自由悬挂	https://www.digikey.cn/zh/products/detail/panduit-corp/FC3XO-16-10A/7999922
fiber_optic_connector	general_shell_connector	080204	connector_dk_cat_fiber_v1	0.7800	-9092220882246351145	Panduit Corp	FC2ZO-12-10AF	光纤连接器适配器	适配器 光纤连接器 LC 插座 至 MPO 插座 自由悬挂	https://www.digikey.cn/zh/products/detail/panduit-corp/FC2ZO-12-10AF/7999910
fiber_optic_connector	general_shell_connector	080204	connector_dk_cat_fiber_v1	0.7800	-9084802837825080457	Adam Tech	OPSB1ANNC1P1	光纤连接器适配器	耦合器 光纤连接器 SC 插座 至 SC 插座 面板安装，法兰，咬接	https://www.digikey.cn/zh/products/detail/adam-tech/OPSB1ANNC1P1/13586910
fiber_optic_connector	general_shell_connector	080204	connector_dk_cat_fiber_v1	0.7800	-9083726729273943435	Bulgin	PXF4051	光纤连接器外壳	光纤连接器 - 外壳 插座 用于 LC 连接器	https://www.digikey.cn/zh/products/detail/bulgin/PXF4051/9324664
fpc_ffc_connector	board_wire_interconnect_connector	080104	connector_dk_cat_fpc_ffc_v1	0.7800	-9222956098849312186	JST Sales America Inc.	06FMN-BMTTN-A-TF	FFC、FPC（扁平柔性）连接器组件	6 位置 FFC 连接器 触头，垂直 - 单侧 0.039"（1.00mm） 表面贴装型	https://www.digikey.cn/zh/products/detail/jst-sales-america-inc/06FMN-BMTTN-A-TF/1634663
fpc_ffc_connector	board_wire_interconnect_connector	080104	connector_dk_cat_fpc_ffc_v1	0.7800	-9220831620889918727	Hirose Electric Co Ltd	TF38-16S-0.5SV(830)	FFC、FPC（扁平柔性）连接器组件	16 位置 FFC，FPC 连接器 触头，垂直 - 单侧 0.020"（0.50mm） 表面贴装型	https://www.digikey.cn/zh/products/detail/hirose-electric-co-ltd/TF38-16S-0-5SV-830/11488034
fpc_ffc_connector	board_wire_interconnect_connector	080104	connector_dk_cat_fpc_ffc_v1	0.7800	-9219533006612644709	TE Connectivity AMP Connectors	1-88859-0	FFC、FPC（扁平柔性）连接器外壳	外壳 FFC 母触点体座 连接器 销锁 4位置 0.100"（2.54mm）	https://www.digikey.cn/zh/products/detail/te-connectivity-amp-connectors/1-88859-0/291472
fpc_ffc_connector	board_wire_interconnect_connector	080104	connector_dk_cat_fpc_ffc_v1	0.7800	-9214441318236126782	Omron Electronics Inc-EMC Div	XF3M(1)-2015-1B	FFC、FPC（扁平柔性）连接器组件	20 位置 FFC，单线 连接器 触头，上和下 0.039"（1.00mm） 表面贴装，直角	https://www.digikey.cn/zh/products/detail/omron-electronics-inc-emc-div/XF3M-1-2015-1B/4840791
fpc_ffc_connector	board_wire_interconnect_connector	080104	connector_dk_cat_fpc_ffc_v1	0.7800	-9213053517822067161	TE Connectivity AMP Connectors	84953-8	FFC、FPC（扁平柔性）连接器组件	8 位置 FPC 连接器 触点，顶部 0.039"（1.00mm） 表面贴装，直角	https://www.digikey.cn/zh/products/detail/te-connectivity-amp-connectors/84953-8/2180530
hdmi_connector	standard_interface_socket_connector	080302	connector_dk_hdmi_note_v1	0.9200	-9181348448631664646	Molex	0472660001	USB、DVI、HDMI 连接器组件	HDMI 插座 连接器 19 位 表面贴装，直角，通孔	https://www.digikey.cn/zh/products/detail/molex/0472660001/2548602
hdmi_connector	standard_interface_socket_connector	080302	connector_dk_hdmi_note_v1	0.9200	-9175821431115014879	Molex	0476301010	USB、DVI、HDMI 连接器组件	HDMI 插座 连接器 19 位 板边缘，切口；通孔，直角	https://www.digikey.cn/zh/products/detail/molex/0476301010/3282311
hdmi_connector	standard_interface_socket_connector	080302	connector_dk_hdmi_note_v1	0.9200	-9170784536867014079	Amphenol LTW	DIS-23PFFS-SL8001	USB、DVI、HDMI 连接器组件	DVI-I 单链路 插座 连接器 23 位 面板安装，通孔	https://www.digikey.cn/zh/products/detail/amphenol-ltw/DIS-23PFFS-SL8001/7618363
hdmi_connector	standard_interface_socket_connector	080302	connector_dk_hdmi_note_v1	0.9200	-9077675851462384931	Samtec Inc.	HDMR-29-01-F-SM	USB、DVI、HDMI 连接器组件	HDMI 插座 连接器 29 位 表面贴装，直角，通孔	https://www.digikey.cn/zh/products/detail/samtec-inc/HDMR-29-01-F-SM/19081914
hdmi_connector	standard_interface_socket_connector	080302	connector_dk_hdmi_note_v1	0.9200	-9053125419580058105	Molex	0471510112	USB、DVI、HDMI 连接器组件	HDMI 插座 连接器 19 位 表面贴装，直角，通孔	https://www.digikey.cn/zh/products/detail/molex/0471510112/3262222
ic_socket_connector	backplane_ic_socket_connector	080402	connector_dk_ic_socket_v1	0.7800	-9223209369216674672	Samtec Inc.	HLS-0412-S-2	IC 插座	48（4 x 12） 位置 SIP 插口 镀金 通孔	https://www.digikey.cn/zh/products/detail/samtec-inc/HLS-0412-S-2/18998428
ic_socket_connector	backplane_ic_socket_connector	080402	connector_dk_ic_socket_v1	0.7800	-9223042965872937171	Aries Electronics	36-0518-10	IC 插座	36（1 x 36） 位置 SIP 插口 镀金 通孔	https://www.digikey.cn/zh/products/detail/aries-electronics/36-0518-10/4206496
ic_socket_connector	backplane_ic_socket_connector	080402	connector_dk_ic_socket_v1	0.7800	-9221325358720317575	Mill-Max Manufacturing Corp.	116-43-632-61-008000	IC 插座	32（2 x 16） 位置 DIP，0.6"（15.24mm）行距 插口 镀金 通孔	https://www.digikey.cn/zh/products/detail/mill-max-manufacturing-corp/116-43-632-61-008000/7735612
ic_socket_connector	backplane_ic_socket_connector	080402	connector_dk_ic_socket_v1	0.7800	-9220883875355735042	Samtec Inc.	ICA-624-ZSGG-L	IC 插座	24（2 x 12） 位置 DIP，0.6"（15.24mm）行距 插口 镀金 通孔	https://www.digikey.cn/zh/products/detail/samtec-inc/ICA-624-ZSGG-L/19016983
ic_socket_connector	backplane_ic_socket_connector	080402	connector_dk_ic_socket_v1	0.7800	-9218794025166145933	Samtec Inc.	APH-0820-G-R	IC 插座	位置 插口	https://www.digikey.cn/zh/products/detail/samtec-inc/APH-0820-G-R/25498968
idc_connector	board_wire_interconnect_connector	080106	connector_dk_cat_idc_v1	0.7800	-9222473318935447227	Hirose Electric Co Ltd	FX2-20P-1.27DS	并口连接器	20 位置 插头 连接器 板至板 通孔，直角 焊接	https://www.digikey.cn/zh/products/detail/hirose-electric-co-ltd/FX2-20P-1-27DS/655943
idc_connector	board_wire_interconnect_connector	080106	connector_dk_cat_idc_v1	0.7800	-9217722177288684440	TE Connectivity AMP Connectors	2129260-1	并口连接器	40 位置 插座 连接器 通孔，直角 焊接	https://www.digikey.cn/zh/products/detail/te-connectivity-amp-connectors/2129260-1/4022380
idc_connector	board_wire_interconnect_connector	080106	connector_dk_cat_idc_v1	0.7800	-9217510835098098951	NorComp Inc.	112-014-213R001	并口连接器	14 位置 插座 连接器 SCSI 通孔，直角 焊接	https://www.digikey.cn/zh/products/detail/norcomp-inc/112-014-213R001/955158
idc_connector	board_wire_interconnect_connector	080106	connector_dk_cat_idc_v1	0.7800	-9204491247736580466	Amphenol ICC	15732500	并口连接器	50 位置 插头 连接器 自由悬挂 IDC	https://www.digikey.cn/zh/products/detail/amphenol-cs-commercial-products/15732500/1972184
idc_connector	board_wire_interconnect_connector	080106	connector_dk_cat_idc_v1	0.7800	-9202414660114431655	Hirose Electric Co Ltd	DX10AM-110SE2(50)	并口连接器	110 位置 插座 连接器 微型高密度（HD） 面板安装，通孔，直角 焊接	https://www.digikey.cn/zh/products/detail/hirose-electric-co-ltd/DX10AM-110SE2-50/4283107
pin_header_socket	board_wire_interconnect_connector	080105	connector_dk_cat_pin_header_v1	0.7800	-9223336167931784265	Samtec Inc.	MTSW-112-07-L-S-175	针座，公插针	针座连接器 通孔 12 位置 0.100"（2.54mm）	https://www.digikey.cn/zh/products/detail/samtec-inc/MTSW-112-07-L-S-175/8166374
pin_header_socket	board_wire_interconnect_connector	080105	connector_dk_cat_pin_header_v1	0.7800	-9223031928008787290	Weidmüller	1524910000	针座、插头和插座	10 针位端子块 接头，公引脚，带罩（4 面） 0.200"（5.08mm） 垂直 通孔	https://www.digikey.cn/zh/products/detail/weidm%C3%BCller/1524910000/263889
pin_header_socket	board_wire_interconnect_connector	080105	connector_dk_cat_pin_header_v1	0.7800	-9223015346061016266	Samtec Inc.	MTMM-120-13-F-S-495	针座，公插针	针座连接器 通孔 20 位置 0.079"（2.00mm）	https://www.digikey.cn/zh/products/detail/samtec-inc/MTMM-120-13-F-S-495/8238262
pin_header_socket	board_wire_interconnect_connector	080105	connector_dk_cat_pin_header_v1	0.7800	-9223006838079194048	Fischer Elektronik	SL 11 214 8 S	针座，公插针	针座连接器 通孔 8 位置 0.100"（2.54mm）	https://www.digikey.cn/zh/products/detail/fischer-elektronik/SL-11-214-8-S/24523457
pin_header_socket	board_wire_interconnect_connector	080105	connector_dk_cat_pin_header_v1	0.7800	-9222973083509101159	Assmann WSW Components	AW140-EG-G33A	针座，公插针	针座连接器 通孔 33 位置 0.100"（2.54mm）	https://www.digikey.cn/zh/products/detail/assmann-wsw-components/AW140-EG-G33A/21654069
pluggable_terminal_block	power_terminal_connector	080503	connector_dk_pluggable_terminal_v1	0.7800	-9222036929617736701		785-601	DIN 导轨，通道	NULL	https://www.digikey.cn/zh/products/detail/wago-corporation/785-601/15593630
pluggable_terminal_block	power_terminal_connector	080503	connector_dk_pluggable_terminal_v1	0.7800	-9221847410988899267	Conta-Clip, Inc.	15433.2	接口模块	接线板 - 接口模块 至	https://www.digikey.cn/zh/products/detail/conta-clip-inc/15433-2/10205101
pluggable_terminal_block	power_terminal_connector	080503	connector_dk_pluggable_terminal_v1	0.7800	-9221586786949456660		CX4/3/BL	DIN 导轨，通道	NULL	https://www.digikey.cn/zh/products/detail/altech-corporation/CX4-3-BL/19908636
pluggable_terminal_block	power_terminal_connector	080503	connector_dk_pluggable_terminal_v1	0.7800	-9220804396986028200	Amphenol PCD	TJS320601	端子接线系统	连接器 引线接头 触点尺寸 20	https://www.digikey.cn/zh/products/detail/amphenol-pcd/TJS320601/4784201
pluggable_terminal_block	power_terminal_connector	080503	connector_dk_pluggable_terminal_v1	0.7800	-9220674904040758204		DP25-OR	DIN 导轨，通道	NULL	https://www.digikey.cn/zh/products/detail/eaton-bussmann-electrical-division/DP25-OR/5433847
power_connector	power_terminal_connector	080501	connector_dk_blade_power_v1	0.7800	-9201868228467894052	Anderson Power Products, Inc.	1340G3-BK	刀片式电源连接器触头	插片式触头 10-12 AWG 压接 无公型或母型之分 银	https://www.digikey.cn/zh/products/detail/anderson-power-products-inc/1340G3-BK/14550817
power_connector	power_terminal_connector	080501	connector_dk_blade_power_v1	0.7800	-9186706554001806862	Anderson Power Products, Inc.	105G12	刀片式电源连接器配件	连接器 五金件收纳袋 用于	https://www.digikey.cn/zh/products/detail/anderson-power-products-inc/105G12/14551016
power_connector	power_terminal_connector	080501	connector_dk_blade_power_v1	0.7800	-9186173867372387023	Anderson Power Products, Inc.	5953-BK	刀片式电源连接器触头	插片式触头 10-12 AWG 压接 无公型或母型之分 银	https://www.digikey.cn/zh/products/detail/anderson-power-products-inc/5953-BK/10650410
power_connector	power_terminal_connector	080501	connector_dk_blade_power_v1	0.7800	-9170131167580966902	Anderson Power Products, Inc.	2-8255P13	刀片式电源连接器触头	插片式触头 焊接，PCB	https://www.digikey.cn/zh/products/detail/anderson-power-products-inc/2-8255P13/14551341
power_connector	power_terminal_connector	080501	connector_dk_blade_power_v1	0.7800	-9149809343859668331	Anderson Power Products, Inc.	115G1-BK	刀片式电源连接器配件	连接器 缆线夹 用于 Powerpole® Pak 15，30，45 系列	https://www.digikey.cn/zh/products/detail/anderson-power-products-inc/115G1-BK/10650052
rectangular_connector	general_shell_connector	080201	connector_dk_cat_rectangular_v1	0.7800	-9223000470632834714	Hirose Electric Co Ltd	DF65-3S-1.7C	矩形连接器外壳	3 矩形连接器 - 外壳 插座 米色 0.067"（1.70mm）	https://www.digikey.cn/zh/products/detail/hirose-electric-co-ltd/DF65-3S-1-7C/5087349
rectangular_connector	general_shell_connector	080201	connector_dk_cat_rectangular_v1	0.7800	-9222948511583511377	TE Connectivity AMP Connectors	1924393-1	矩形连接器外壳	14 矩形连接器 - 外壳 插座 黄色 0.118"（3.00mm）	https://www.digikey.cn/zh/products/detail/te-connectivity-amp-connectors/1924393-1/10478331
rectangular_connector	general_shell_connector	080201	connector_dk_cat_rectangular_v1	0.7800	-9222656441798190793	Ease Electronics	9134564J0091	Keystone 插件	插件 模块插孔 8p8c（RJ45 以太网） 转 模块插孔 8p8c（RJ45 以太网） 银	https://www.digikey.cn/zh/products/detail/ease-electronics/9134564J0091/26741753
rectangular_connector	general_shell_connector	080201	connector_dk_cat_rectangular_v1	0.7800	-9222238838367537614	JAM	STW12-34HG	矩形连接器外壳	34 矩形连接器 - 外壳 插头 白色 0.049"（1.25mm）	https://www.digikey.cn/zh/products/detail/jam/STW12-34HG/21382446
rectangular_connector	general_shell_connector	080201	connector_dk_cat_rectangular_v1	0.7800	-9222199428260185407	Phoenix Contact	1605637	重载连接器插件、模块	公头 插件 16 位置 IDC	https://www.digikey.cn/zh/products/detail/phoenix-contact/1605637/2515199
rf_coaxial_connector	rf_coaxial_connector	080601	connector_dk_rf_coax_v1	0.7800	-9222665062731730724	Radiall USA, Inc.	9133-9113-000	同轴连接器（射频）组件	SMA 连接器 插孔，母形插口 50 欧姆 通孔 焊片	https://www.digikey.cn/zh/products/detail/radiall-usa-inc/9133-9113-000/14826020
rf_coaxial_connector	rf_coaxial_connector	080601	connector_dk_rf_coax_v1	0.7800	-9221481156071399348	Rosenberger	51K507-803N5	同轴连接器（射频）组件	BNC 连接器 插孔，母形插口 50 欧姆 面板安装 压接	https://www.digikey.cn/zh/products/detail/rosenberger/51K507-803N5/8591766
rf_coaxial_connector	rf_coaxial_connector	080601	connector_dk_rf_coax_v1	0.7800	-9220313902267033397	Molex	2082460204	同轴连接器（射频）组件	HFM®，Fakra，三轴 连接器 插头，公引脚 50 欧姆 通孔，直角 焊接	https://www.digikey.cn/zh/products/detail/molex/2082460204/25660090
rf_coaxial_connector	rf_coaxial_connector	080601	connector_dk_rf_coax_v1	0.7800	-9219657152801848363	TE Connectivity Linx	CONMMCX013	同轴连接器（射频）组件	MMCX 连接器 插孔，母形插口 50 欧姆 板边缘，切口；表面贴装 焊接	https://www.digikey.cn/zh/products/detail/te-connectivity-linx/CONMMCX013/13245484
rf_coaxial_connector	rf_coaxial_connector	080601	connector_dk_rf_coax_v1	0.7800	-9219194391564769154	TE Connectivity Aerospace, Defense and Marine	RTD-75-M-00	同轴连接器（射频）组件	连接器	https://www.digikey.cn/zh/products/detail/te-connectivity-aerospace-defense-and-marine/RTD-75-M-00/6069386
usb_connector	standard_interface_socket_connector	080301	connector_dk_usb_note_v1	0.9200	-9219425746900624740	Amphenol Socapex	USBBFTV7PE2N	USB、DVI、HDMI 连接器组件	USB-B（USB TYPE-B） USB 2.0 插座 连接器 4 位 面板安装	https://www.digikey.cn/zh/products/detail/amphenol-pcd/USBBFTV7PE2N/4783546
usb_connector	standard_interface_socket_connector	080301	connector_dk_usb_note_v1	0.9200	-9216989777411953546	Amphenol ICC	MUSBA111M5	USB、DVI、HDMI 连接器组件	USB-A（USB TYPE-A） USB 2.0 插座 连接器 4 位 面板安装，通孔，直角	https://www.digikey.cn/zh/products/detail/amphenol-cs-commercial-products/MUSBA111M5/4889495
usb_connector	standard_interface_socket_connector	080301	connector_dk_usb_note_v1	0.9200	-9206475424746982858	Adam Tech	USB-B-S-RA-WT-SPCC	USB、DVI、HDMI 连接器组件	USB-B（USB TYPE-B） 插座 连接器 4 位 通孔，直角	https://www.digikey.cn/zh/products/detail/adam-tech/USB-B-S-RA-WT-SPCC/9832261
usb_connector	standard_interface_socket_connector	080301	connector_dk_usb_note_v1	0.9200	-9204110651762820587	Amphenol ICC	GSB343K331HR	USB、DVI、HDMI 连接器组件	USB - 微 B 型 USB 3.2 第 1（USB 3.1 第 1，Superspeed（USB 3.0）） 插座 连接器 10 位 表面贴装，直角，通孔	https://www.digikey.cn/zh/products/detail/amphenol-cs-commercial-products/GSB343K331HR/13682996
usb_connector	standard_interface_socket_connector	080301	connector_dk_usb_note_v1	0.9200	-9178859095793747666	Pulse Electronics	E8124-001-01	USB、DVI、HDMI 连接器组件	USB-C（USB TYPE-C） USB 3.2 Gen 2（USB 3.1 Gen 2，Superspeed +（USB 3.1）） 插座 连接器 24 位 板上预留孔，表面贴装，直角；通孔	https://www.digikey.cn/zh/products/detail/pulse-electronics/E8124-001-01/5800432
wire_to_board_connector	board_wire_interconnect_connector	080102	connector_dk_cat_wire_to_board_v1	0.7800	-9223270116311576151	Amphenol Anytek	KZ2170500000G	线对板	21 接线板 - 线至板 45°（135°）角度，带板 0.197"（5.00mm） 通孔	https://www.digikey.cn/zh/products/detail/amphenol-anytek/KZ2170500000G/4937864
wire_to_board_connector	board_wire_interconnect_connector	080102	connector_dk_cat_wire_to_board_v1	0.7800	-9222296264421066958	Phoenix Contact	1333827	线对板	8 接线板 - 线至板 30°（150°）角度，带板 0.394"（10.00mm） 通孔	https://www.digikey.cn/zh/products/detail/phoenix-contact/1333827/18180418
wire_to_board_connector	board_wire_interconnect_connector	080102	connector_dk_cat_wire_to_board_v1	0.7800	-9222130380884507421	Amphenol Anytek	T32404540000G	线对板	24 接线板 - 线至板 水平，带板 0.197"（5.00mm） 通孔	https://www.digikey.cn/zh/products/detail/amphenol-anytek/T32404540000G/4940008
wire_to_board_connector	board_wire_interconnect_connector	080102	connector_dk_cat_wire_to_board_v1	0.7800	-9221616353877942206	Assmann WSW Components	AWLP 64/3,2-AS	一件式线到板，直接线对板	64 位置 带状电缆，DIP 针座 连接器 灰色 IDC 通孔	https://www.digikey.cn/zh/products/detail/assmann-wsw-components/AWLP-64-3-2-AS/22196260
wire_to_board_connector	board_wire_interconnect_connector	080102	connector_dk_cat_wire_to_board_v1	0.7800	-9221219207131767803	Phoenix Contact	1751293	线对板	7 接线板 - 线至板 水平，带板 0.138"（3.50mm） 通孔	https://www.digikey.cn/zh/products/detail/phoenix-contact/1751293/2511029
wire_to_wire_connector	board_wire_interconnect_connector	080103	connector_dk_cat_wire_to_wire_v1	0.7800	-9222705792402546996	TE Connectivity AMP Connectors	696427-1	电线接头连接器	端子 对接接头，直插式，单独开口 连接器 压接 16-22 AWG 天然，红色条纹	https://www.digikey.cn/zh/products/detail/te-connectivity-amp-connectors/696427-1/1124031
wire_to_wire_connector	board_wire_interconnect_connector	080103	connector_dk_cat_wire_to_wire_v1	0.7800	-9221908962107936113	Molex	1301440027	插头和插座	电源连接器 插头，公型片状插脚 NON-NEMA（3P3W） 自由悬挂	https://www.digikey.cn/zh/products/detail/molex/1301440027/8499411
wire_to_wire_connector	board_wire_interconnect_connector	080103	connector_dk_cat_wire_to_wire_v1	0.7800	-9220949920130479435	Panduit Corp	PCSB350-4-3	电线接头连接器	端子 多分接头 连接器 螺钉 350MCM（kcmil）-10AWG 透明	https://www.digikey.cn/zh/products/detail/panduit-corp/PCSB350-4-3/4567010
wire_to_wire_connector	board_wire_interconnect_connector	080103	connector_dk_cat_wire_to_wire_v1	0.7800	-9220277921126296448	Panduit Corp	BLKPSB2/0-AP-12	电线接头连接器	端子 连接器	https://www.digikey.cn/zh/products/detail/panduit-corp/BLKPSB2-0-AP-12/7944095
wire_to_wire_connector	board_wire_interconnect_connector	080103	connector_dk_cat_wire_to_wire_v1	0.7800	-9220069436619078773	Molex	0191980007	铲形连接器	红色 10 接线柱 端子 - 铲形连接器 压接 18-22 AWG	https://www.digikey.cn/zh/products/detail/molex/0191980007/3186472
