l3_code	l3_cn	l2_cn	sample_no	partno	digikey_part_number	brandshort	manufacturer	lifecycle_status	source_category	digikey_url	l3_attr_fields	component_id
ac_dc_power_jack	AC/DC电源插座	电源与端子连接器	1	710W-00/06	710W-00/06-ND	Qualtek	Qualtek	在售	电源接入模块（PEM）	https://www.digikey.cn/zh/products/detail/qualtek/710W-00-06/1466733	power_type, barrel_od_mm, barrel_id_mm, dc_pin_diameter_mm, polarity_standard, has_switch	3628648769017767575
ac_dc_power_jack	AC/DC电源插座	电源与端子连接器	2	716-20/63	716-20/63-ND	Qualtek	Qualtek	在售	电源接入模块（PEM）	https://www.digikey.cn/zh/products/detail/qualtek/716-20-63/1466740	power_type, barrel_od_mm, barrel_id_mm, dc_pin_diameter_mm, polarity_standard, has_switch	-4299130735093668707
ac_dc_power_jack	AC/DC电源插座	电源与端子连接器	3	6EEBP	6EEBP-ND	TE Connectivity Corcom Filters	TE Connectivity Corcom Filters	停产	电源接入模块（PEM）	https://www.digikey.cn/zh/products/detail/te-connectivity-corcom-filters/6EEBP/758857	power_type, barrel_od_mm, barrel_id_mm, dc_pin_diameter_mm, polarity_standard, has_switch	-2697809872393767626
ac_dc_power_jack	AC/DC电源插座	电源与端子连接器	4	S14276	3720-S14276-ND	Heyco Products Corporation	Heyco Products Corporation	在售	电源接入连接器配件	https://www.digikey.cn/zh/products/detail/heyco-products-corporation/S14276/27304375	power_type, barrel_od_mm, barrel_id_mm, dc_pin_diameter_mm, polarity_standard, has_switch	9152380256725475707
ac_dc_power_jack	AC/DC电源插座	电源与端子连接器	5	6162.0162	486-4887-ND	SCHURTER Inc.	SCHURTER Inc.	在售	电源接入模块（PEM）	https://www.digikey.cn/zh/products/detail/schurter-inc/6162-0162/9094644	power_type, barrel_od_mm, barrel_id_mm, dc_pin_diameter_mm, polarity_standard, has_switch	-2634532564609230467
ac_dc_power_jack	AC/DC电源插座	电源与端子连接器	6	FN9222S1-10-06-20	817-FN9222S1-10-06-20-ND	TE Connectivity Schaffner	TE Connectivity Schaffner	在售	电源接入模块（PEM）	https://www.digikey.cn/zh/products/detail/te-connectivity-schaffner/FN9222S1-10-06-20/17880803	power_type, barrel_od_mm, barrel_id_mm, dc_pin_diameter_mm, polarity_standard, has_switch	3595053697335592311
ac_dc_power_jack	AC/DC电源插座	电源与端子连接器	7	5-6609987-2	5-6609987-2-ND	TE Connectivity Corcom Filters	TE Connectivity Corcom Filters	在售	电源接入模块（PEM）	https://www.digikey.cn/zh/products/detail/te-connectivity-corcom-filters/5-6609987-2/2400593	power_type, barrel_od_mm, barrel_id_mm, dc_pin_diameter_mm, polarity_standard, has_switch	-1419385254368610580
ac_dc_power_jack	AC/DC电源插座	电源与端子连接器	8	6100.32	486-1002-ND	SCHURTER Inc.	SCHURTER Inc.	在售	电源接入模块（PEM）	https://www.digikey.cn/zh/products/detail/schurter-inc/6100-32/569902	power_type, barrel_od_mm, barrel_id_mm, dc_pin_diameter_mm, polarity_standard, has_switch	4364107127606034172
ac_dc_power_jack	AC/DC电源插座	电源与端子连接器	9	6220.532	486-4042-ND	SCHURTER Inc.	SCHURTER Inc.	在售	电源接入模块（PEM）	https://www.digikey.cn/zh/products/detail/schurter-inc/6220-532/641423	power_type, barrel_od_mm, barrel_id_mm, dc_pin_diameter_mm, polarity_standard, has_switch	-3784520388003098230
ac_dc_power_jack	AC/DC电源插座	电源与端子连接器	10	6609985-4	CCM1967-ND	TE Connectivity Corcom Filters	TE Connectivity Corcom Filters	停产	电源接入模块（PEM）	https://www.digikey.cn/zh/products/detail/te-connectivity-corcom-filters/6609985-4/3993002	power_type, barrel_od_mm, barrel_id_mm, dc_pin_diameter_mm, polarity_standard, has_switch	3274361018483985756
barrier_terminal_block	栅栏式接线端子	电源与端子连接器	1	238103160	364-238103160-ND	Curtis Industries	Curtis Industries	在售	隔板块	https://www.digikey.cn/zh/products/detail/curtis-industries/238103160/25555540	screw_torque_max_nm, wire_gauge_min_mm2, screw_head_type, barrier_included	-4377248331326414611
barrier_terminal_block	栅栏式接线端子	电源与端子连接器	2	GFTPAX-23	364-GFTPAX-23-ND	Curtis Industries	Curtis Industries	在售	隔板块	https://www.digikey.cn/zh/products/detail/curtis-industries/GFTPAX-23/2660034	screw_torque_max_nm, wire_gauge_min_mm2, screw_head_type, barrier_included	4641711782796095001
barrier_terminal_block	栅栏式接线端子	电源与端子连接器	3	238168070	364-238168070-ND	Curtis Industries	Curtis Industries	在售	隔板块	https://www.digikey.cn/zh/products/detail/curtis-industries/238168070/25553722	screw_torque_max_nm, wire_gauge_min_mm2, screw_head_type, barrier_included	4735437923602326819
barrier_terminal_block	栅栏式接线端子	电源与端子连接器	4	431110050	364-431110050-ND	Curtis Industries	Curtis Industries	在售	隔板块	https://www.digikey.cn/zh/products/detail/curtis-industries/431110050/2724036	screw_torque_max_nm, wire_gauge_min_mm2, screw_head_type, barrier_included	-3964630720994278010
barrier_terminal_block	栅栏式接线端子	电源与端子连接器	5	325310210	364-325310210-ND	Curtis Industries	Curtis Industries	在售	隔板块	https://www.digikey.cn/zh/products/detail/curtis-industries/325310210/2703670	screw_torque_max_nm, wire_gauge_min_mm2, screw_head_type, barrier_included	-5450280261591325271
barrier_terminal_block	栅栏式接线端子	电源与端子连接器	6	YK5131803000G	YK5131803000G-ND	Amphenol Anytek	Amphenol Anytek	在售	隔板块	https://www.digikey.cn/zh/products/detail/amphenol-anytek/YK5131803000G/4962108	screw_torque_max_nm, wire_gauge_min_mm2, screw_head_type, barrier_included	4003754835371376319
barrier_terminal_block	栅栏式接线端子	电源与端子连接器	7	0387690211	0387690211-ND	Molex	Molex	停产	隔板块	https://www.digikey.cn/zh/products/detail/molex/0387690211/4247005	screw_torque_max_nm, wire_gauge_min_mm2, screw_head_type, barrier_included	7147137149075422792
barrier_terminal_block	栅栏式接线端子	电源与端子连接器	8	433210060	364-433210060-ND	Curtis Industries	Curtis Industries	在售	隔板块	https://www.digikey.cn/zh/products/detail/curtis-industries/433210060/2727325	screw_torque_max_nm, wire_gauge_min_mm2, screw_head_type, barrier_included	9016159514653609136
barrier_terminal_block	栅栏式接线端子	电源与端子连接器	9	248004000	364-248004000-ND	Curtis Industries	Curtis Industries	在售	隔板块	https://www.digikey.cn/zh/products/detail/curtis-industries/248004000/25809393	screw_torque_max_nm, wire_gauge_min_mm2, screw_head_type, barrier_included	8720526352205742773
barrier_terminal_block	栅栏式接线端子	电源与端子连接器	10	T38561200	364-T38561200-ND	Curtis Industries	Curtis Industries	在售	隔板块	https://www.digikey.cn/zh/products/detail/curtis-industries/T38561200/4859853	screw_torque_max_nm, wire_gauge_min_mm2, screw_head_type, barrier_included	5193324540245919899
board_to_board_connector	板对板连接器	板级与线缆互连连接器	1	887-028-521-603	151-887-028-521-603-ND	EDAC Inc.	EDAC Inc.	在售	边缘板连接器	https://www.digikey.cn/zh/products/detail/edac-inc/887-028-521-603/13869699	stack_height_mm, mating_type, float_range_mm, has_shield, mating_cycles	1096469413410169956
board_to_board_connector	板对板连接器	板级与线缆互连连接器	2	ESC08DRTS		Sullins Connector Solutions			边缘板连接器	https://www.digikey.cn/zh/products/detail/sullins-connector-solutions/ESC08DRTS/1318209	stack_height_mm, mating_type, float_range_mm, has_shield, mating_cycles	2554108843203953671
board_to_board_connector	板对板连接器	板级与线缆互连连接器	3	EMC35DRAN-S734		Sullins Connector Solutions			边缘板连接器	https://www.digikey.cn/zh/products/detail/sullins-connector-solutions/EMC35DRAN-S734/1349280	stack_height_mm, mating_type, float_range_mm, has_shield, mating_cycles	-4499600478845146421
board_to_board_connector	板对板连接器	板级与线缆互连连接器	4	395-048-544-102	151-395-048-544-102-ND	EDAC Inc.	EDAC Inc.	在售	边缘板连接器	https://www.digikey.cn/zh/products/detail/edac-inc/395-048-544-102/11032528	stack_height_mm, mating_type, float_range_mm, has_shield, mating_cycles	-4288562035035332779
board_to_board_connector	板对板连接器	板级与线缆互连连接器	5	345-066-540-478	151-345-066-540-478-ND	EDAC Inc.	EDAC Inc.	在售	边缘板连接器	https://www.digikey.cn/zh/products/detail/edac-inc/345-066-540-478/11014284	stack_height_mm, mating_type, float_range_mm, has_shield, mating_cycles	-5740490556917900692
board_to_board_connector	板对板连接器	板级与线缆互连连接器	6	333-022-542-101	151-333-022-542-101-ND	EDAC Inc.	EDAC Inc.	在售	边缘板连接器	https://www.digikey.cn/zh/products/detail/edac-inc/333-022-542-101/11106488	stack_height_mm, mating_type, float_range_mm, has_shield, mating_cycles	-9077802872769489545
board_to_board_connector	板对板连接器	板级与线缆互连连接器	7	RMC19DREH-S13		Sullins Connector Solutions			边缘板连接器	https://www.digikey.cn/zh/products/detail/sullins-connector-solutions/RMC19DREH-S13/1342964	stack_height_mm, mating_type, float_range_mm, has_shield, mating_cycles	-2708567303754066420
board_to_board_connector	板对板连接器	板级与线缆互连连接器	8	357-054-422-208	151-357-054-422-208-ND	EDAC Inc.	EDAC Inc.	在售	边缘板连接器	https://www.digikey.cn/zh/products/detail/edac-inc/357-054-422-208/13810918	stack_height_mm, mating_type, float_range_mm, has_shield, mating_cycles	-3069459059394664256
board_to_board_connector	板对板连接器	板级与线缆互连连接器	9	FW-30-03-G-D-085-065	612-FW-30-03-G-D-085-065-ND	Samtec Inc.	Samtec Inc.	在售	板间隔柱，堆叠器（板对板）	https://www.digikey.cn/zh/products/detail/samtec-inc/FW-30-03-G-D-085-065/19073601	stack_height_mm, mating_type, float_range_mm, has_shield, mating_cycles	6125533618990338625
board_to_board_connector	板对板连接器	板级与线缆互连连接器	10	ACC20DRAS-S93	ACC20DRAS-S93-ND	Sullins Connector Solutions	Sullins Connector Solutions	在售	边缘板连接器	https://www.digikey.cn/zh/products/detail/sullins-connector-solutions/ACC20DRAS-S93/4528233	stack_height_mm, mating_type, float_range_mm, has_shield, mating_cycles	-9163612196115476490
card_edge_backplane_connector	卡缘/背板连接器	背板与插座连接器	1	GFSH624F4LN	4306-GFSH624F4LN-ND	Amphenol Positronic	Amphenol Positronic	在售	专用	https://www.digikey.cn/zh/products/detail/amphenol-positronic/GFSH624F4LN/26314393	card_thickness_mm, row_count, mating_orientation, keying_polarization, impedance_ohm, max_data_rate_gbps, is_hot_swap, mating_cycles_min	297175452289800007
card_edge_backplane_connector	卡缘/背板连接器	背板与插座连接器	2	EBTF-4-10-2.0-S-RA-1-R	612-EBTF-4-10-2.0-S-RA-1-R-ND	Samtec Inc.	Samtec Inc.	在售	专用	https://www.digikey.cn/zh/products/detail/samtec-inc/EBTF-4-10-2-0-S-RA-1-R/16893798	card_thickness_mm, row_count, mating_orientation, keying_polarization, impedance_ohm, max_data_rate_gbps, is_hot_swap, mating_cycles_min	-2337273524145099248
card_edge_backplane_connector	卡缘/背板连接器	背板与插座连接器	3	352152-4	352152-4-ND	TE Connectivity AMP Connectors	TE Connectivity AMP Connectors	在售	硬公制，标准	https://www.digikey.cn/zh/products/detail/te-connectivity-amp-connectors/352152-4/5265722	card_thickness_mm, row_count, mating_orientation, keying_polarization, impedance_ohm, max_data_rate_gbps, is_hot_swap, mating_cycles_min	5803121282198480313
card_edge_backplane_connector	卡缘/背板连接器	背板与插座连接器	4	10120126-W0J-50DLF	10120126-W0J-50DLF-ND	Amphenol ICC	Amphenol ICC (FCI)	在售	专用	https://www.digikey.cn/zh/products/detail/amphenol-cs-fci/10120126-W0J-50DLF/4241356	card_thickness_mm, row_count, mating_orientation, keying_polarization, impedance_ohm, max_data_rate_gbps, is_hot_swap, mating_cycles_min	2136305019821422292
card_edge_backplane_connector	卡缘/背板连接器	背板与插座连接器	5	HM2R89P1V1	HM2R89P1V1-ND	Amphenol ICC	Amphenol ICC (FCI)	在售	硬公制，标准	https://www.digikey.cn/zh/products/detail/amphenol-cs-fci/HM2R89P1V1/7590002	card_thickness_mm, row_count, mating_orientation, keying_polarization, impedance_ohm, max_data_rate_gbps, is_hot_swap, mating_cycles_min	8408632073604748662
card_edge_backplane_connector	卡缘/背板连接器	背板与插座连接器	6	HDB-508804-000	1178-HDB-508804-000-ND	Amphenol Aerospace Operations	Amphenol Aerospace Operations	在售	背板连接器配件	https://www.digikey.cn/zh/products/detail/amphenol-aerospace-operations/HDB-508804-000/15517500	card_thickness_mm, row_count, mating_orientation, keying_polarization, impedance_ohm, max_data_rate_gbps, is_hot_swap, mating_cycles_min	6479943977804448055
card_edge_backplane_connector	卡缘/背板连接器	背板与插座连接器	7	SP2KKKHN2H1M82001/AA	4306-SP2KKKHN2H1M82001/AA-ND	Amphenol Positronic	Amphenol Positronic	在售	背板连接器外壳	https://www.digikey.cn/zh/products/detail/amphenol-positronic/SP2KKKHN2H1M82001-AA/26302811	card_thickness_mm, row_count, mating_orientation, keying_polarization, impedance_ohm, max_data_rate_gbps, is_hot_swap, mating_cycles_min	-2078215884057658438
card_edge_backplane_connector	卡缘/背板连接器	背板与插座连接器	8	70426-003LF	70426-003LF-ND	Amphenol ICC	Amphenol ICC (FCI)	停产	专用	https://www.digikey.cn/zh/products/detail/amphenol-cs-fci/70426-003LF/1529968	card_thickness_mm, row_count, mating_orientation, keying_polarization, impedance_ohm, max_data_rate_gbps, is_hot_swap, mating_cycles_min	7735181381372338682
card_edge_backplane_connector	卡缘/背板连接器	背板与插座连接器	9	0761551825	0761551825-ND	Molex	Molex	在售	专用	https://www.digikey.cn/zh/products/detail/molex/0761551825/4554136	card_thickness_mm, row_count, mating_orientation, keying_polarization, impedance_ohm, max_data_rate_gbps, is_hot_swap, mating_cycles_min	-7794028224127054764
card_edge_backplane_connector	卡缘/背板连接器	背板与插座连接器	10	51750-095LF	51750-095LF-ND	Amphenol ICC	Amphenol ICC (FCI)	在售	专用	https://www.digikey.cn/zh/products/detail/amphenol-cs-fci/51750-095LF/5193598	card_thickness_mm, row_count, mating_orientation, keying_polarization, impedance_ohm, max_data_rate_gbps, is_hot_swap, mating_cycles_min	-6452614392692875672
card_socket_connector	卡座连接器	标准接口与卡座连接器	1	10109498-11423LF	10109498-11423LF-ND	Amphenol ICC	Amphenol ICC (FCI)	停产	直列式模块插座	https://www.digikey.cn/zh/products/detail/amphenol-cs-fci/10109498-11423LF/7590104	card_type, card_lock_mechanism, has_card_detect_switch, has_write_protect_switch, max_interface_speed_gbps, card_slot_count	-6427322552687188270
card_socket_connector	卡座连接器	标准接口与卡座连接器	2	0877822202	WM26289-ND	Molex	Molex	停产	直列式模块插座	https://www.digikey.cn/zh/products/detail/molex/0877822202/3264840	card_type, card_lock_mechanism, has_card_detect_switch, has_write_protect_switch, max_interface_speed_gbps, card_slot_count	-2246898109308920951
card_socket_connector	卡座连接器	标准接口与卡座连接器	3	59354-052FC	59354-052FC-ND	Amphenol ICC	Amphenol ICC (FCI)	在售	直列式模块插座	https://www.digikey.cn/zh/products/detail/amphenol-cs-fci/59354-052FC/1489141	card_type, card_lock_mechanism, has_card_detect_switch, has_write_protect_switch, max_interface_speed_gbps, card_slot_count	-443369972059953191
card_socket_connector	卡座连接器	标准接口与卡座连接器	4	0787261065	2266-787261065-23-ND	Molex	Molex	停产	直列式模块插座	https://www.digikey.cn/zh/products/detail/molex/0787261065/24846782	card_type, card_lock_mechanism, has_card_detect_switch, has_write_protect_switch, max_interface_speed_gbps, card_slot_count	-6732558065571808760
card_socket_connector	卡座连接器	标准接口与卡座连接器	5	8-2199154-1	8-2199154-1-ND	TE Connectivity AMP Connectors	TE Connectivity AMP Connectors	在售	直列式模块插座	https://www.digikey.cn/zh/products/detail/te-connectivity-amp-connectors/8-2199154-1/7039443	card_type, card_lock_mechanism, has_card_detect_switch, has_write_protect_switch, max_interface_speed_gbps, card_slot_count	6426903844352868979
card_socket_connector	卡座连接器	标准接口与卡座连接器	6	10079248-10103LF	10079248-10103LF-ND	Amphenol ICC	Amphenol ICC (FCI)	停产	直列式模块插座	https://www.digikey.cn/zh/products/detail/amphenol-cs-fci/10079248-10103LF/4239064	card_type, card_lock_mechanism, has_card_detect_switch, has_write_protect_switch, max_interface_speed_gbps, card_slot_count	-98075126049222827
card_socket_connector	卡座连接器	标准接口与卡座连接器	7	10083950-10007LF	10083950-10007LF-ND	Amphenol ICC	Amphenol ICC (FCI)	在售	直列式模块插座	https://www.digikey.cn/zh/products/detail/amphenol-cs-fci/10083950-10007LF/5204850	card_type, card_lock_mechanism, has_card_detect_switch, has_write_protect_switch, max_interface_speed_gbps, card_slot_count	-7231570769042316656
card_socket_connector	卡座连接器	标准接口与卡座连接器	8	10124677-0302003LF	609-10124677-0302003LF-ND	Amphenol ICC	Amphenol ICC (FCI)	在售	直列式模块插座	https://www.digikey.cn/zh/products/detail/amphenol-cs-fci/10124677-0302003LF/11602875	card_type, card_lock_mechanism, has_card_detect_switch, has_write_protect_switch, max_interface_speed_gbps, card_slot_count	-5364875446118488293
card_socket_connector	卡座连接器	标准接口与卡座连接器	9	10124632-0240J13LF	10124632-0240J13LF-ND	Amphenol ICC	Amphenol ICC (FCI)	在售	直列式模块插座	https://www.digikey.cn/zh/products/detail/amphenol-cs-fci/10124632-0240J13LF/7590179	card_type, card_lock_mechanism, has_card_detect_switch, has_write_protect_switch, max_interface_speed_gbps, card_slot_count	-5261655180983031363
card_socket_connector	卡座连接器	标准接口与卡座连接器	10	10145891-0002K13LF	609-10145891-0002K13LF-ND	Amphenol ICC	Amphenol ICC (FCI)	在售	直列式模块插座	https://www.digikey.cn/zh/products/detail/amphenol-cs-fci/10145891-0002K13LF/11602383	card_type, card_lock_mechanism, has_card_detect_switch, has_write_protect_switch, max_interface_speed_gbps, card_slot_count	4641245373031812004
circular_connector	圆形连接器	通用壳体连接器	1	D38999/20LJ21JA(LC)	1178-D38999/20LJ21JA(LC)-ND	Amphenol Aerospace Operations	Amphenol Aerospace Operations	在售	圆形连接器外壳	https://www.digikey.cn/zh/products/detail/amphenol-aerospace-operations/D38999-20LJ21JA-LC/26455161	ip_rating, shell_diameter_mm, locking_type, keying_code, insert_arrangement_code, contact_size_code	7489926407087104284
circular_connector	圆形连接器	通用壳体连接器	2	EN3P14F26SX	EN3P14F26SX-ND	Switchcraft Inc.	Switchcraft Inc.	在售	圆形连接器组件	https://www.digikey.cn/zh/products/detail/switchcraft-inc/EN3P14F26SX/1290523	ip_rating, shell_diameter_mm, locking_type, keying_code, insert_arrangement_code, contact_size_code	6534686684411839289
circular_connector	圆形连接器	通用壳体连接器	3	SJT06RT-24-61SD(LC)	1178-SJT06RT-24-61SD(LC)-ND	Amphenol Aerospace Operations	Amphenol Aerospace Operations	在售	圆形连接器外壳	https://www.digikey.cn/zh/products/detail/amphenol-aerospace-operations/SJT06RT-24-61SD-LC/19403821	ip_rating, shell_diameter_mm, locking_type, keying_code, insert_arrangement_code, contact_size_code	-6163291712834576848
circular_connector	圆形连接器	通用壳体连接器	4	D38999/24KE6PA	1178-D38999/24KE6PA-ND	Amphenol Aerospace Operations	Amphenol Aerospace Operations	在售	圆形连接器组件	https://www.digikey.cn/zh/products/detail/amphenol-aerospace-operations/D38999-24KE6PA/19578459	ip_rating, shell_diameter_mm, locking_type, keying_code, insert_arrangement_code, contact_size_code	1003430932134623370
circular_connector	圆形连接器	通用壳体连接器	5	M83723/76G08038	1178-M83723/76G08038-ND	Amphenol Aerospace Operations	Amphenol Aerospace Operations	在售	圆形连接器组件	https://www.digikey.cn/zh/products/detail/amphenol-aerospace-operations/M83723-76G08038/26710108	ip_rating, shell_diameter_mm, locking_type, keying_code, insert_arrangement_code, contact_size_code	-6245291946144257423
circular_connector	圆形连接器	通用壳体连接器	6	JT06RE-14-4SD					圆形连接器组件	https://www.digikey.cn/zh/products/detail/amphenol-aerospace-operations/JT06RE-14-4SD/20271153	ip_rating, shell_diameter_mm, locking_type, keying_code, insert_arrangement_code, contact_size_code	8463685621760612643
circular_connector	圆形连接器	通用壳体连接器	7	GTS06CFZ-36-1P	339-GTS06CFZ-36-1P-ND	Amphenol Industrial Operations	Amphenol Industrial Operations	在售	圆形连接器组件	https://www.digikey.cn/zh/products/detail/amphenol-industrial-operations/GTS06CFZ-36-1P/21928719	ip_rating, shell_diameter_mm, locking_type, keying_code, insert_arrangement_code, contact_size_code	7754631526722968838
circular_connector	圆形连接器	通用壳体连接器	8	MS3450KT22-19P(LC)	1178-MS3450KT22-19P(LC)-ND	Amphenol Aerospace Operations	Amphenol Aerospace Operations	在售	圆形连接器外壳	https://www.digikey.cn/zh/products/detail/amphenol-aerospace-operations/MS3450KT22-19P-LC/19399471	ip_rating, shell_diameter_mm, locking_type, keying_code, insert_arrangement_code, contact_size_code	-1431667079378874214
circular_connector	圆形连接器	通用壳体连接器	9	MS27467T19B35SD	1178-MS27467T19B35SD-ND	Amphenol Aerospace Operations	Amphenol Aerospace Operations	在售	圆形连接器组件	https://www.digikey.cn/zh/products/detail/amphenol-aerospace-operations/MS27467T19B35SD/19306808	ip_rating, shell_diameter_mm, locking_type, keying_code, insert_arrangement_code, contact_size_code	-4068520869944659270
circular_connector	圆形连接器	通用壳体连接器	10	SP03P-14-18S(011)	1178-SP03P-14-18S(011)-ND	Amphenol Aerospace Operations	Amphenol Aerospace Operations	在售	圆形连接器组件	https://www.digikey.cn/zh/products/detail/amphenol-aerospace-operations/SP03P-14-18S-011/20080721	ip_rating, shell_diameter_mm, locking_type, keying_code, insert_arrangement_code, contact_size_code	-2250659793890656706
d_sub_connector	D-Sub连接器	通用壳体连接器	1	CBD5W5F0S50V5X/AA	4306-CBD5W5F0S50V5X/AA-ND	Amphenol Positronic	Amphenol Positronic	在售	D-Sub、D 形连接器外壳	https://www.digikey.cn/zh/products/detail/amphenol-positronic/CBD5W5F0S50V5X-AA/28813889	dsub_pin_count_standard, shell_size_code, is_high_density, has_filter, panel_mounting_type	5582810655313691557
d_sub_connector	D-Sub连接器	通用壳体连接器	2	85041GAESR	4306-85041GAESR-ND	Amphenol Positronic	Amphenol Positronic	在售	D-Sub、D 形连接器外壳	https://www.digikey.cn/zh/products/detail/amphenol-positronic/85041GAESR/28776281	dsub_pin_count_standard, shell_size_code, is_high_density, has_filter, panel_mounting_type	8901607396133408775
d_sub_connector	D-Sub连接器	通用壳体连接器	3	RD50S00HT2S	4306-RD50S00HT2S-ND	Amphenol Positronic	Amphenol Positronic	在售	D-Sub、D 形连接器外壳	https://www.digikey.cn/zh/products/detail/amphenol-positronic/RD50S00HT2S/26407248	dsub_pin_count_standard, shell_size_code, is_high_density, has_filter, panel_mounting_type	7639160355702130646
d_sub_connector	D-Sub连接器	通用壳体连接器	4	DD78M00JT2X/AA	4306-DD78M00JT2X/AA-ND	Amphenol Positronic	Amphenol Positronic	在售	D-Sub、D 形连接器外壳	https://www.digikey.cn/zh/products/detail/amphenol-positronic/DD78M00JT2X-AA/26364761	dsub_pin_count_standard, shell_size_code, is_high_density, has_filter, panel_mounting_type	-2655227641335890117
d_sub_connector	D-Sub连接器	通用壳体连接器	5	211526-1	211526-1-ND	TE Connectivity Aerospace, Defense and Marine	TE Connectivity Aerospace, Defense and Marine	在售	D-Sub、D 形连接器外壳	https://www.digikey.cn/zh/products/detail/te-connectivity-aerospace-defense-and-marine/211526-1/1149990	dsub_pin_count_standard, shell_size_code, is_high_density, has_filter, panel_mounting_type	-4591893796316930045
d_sub_connector	D-Sub连接器	通用壳体连接器	6	DD26S00LV5X	4306-DD26S00LV5X-ND	Amphenol Positronic	Amphenol Positronic	在售	D-Sub、D 形连接器外壳	https://www.digikey.cn/zh/products/detail/amphenol-positronic/DD26S00LV5X/26400362	dsub_pin_count_standard, shell_size_code, is_high_density, has_filter, panel_mounting_type	-8973219556265601984
d_sub_connector	D-Sub连接器	通用壳体连接器	7	DGBH15F	5073-DGBH15F-ND	L-com	L-com	在售	D-Sub、D 形连接器 - 适配器	https://www.digikey.cn/zh/products/detail/l-com/DGBH15F/21289187	dsub_pin_count_standard, shell_size_code, is_high_density, has_filter, panel_mounting_type	-8974766580182222496
d_sub_connector	D-Sub连接器	通用壳体连接器	8	CBD3WK3M00GT2S	4306-CBD3WK3M00GT2S-ND	Amphenol Positronic	Amphenol Positronic	在售	D-Sub、D 形连接器外壳	https://www.digikey.cn/zh/products/detail/amphenol-positronic/CBD3WK3M00GT2S/28830958	dsub_pin_count_standard, shell_size_code, is_high_density, has_filter, panel_mounting_type	-3700688754137005032
d_sub_connector	D-Sub连接器	通用壳体连接器	9	CBC43W2S000T2X	4306-CBC43W2S000T2X-ND	Amphenol Positronic	Amphenol Positronic	在售	D-Sub、D 形连接器外壳	https://www.digikey.cn/zh/products/detail/amphenol-positronic/CBC43W2S000T2X/28780573	dsub_pin_count_standard, shell_size_code, is_high_density, has_filter, panel_mounting_type	3522100347088029677
d_sub_connector	D-Sub连接器	通用壳体连接器	10	DD62M0S50T2Z	4306-DD62M0S50T2Z-ND	Amphenol Positronic	Amphenol Positronic	在售	D-Sub、D 形连接器外壳	https://www.digikey.cn/zh/products/detail/amphenol-positronic/DD62M0S50T2Z/26402320	dsub_pin_count_standard, shell_size_code, is_high_density, has_filter, panel_mounting_type	-9161722144468726622
ethernet_rj45_connector	以太网/RJ45连接器	标准接口与卡座连接器	1	ARJE-0032	535-12442-ND	Abracon LLC	Abracon LLC	在售	带磁性的模块化/以太网连接器（RJ45）插孔	https://www.digikey.cn/zh/products/detail/abracon-llc/ARJE-0032/4571347	max_ethernet_speed_mbps, has_integrated_magnetics, poe_type, port_count, shielding_grade, integrated_led_count	7181999631001428527
ethernet_rj45_connector	以太网/RJ45连接器	标准接口与卡座连接器	2	ARJM11C7-628-KB-ER2-T	ARJM11C7-628-KB-ER2-T-ND - 卷带（TR）	Abracon LLC	Abracon LLC	停产	带磁性的模块化/以太网连接器（RJ45）插孔	https://www.digikey.cn/zh/products/detail/abracon-llc/ARJM11C7-628-KB-ER2-T/7675856	max_ethernet_speed_mbps, has_integrated_magnetics, poe_type, port_count, shielding_grade, integrated_led_count	-7886159205015386762
ethernet_rj45_connector	以太网/RJ45连接器	标准接口与卡座连接器	3	ARJM11A3-516-KB-ER4-T	ARJM11A3-516-KB-ER4-T-ND - 卷带（TR）	Abracon LLC	Abracon LLC	停产	带磁性的模块化/以太网连接器（RJ45）插孔	https://www.digikey.cn/zh/products/detail/abracon-llc/ARJM11A3-516-KB-ER4-T/7676796	max_ethernet_speed_mbps, has_integrated_magnetics, poe_type, port_count, shielding_grade, integrated_led_count	-2747622041258371393
ethernet_rj45_connector	以太网/RJ45连接器	标准接口与卡座连接器	4	ARJM11C7-104-AB-CW4	ARJM11C7-104-AB-CW4-ND	Abracon LLC	Abracon LLC	停产	带磁性的模块化/以太网连接器（RJ45）插孔	https://www.digikey.cn/zh/products/detail/abracon-llc/ARJM11C7-104-AB-CW4/7679026	max_ethernet_speed_mbps, has_integrated_magnetics, poe_type, port_count, shielding_grade, integrated_led_count	4007744335582848451
ethernet_rj45_connector	以太网/RJ45连接器	标准接口与卡座连接器	5	2250481-1	5923-2250481-1-ND	Bel Fuse Inc.	Bel Fuse Inc.	在售	带磁性的模块化/以太网连接器（RJ45）插孔	https://www.digikey.cn/zh/products/detail/bel-fuse-inc/2250481-1/26601904	max_ethernet_speed_mbps, has_integrated_magnetics, poe_type, port_count, shielding_grade, integrated_led_count	8756078356900245378
ethernet_rj45_connector	以太网/RJ45连接器	标准接口与卡座连接器	6	CP30720MB3	4654-CP30720MB3-ND	CLIFF Electronic Components Ltd	CLIFF Electronic Components Ltd	在售	模块化/以太网连接器适配器	https://www.digikey.cn/zh/products/detail/cliff-electronic-components-ltd/CP30720MB3/21725973	max_ethernet_speed_mbps, has_integrated_magnetics, poe_type, port_count, shielding_grade, integrated_led_count	-6436817931033389728
ethernet_rj45_connector	以太网/RJ45连接器	标准接口与卡座连接器	7	1840572-6	5923-1840572-6-ND	Bel Fuse Inc.	Bel Fuse Inc.	在售	带磁性的模块化/以太网连接器（RJ45）插孔	https://www.digikey.cn/zh/products/detail/bel-fuse-inc/1840572-6/10408139	max_ethernet_speed_mbps, has_integrated_magnetics, poe_type, port_count, shielding_grade, integrated_led_count	-1794117321182846530
ethernet_rj45_connector	以太网/RJ45连接器	标准接口与卡座连接器	8	ARJM11A3-504-AN-EW4	ARJM11A3-504-AN-EW4-ND	Abracon LLC	Abracon LLC	停产	带磁性的模块化/以太网连接器（RJ45）插孔	https://www.digikey.cn/zh/products/detail/abracon-llc/ARJM11A3-504-AN-EW4/7680241	max_ethernet_speed_mbps, has_integrated_magnetics, poe_type, port_count, shielding_grade, integrated_led_count	-8482433297533402202
ethernet_rj45_connector	以太网/RJ45连接器	标准接口与卡座连接器	9	RJMG231021130ER	664-RJMG231021130ER-ND	Amphenol ICC	Amphenol ICC (Commercial Products)	在售	带磁性的模块化/以太网连接器（RJ45）插孔	https://www.digikey.cn/zh/products/detail/amphenol-cs-commercial-products/RJMG231021130ER/25817395	max_ethernet_speed_mbps, has_integrated_magnetics, poe_type, port_count, shielding_grade, integrated_led_count	444480064479614126
ethernet_rj45_connector	以太网/RJ45连接器	标准接口与卡座连接器	10	ARJM11A1-559-KK-ER4-T	ARJM11A1-559-KK-ER4-T-ND - 卷带（TR）	Abracon LLC	Abracon LLC	停产	带磁性的模块化/以太网连接器（RJ45）插孔	https://www.digikey.cn/zh/products/detail/abracon-llc/ARJM11A1-559-KK-ER4-T/7676067	max_ethernet_speed_mbps, has_integrated_magnetics, poe_type, port_count, shielding_grade, integrated_led_count	7008316670412797168
fiber_optic_connector	光纤连接器	通用壳体连接器	1	FHC3ZO-24F-10A	298-FHC3ZO-24F-10A-ND	Panduit Corp	Panduit Corp	在售	光纤连接器适配器	https://www.digikey.cn/zh/products/detail/panduit-corp/FHC3ZO-24F-10A/13679082	fiber_connector_type, fiber_type, ferrule_polish_type, ferrule_diameter_mm	-2011381660238338090
fiber_optic_connector	光纤连接器	通用壳体连接器	2	HRFC-P15-H(62)	HRFC-P15-H(62)-ND	Hirose Electric Co Ltd	Hirose Electric Co Ltd	停产	光纤连接器外壳	https://www.digikey.cn/zh/products/detail/hirose-electric-co-ltd/HRFC-P15-H-62/4306827	fiber_connector_type, fiber_type, ferrule_polish_type, ferrule_diameter_mm	1222167745697713690
fiber_optic_connector	光纤连接器	通用壳体连接器	3	HFBR-4515Z	516-2076-ND	Broadcom Limited	Broadcom Limited	在售	光纤连接器适配器	https://www.digikey.cn/zh/products/detail/broadcom-limited/HFBR-4515Z/1990474	fiber_connector_type, fiber_type, ferrule_polish_type, ferrule_diameter_mm	7869876671439180944
fiber_optic_connector	光纤连接器	通用壳体连接器	4	HMUA-P0.9-H2(60)	HMUA-P0.9-H2(60)-ND	Hirose Electric Co Ltd	Hirose Electric Co Ltd	停产	光纤连接器外壳	https://www.digikey.cn/zh/products/detail/hirose-electric-co-ltd/HMUA-P0-9-H2-60/4306567	fiber_connector_type, fiber_type, ferrule_polish_type, ferrule_diameter_mm	763644661808064897
fiber_optic_connector	光纤连接器	通用壳体连接器	5	FOA-974AF	5073-FOA-974AF-ND	L-com	L-com	在售	光纤连接器适配器	https://www.digikey.cn/zh/products/detail/l-com/FOA-974AF/22639178	fiber_connector_type, fiber_type, ferrule_polish_type, ferrule_diameter_mm	-4289173197853261648
fiber_optic_connector	光纤连接器	通用壳体连接器	6	1-1418862-0	17-1-1418862-0-ND	TE Connectivity AMP Connectors	TE Connectivity AMP Connectors	在售	光纤连接器外壳	https://www.digikey.cn/zh/products/detail/te-connectivity-amp-connectors/1-1418862-0/10468374	fiber_connector_type, fiber_type, ferrule_polish_type, ferrule_diameter_mm	-1421440645512237351
fiber_optic_connector	光纤连接器	通用壳体连接器	7	OPLB4ANNC1PA	2057-OPLB4ANNC1PA-ND	Adam Tech	Adam Tech	在售	光纤连接器适配器	https://www.digikey.cn/zh/products/detail/adam-tech/OPLB4ANNC1PA/13586892	fiber_connector_type, fiber_type, ferrule_polish_type, ferrule_diameter_mm	-7252832845969298220
fiber_optic_connector	光纤连接器	通用壳体连接器	8	OPFN1ANNC1ANB	2057-OPFN1ANNC1ANB-ND	Adam Tech	Adam Tech	在售	光纤连接器适配器	https://www.digikey.cn/zh/products/detail/adam-tech/OPFN1ANNC1ANB/13586883	fiber_connector_type, fiber_type, ferrule_polish_type, ferrule_diameter_mm	7302310218831378033
fiber_optic_connector	光纤连接器	通用壳体连接器	9	17-300700	626-1622-ND	Amphenol CONEC	Amphenol CONEC	在售	光纤连接器适配器	https://www.digikey.cn/zh/products/detail/amphenol-conec/17-300700/3719500	fiber_connector_type, fiber_type, ferrule_polish_type, ferrule_diameter_mm	-4902280821315565488
fiber_optic_connector	光纤连接器	通用壳体连接器	10	1061241100	WM23756-ND	Molex	Molex	在售	光纤连接器适配器	https://www.digikey.cn/zh/products/detail/molex/1061241100/2818263	fiber_connector_type, fiber_type, ferrule_polish_type, ferrule_diameter_mm	-5656536795906567321
fpc_ffc_connector	FPC/FFC连接器	板级与线缆互连连接器	1	F31W-1A7H1-11010	609-F31W-1A7H1-11010TR-ND - 卷带（TR） 609-F31W-1A7H1-11010CT-ND - 剪切带（CT） 609-F31W-1A7H1-11010DKR-ND - Digi-Reel® 得捷定制卷带	Amphenol ICC	Amphenol ICC (FCI)	在售	FFC、FPC（扁平柔性）连接器组件	https://www.digikey.cn/zh/products/detail/amphenol-cs-fci/F31W-1A7H1-11010/11564555	fpc_thickness_mm, actuator_type, contact_side, is_zif	3848802089834153047
fpc_ffc_connector	FPC/FFC连接器	板级与线缆互连连接器	2	FF0881SA1	670-FF0881SA1TR-ND - 卷带（TR） 670-FF0881SA1CT-ND - 剪切带（CT）	JAE Electronics	JAE Electronics	最后售卖	FFC、FPC（扁平柔性）连接器组件	https://www.digikey.cn/zh/products/detail/jae-electronics/FF0881SA1/2356404	fpc_thickness_mm, actuator_type, contact_side, is_zif	6184828044429268697
fpc_ffc_connector	FPC/FFC连接器	板级与线缆互连连接器	3	FH62-21S-0.25SHW(99)	26-FH62-21S-0.25SHW(99)TR-ND - 卷带（TR） 26-FH62-21S-0.25SHW(99)CT-ND - 剪切带（CT） 26-FH62-21S-0.25SHW(99)DKR-ND - Digi-Reel® 得捷定制卷带	Hirose Electric Co Ltd	Hirose Electric Co Ltd	在售	FFC、FPC（扁平柔性）连接器组件	https://www.digikey.cn/zh/products/detail/hirose-electric-co-ltd/FH62-21S-0-25SHW-99/16358671	fpc_thickness_mm, actuator_type, contact_side, is_zif	-6980454364606664757
fpc_ffc_connector	FPC/FFC连接器	板级与线缆互连连接器	4	006200057032800+	478-006200057032800+-ND	KYOCERA AVX	KYOCERA AVX	在售	FFC、FPC（扁平柔性）连接器组件	https://www.digikey.cn/zh/products/detail/kyocera-avx/006200057032800/10634435	fpc_thickness_mm, actuator_type, contact_side, is_zif	7897500217734870785
fpc_ffc_connector	FPC/FFC连接器	板级与线缆互连连接器	5	5051106091	WM11295TR-ND - 卷带（TR） WM11295CT-ND - 剪切带（CT） WM11295DKR-ND - Digi-Reel® 得捷定制卷带	Molex	Molex	在售	FFC、FPC（扁平柔性）连接器组件	https://www.digikey.cn/zh/products/detail/molex/5051106091/5254665	fpc_thickness_mm, actuator_type, contact_side, is_zif	-6199419877437434393
fpc_ffc_connector	FPC/FFC连接器	板级与线缆互连连接器	6	HLW26S-2C7LF	609-1841-ND	Amphenol ICC	Amphenol ICC (FCI)	在售	FFC、FPC（扁平柔性）连接器组件	https://www.digikey.cn/zh/products/detail/amphenol-cs-fci/HLW26S-2C7LF/1002156	fpc_thickness_mm, actuator_type, contact_side, is_zif	-1917561758074983022
fpc_ffc_connector	FPC/FFC连接器	板级与线缆互连连接器	7	AYF531035A	255-5667-ND	Panasonic Electric Works	Panasonic Electric Works	在售	FFC、FPC（扁平柔性）连接器组件	https://www.digikey.cn/zh/products/detail/panasonic-electric-works/AYF531035A/4842979	fpc_thickness_mm, actuator_type, contact_side, is_zif	-1687861078724792765
fpc_ffc_connector	FPC/FFC连接器	板级与线缆互连连接器	8	0527461870	900-0527461870TR-ND - 卷带（TR） 900-0527461870CT-ND - 剪切带（CT） 900-0527461870DKR-ND - Digi-Reel® 得捷定制卷带	Molex	Molex	在售	FFC、FPC（扁平柔性）连接器组件	https://www.digikey.cn/zh/products/detail/molex/0527461870/965894	fpc_thickness_mm, actuator_type, contact_side, is_zif	-5836229622335651898
fpc_ffc_connector	FPC/FFC连接器	板级与线缆互连连接器	9	CF20501D0R0-NH	2987-CF20501D0R0-NHTR-ND - 卷带（TR） 2987-CF20501D0R0-NHCT-ND - 剪切带（CT） 2987-CF20501D0R0-NHDKR-ND - Digi-Reel® 得捷定制卷带	Cvilux USA	Cvilux USA	在售	FFC、FPC（扁平柔性）连接器组件	https://www.digikey.cn/zh/products/detail/cvilux-usa/CF20501D0R0-NH/15793176	fpc_thickness_mm, actuator_type, contact_side, is_zif	1940091355599472015
fpc_ffc_connector	FPC/FFC连接器	板级与线缆互连连接器	10	6-520315-4	6-520315-4-ND	TE Connectivity AMP Connectors	TE Connectivity AMP Connectors	在售	FFC、FPC（扁平柔性）连接器组件	https://www.digikey.cn/zh/products/detail/te-connectivity-amp-connectors/6-520315-4/686904	fpc_thickness_mm, actuator_type, contact_side, is_zif	-9203838271944912606
hdmi_connector	HDMI连接器	标准接口与卡座连接器	1	HDMI-S-RA-TSMT	2057-HDMI-S-RA-TSMT-ND	Adam Tech	Adam Tech	停产	USB、DVI、HDMI 连接器组件	https://www.digikey.cn/zh/products/detail/adam-tech/HDMI-S-RA-TSMT/9832674	hdmi_connector_type, hdmi_version, max_bandwidth_gbps, hdcp_version, mating_cycles, voltage_rating_v	-3021717698144675061
hdmi_connector	HDMI连接器	标准接口与卡座连接器	2	0743232031	WM8575-ND	Molex	Molex	停产	USB、DVI、HDMI 连接器组件	https://www.digikey.cn/zh/products/detail/molex/0743232031/3044696	hdmi_connector_type, hdmi_version, max_bandwidth_gbps, hdcp_version, mating_cycles, voltage_rating_v	4588507952341165370
hdmi_connector	HDMI连接器	标准接口与卡座连接器	3	HDMR-19-02-F-SM-TR	612-HDMR-19-02-F-SM-TR-ND - 卷带（TR）	Samtec Inc.	Samtec Inc.	在售	USB、DVI、HDMI 连接器组件	https://www.digikey.cn/zh/products/detail/samtec-inc/HDMR-19-02-F-SM-TR/19073890	hdmi_connector_type, hdmi_version, max_bandwidth_gbps, hdcp_version, mating_cycles, voltage_rating_v	808217659901330423
hdmi_connector	HDMI连接器	标准接口与卡座连接器	4	0743205004	WM5717-ND	Molex	Molex	停产	USB、DVI、HDMI 连接器组件	https://www.digikey.cn/zh/products/detail/molex/0743205004/1632960	hdmi_connector_type, hdmi_version, max_bandwidth_gbps, hdcp_version, mating_cycles, voltage_rating_v	8396141934756084733
hdmi_connector	HDMI连接器	标准接口与卡座连接器	5	10078837-001LF	609-10078837-001LFTR-ND - 卷带（TR） 609-10078837-001LFCT-ND - 剪切带（CT） 609-10078837-001LFDKR-ND - Digi-Reel® 得捷定制卷带	Amphenol ICC	Amphenol ICC (FCI)	在售	USB、DVI、HDMI 连接器组件	https://www.digikey.cn/zh/products/detail/amphenol-cs-fci/10078837-001LF/4238753	hdmi_connector_type, hdmi_version, max_bandwidth_gbps, hdcp_version, mating_cycles, voltage_rating_v	4900230403942315126
hdmi_connector	HDMI连接器	标准接口与卡座连接器	6	2086581201	900-2086581201TR-ND - 卷带（TR） 900-2086581201CT-ND - 剪切带（CT） 900-2086581201DKR-ND - Digi-Reel® 得捷定制卷带	Molex	Molex	在售	USB、DVI、HDMI 连接器组件	https://www.digikey.cn/zh/products/detail/molex/2086581201/17634772	hdmi_connector_type, hdmi_version, max_bandwidth_gbps, hdcp_version, mating_cycles, voltage_rating_v	-8875862464931701872
hdmi_connector	HDMI连接器	标准接口与卡座连接器	7	0471511025	0471511025-ND	Molex	Molex	停产	USB、DVI、HDMI 连接器组件	https://www.digikey.cn/zh/products/detail/molex/0471511025/3262224	hdmi_connector_type, hdmi_version, max_bandwidth_gbps, hdcp_version, mating_cycles, voltage_rating_v	-843605069728050701
hdmi_connector	HDMI连接器	标准接口与卡座连接器	8	1827059-3	A135237TR-ND - 卷带（TR）	TE Connectivity AMP Connectors	TE Connectivity AMP Connectors	停产	USB、DVI、HDMI 连接器组件	https://www.digikey.cn/zh/products/detail/te-connectivity-amp-connectors/1827059-3/5431179	hdmi_connector_type, hdmi_version, max_bandwidth_gbps, hdcp_version, mating_cycles, voltage_rating_v	2584730684969207053
hdmi_connector	HDMI连接器	标准接口与卡座连接器	9	0468753011	0468753011-ND - 卷带（TR）	Molex	Molex	停产	USB、DVI、HDMI 连接器组件	https://www.digikey.cn/zh/products/detail/molex/0468753011/4553672	hdmi_connector_type, hdmi_version, max_bandwidth_gbps, hdcp_version, mating_cycles, voltage_rating_v	-1835043287480670355
hdmi_connector	HDMI连接器	标准接口与卡座连接器	10	2000-1-2-41-00-BK	1175-1703-ND	CNC Tech	CNC Tech	在售	USB、DVI、HDMI 连接器组件	https://www.digikey.cn/zh/products/detail/cnc-tech/2000-1-2-41-00-BK/4867012	hdmi_connector_type, hdmi_version, max_bandwidth_gbps, hdcp_version, mating_cycles, voltage_rating_v	-4875561432788544791
ic_socket_connector	IC插座	背板与插座连接器	1	116-41-318-41-003000	116-41-318-41-003000-ND	Mill-Max Manufacturing Corp.	Mill-Max Manufacturing Corp.	在售	IC 插座	https://www.digikey.cn/zh/products/detail/mill-max-manufacturing-corp/116-41-318-41-003000/7735306	features_raw, socket_type, compatible_ic_package, ic_pin_count, pin_grid_layout_raw, contact_plating_post_raw, contact_plating_mating_raw, shell_material, termination_post_length_mm, is_zif	2036793883751078027
ic_socket_connector	IC插座	背板与插座连接器	2	APH-1436-T-H	612-APH-1436-T-H-ND	Samtec Inc.	Samtec Inc.	在售	IC 插座	https://www.digikey.cn/zh/products/detail/samtec-inc/APH-1436-T-H/25340912	features_raw, socket_type, compatible_ic_package, ic_pin_count, pin_grid_layout_raw, contact_plating_post_raw, contact_plating_mating_raw, shell_material, termination_post_length_mm, is_zif	8097814071588912837
ic_socket_connector	IC插座	背板与插座连接器	3	64-9518-10E	64-9518-10E-ND	Aries Electronics	Aries Electronics	在售	IC 插座	https://www.digikey.cn/zh/products/detail/aries-electronics/64-9518-10E/4206064	features_raw, socket_type, compatible_ic_package, ic_pin_count, pin_grid_layout_raw, contact_plating_post_raw, contact_plating_mating_raw, shell_material, termination_post_length_mm, is_zif	-5268216770030379476
ic_socket_connector	IC插座	背板与插座连接器	4	10-2823-90	10-2823-90-ND	Aries Electronics	Aries Electronics	在售	IC 插座	https://www.digikey.cn/zh/products/detail/aries-electronics/10-2823-90/4207798	features_raw, socket_type, compatible_ic_package, ic_pin_count, pin_grid_layout_raw, contact_plating_post_raw, contact_plating_mating_raw, shell_material, termination_post_length_mm, is_zif	6051817603567276591
ic_socket_connector	IC插座	背板与插座连接器	5	228-1277-29-0602J	3M5024-ND	3M	3M	停产	插座适配器	https://www.digikey.cn/zh/products/detail/3m/228-1277-29-0602J/1130079	features_raw, socket_type, compatible_ic_package, ic_pin_count, pin_grid_layout_raw, contact_plating_post_raw, contact_plating_mating_raw, shell_material, termination_post_length_mm, is_zif	7601410448478769283
ic_socket_connector	IC插座	背板与插座连接器	6	CPAS-128-ZUGG-13CG	612-CPAS-128-ZUGG-13CG-ND	Samtec Inc.	Samtec Inc.	在售	IC 插座	https://www.digikey.cn/zh/products/detail/samtec-inc/CPAS-128-ZUGG-13CG/26542426	features_raw, socket_type, compatible_ic_package, ic_pin_count, pin_grid_layout_raw, contact_plating_post_raw, contact_plating_mating_raw, shell_material, termination_post_length_mm, is_zif	-1817997895361600014
ic_socket_connector	IC插座	背板与插座连接器	7	SLG47912V-SKT	1695-SLG47912V-SKT-ND	Renesas Electronics Corporation	Renesas Electronics Corporation	在售	可编程适配器，插座	https://www.digikey.cn/zh/products/detail/renesas-electronics-corporation/SLG47912V-SKT/28532479	features_raw, socket_type, compatible_ic_package, ic_pin_count, pin_grid_layout_raw, contact_plating_post_raw, contact_plating_mating_raw, shell_material, termination_post_length_mm, is_zif	-4763627556249936934
ic_socket_connector	IC插座	背板与插座连接器	8	122-11-640-41-001000	122-11-640-41-001000-ND	Mill-Max Manufacturing Corp.	Mill-Max Manufacturing Corp.	在售	IC 插座	https://www.digikey.cn/zh/products/detail/mill-max-manufacturing-corp/122-11-640-41-001000/7736246	features_raw, socket_type, compatible_ic_package, ic_pin_count, pin_grid_layout_raw, contact_plating_post_raw, contact_plating_mating_raw, shell_material, termination_post_length_mm, is_zif	6824615052079990493
ic_socket_connector	IC插座	背板与插座连接器	9	116-93-432-41-007000	11693-43241007000-ND	Mill-Max Manufacturing Corp.	Mill-Max Manufacturing Corp.	在售	IC 插座	https://www.digikey.cn/zh/products/detail/mill-max-manufacturing-corp/116-93-432-41-007000/472326	features_raw, socket_type, compatible_ic_package, ic_pin_count, pin_grid_layout_raw, contact_plating_post_raw, contact_plating_mating_raw, shell_material, termination_post_length_mm, is_zif	-5040560133810505690
ic_socket_connector	IC插座	背板与插座连接器	10	111-43-308-41-001000	ED90113-ND	Mill-Max Manufacturing Corp.	Mill-Max Manufacturing Corp.	在售	IC 插座	https://www.digikey.cn/zh/products/detail/mill-max-manufacturing-corp/111-43-308-41-001000/1212010	features_raw, socket_type, compatible_ic_package, ic_pin_count, pin_grid_layout_raw, contact_plating_post_raw, contact_plating_mating_raw, shell_material, termination_post_length_mm, is_zif	-1649496316276868441
idc_connector	IDC连接器	板级与线缆互连连接器	1	2-229912-1	A24332-ND	TE Connectivity AMP Connectors	TE Connectivity AMP Connectors	停产	并口连接器	https://www.digikey.cn/zh/products/detail/te-connectivity-amp-connectors/2-229912-1/291903	wire_gauge_min_awg, wire_gauge_max_awg	-2660309314669497526
idc_connector	IDC连接器	板级与线缆互连连接器	2	FX2B-80PA-1.27DS(71)	H10498-ND	Hirose Electric Co Ltd	Hirose Electric Co Ltd	最后售卖	并口连接器	https://www.digikey.cn/zh/products/detail/hirose-electric-co-ltd/FX2B-80PA-1-27DS-71/1024438	wire_gauge_min_awg, wire_gauge_max_awg	966940352345392151
idc_connector	IDC连接器	板级与线缆互连连接器	3	111-024-103L001	1024MA-ND	NorComp Inc.	NorComp Inc.	在售	并口连接器	https://www.digikey.cn/zh/products/detail/norcomp-inc/111-024-103L001/955139	wire_gauge_min_awg, wire_gauge_max_awg	-420690082376762241
idc_connector	IDC连接器	板级与线缆互连连接器	4	10240-1S10PE	3M6472-ND	3M	3M	在售	并口连接器	https://www.digikey.cn/zh/products/detail/3m/10240-1S10PE/1826616	wire_gauge_min_awg, wire_gauge_max_awg	-2673050568658252921
idc_connector	IDC连接器	板级与线缆互连连接器	5	HE11-RAA-111	HE11-RAA-111-ND	Amphenol ICC	Amphenol ICC (Commercial Products)	停产	并口连接器	https://www.digikey.cn/zh/products/detail/amphenol-cs-commercial-products/HE11-RAA-111/8594812	wire_gauge_min_awg, wire_gauge_max_awg	5759635091398974109
idc_connector	IDC连接器	板级与线缆互连连接器	6	111-014-213L001	1014PFA-ND	NorComp Inc.	NorComp Inc.	在售	并口连接器	https://www.digikey.cn/zh/products/detail/norcomp-inc/111-014-213L001/955150	wire_gauge_min_awg, wire_gauge_max_awg	-7650501189764220564
idc_connector	IDC连接器	板级与线缆互连连接器	7	FX2BR-60SA-1.27R	26-FX2BR-60SA-1.27R-ND	Hirose Electric Co Ltd	Hirose Electric Co Ltd	在售	并口连接器	https://www.digikey.cn/zh/products/detail/hirose-electric-co-ltd/FX2BR-60SA-1-27R/24388188	wire_gauge_min_awg, wire_gauge_max_awg	-4187699959654430772
idc_connector	IDC连接器	板级与线缆互连连接器	8	FX2-32S-1.27SVL(71)	H123328-ND	Hirose Electric Co Ltd	Hirose Electric Co Ltd	在售	并口连接器	https://www.digikey.cn/zh/products/detail/hirose-electric-co-ltd/FX2-32S-1-27SVL-71/3977912	wire_gauge_min_awg, wire_gauge_max_awg	6990188579385656495
idc_connector	IDC连接器	板级与线缆互连连接器	9	P50-068DDP-SR1-TG	P50-068DDP-SR1-TG-ND	3M	3M	停产	并口连接器	https://www.digikey.cn/zh/products/detail/3m/P50-068DDP-SR1-TG/1240046	wire_gauge_min_awg, wire_gauge_max_awg	5132216286948393894
idc_connector	IDC连接器	板级与线缆互连连接器	10	PHEC30P-S211LF	PHEC30P-S211LF-ND	Amphenol ICC	Amphenol ICC (FCI)	在售	并口连接器	https://www.digikey.cn/zh/products/detail/amphenol-cs-fci/PHEC30P-S211LF/4270472	wire_gauge_min_awg, wire_gauge_max_awg	-5754786501266909899
pin_header_socket	排针排母	板级与线缆互连连接器	1	SL LP 5 SMD 038 15 G B TR	5496-SLLP5SMD03815GBTR-ND - 卷带（TR）	Fischer Elektronik	Fischer Elektronik	在售	针座，公插针	https://www.digikey.cn/zh/products/detail/fischer-elektronik/SL-LP-5-SMD-038-15-G-B-TR/24540297	row_count, connector_gender, pin_length_mm	-8946461091464783752
pin_header_socket	排针排母	板级与线缆互连连接器	2	0678-0-15-01-32-02-10-0	0678-015013202100-ND	Mill-Max Manufacturing Corp.	Mill-Max Manufacturing Corp.	在售	PC 引脚插座，插座连接器	https://www.digikey.cn/zh/products/detail/mill-max-manufacturing-corp/0678-0-15-01-32-02-10-0/434447	pin_hole_diameter_mm, mounting_hole_diameter_mm, flange_diameter_mm, socket_depth_mm, overall_length_mm, acceptable_pin_diameter_min_mm, acceptable_pin_diameter_max_mm, tail_type_raw, contact_material_raw, contact_plating_thickness_um, pin_length_mm	8039087485032535623
pin_header_socket	排针排母	板级与线缆互连连接器	3	2092-1405	2946-2092-1405-ND	WAGO Corporation	WAGO Corporation	在售	针座、插头和插座	https://www.digikey.cn/zh/products/detail/wago-corporation/2092-1405/15539631	row_count, connector_gender, pin_length_mm, pins_per_row, connector_orientation, insulation_height_mm, contact_plating, termination_type, contact_material_raw	4080300070515084350
pin_header_socket	排针排母	板级与线缆互连连接器	4	MTMM-103-14-G-D-000	612-MTMM-103-14-G-D-000-ND	Samtec Inc.	Samtec Inc.	在售	针座，公插针	https://www.digikey.cn/zh/products/detail/samtec-inc/MTMM-103-14-G-D-000/8214407	row_count, connector_gender, pin_length_mm	5252857920906274417
pin_header_socket	排针排母	板级与线缆互连连接器	5	TSW-101-26-F-D	TSW-101-26-F-D-ND	Samtec Inc.	Samtec Inc.	在售	针座，公插针	https://www.digikey.cn/zh/products/detail/samtec-inc/TSW-101-26-F-D/7861930	row_count, connector_gender, pin_length_mm	3565747093278599612
pin_header_socket	排针排母	板级与线缆互连连接器	6	MTLW-109-05-T-S-138	612-MTLW-109-05-T-S-138-ND	Samtec Inc.	Samtec Inc.	在售	针座，公插针	https://www.digikey.cn/zh/products/detail/samtec-inc/MTLW-109-05-T-S-138/9505907	row_count, connector_gender, pin_length_mm	-1471038093260232681
pin_header_socket	排针排母	板级与线缆互连连接器	7	50310-0054N-002	4294-50310-0054N-002TR-ND - 卷带（TR） 4294-50310-0054N-002CT-ND - 剪切带（CT） 4294-50310-0054N-002DKR-ND - Digi-Reel® 得捷定制卷带	Aces Connectors	Aces Connectors	在售	针座，公插针	https://www.digikey.cn/zh/products/detail/aces-connectors/50310-0054N-002/25702403	row_count, connector_gender, pin_length_mm	6297887046602918492
pin_header_socket	排针排母	板级与线缆互连连接器	8	G87MP042202CHR	664-G87MP042202CHR-ND	Amphenol ICC	Amphenol ICC (Commercial Products)	在售	针座，公插针	https://www.digikey.cn/zh/products/detail/amphenol-cs-commercial-products/G87MP042202CHR/25817296	row_count, connector_gender, pin_length_mm	-7382160020646122342
pin_header_socket	排针排母	板级与线缆互连连接器	9	857-10-010-30-002000	857-10-010-30-002000-ND	Mill-Max Manufacturing Corp.	Mill-Max Manufacturing Corp.	在售	弹簧式	https://www.digikey.cn/zh/products/detail/mill-max-manufacturing-corp/857-10-010-30-002000/7775233	row_count, connector_gender, pin_length_mm	1726258360810494121
pin_header_socket	排针排母	板级与线缆互连连接器	10	TSM-103-02-L-SH-P-TR	TSM-103-02-L-SH-P-TR-ND - 卷带（TR）	Samtec Inc.	Samtec Inc.	在售	针座，公插针	https://www.digikey.cn/zh/products/detail/samtec-inc/TSM-103-02-L-SH-P-TR/7631162	row_count, connector_gender, pin_length_mm	7298795982702864305
pluggable_terminal_block	插拔式接线端子	电源与端子连接器	1	YHLZR-26	YHLZR-26-ND	Souriau-Sunbank by Eaton	Souriau-Sunbank by Eaton	在售	端子接线系统	https://www.digikey.cn/zh/products/detail/souriau-sunbank-by-eaton/YHLZR-26/4493858	product_type_raw, features_raw, flammability_rating, body_color, bottom_termination	-4117975384228735515
screw_terminal_block	螺钉式接线端子	电源与端子连接器	2	2130114					DIN 导轨，通道	https://www.digikey.cn/zh/products/detail/phoenix-contact/2130114/2553504	product_type_raw, termination_type, wire_gauge_min_awg, wire_gauge_max_awg, rated_current_a, mounting_style	2230739004785705448
spring_terminal_block	弹簧式接线端子	电源与端子连接器	3	1636810000					DIN 导轨，通道	https://www.digikey.cn/zh/products/detail/weidm%C3%BCller/1636810000/498232	product_type_raw, spring_actuation_type, wire_gauge_min_mm2, flammability_rating, body_color, strip_length_mm	8717175941711977345
pluggable_terminal_block	插拔式接线端子	电源与端子连接器	4	AVK-EP-210-B					DIN 导轨，通道	https://www.digikey.cn/zh/products/detail/omega/AVK-EP-210-B/27145170	product_type_raw, features_raw, flammability_rating, body_color	275825305822945617
pluggable_terminal_block	插拔式接线端子	电源与端子连接器	5	AC2952	2330-AC2952-ND	ifm efector, inc.	ifm efector, inc.	在售	传感器接口接线块	https://www.digikey.cn/zh/products/detail/ifm-efector-inc/AC2952/28879152	product_type_raw, features_raw, flammability_rating, body_color	-8517687020794951691
pluggable_terminal_block	插拔式接线端子	电源与端子连接器	6	2304047	277-7666-ND	Phoenix Contact	Phoenix Contact	最后售卖	接口模块	https://www.digikey.cn/zh/products/detail/phoenix-contact/2304047/3597003	product_type_raw, features_raw, flammability_rating, body_color	-330713824276454970
pluggable_terminal_block	插拔式接线端子	电源与端子连接器	7	CSC16/3T					DIN 导轨，通道	https://www.digikey.cn/zh/products/detail/altech-corporation/CSC16-3T/19908862	product_type_raw, features_raw, flammability_rating, body_color	-7783141108597531270
pluggable_terminal_block	插拔式接线端子	电源与端子连接器	8	1456610000	1456610000-ND	Weidmüller	Weidmüller	在售	接口模块	https://www.digikey.cn/zh/products/detail/weidm%C3%BCller/1456610000/5998327	product_type_raw, features_raw, flammability_rating, body_color	9117213864329034808
pluggable_terminal_block	插拔式接线端子	电源与端子连接器	9	2304429	2304429-ND	Phoenix Contact	Phoenix Contact	在售	接口模块	https://www.digikey.cn/zh/products/detail/phoenix-contact/2304429/2526136	product_type_raw, features_raw, flammability_rating, body_color	-6829349858821967758
pluggable_terminal_block	插拔式接线端子	电源与端子连接器	10	2734170000					DIN 导轨，通道	https://www.digikey.cn/zh/products/detail/weidm%C3%BCller/2734170000/25882177	product_type_raw, features_raw, flammability_rating, body_color	-8819999642408720133
power_connector	电源连接器	电源与端子连接器	1	1604121-1	1604121-1-ND	TE Connectivity AMP Connectors	TE Connectivity AMP Connectors	在售	刀片式电源连接器配件	https://www.digikey.cn/zh/products/detail/te-connectivity-amp-connectors/1604121-1/2329853	accessory_type_raw, body_color, compatible_product_raw, housing_material_raw	6402892642294141152
power_connector	电源连接器	电源与端子连接器	2	SBO60HDLYEL	2243-SBO60HDLYEL-ND	Anderson Power Products, Inc.	Anderson Power Products, Inc.	在售	刀片式电源连接器配件	https://www.digikey.cn/zh/products/detail/anderson-power-products-inc/SBO60HDLYEL/14550616	accessory_type_raw, body_color, compatible_product_raw, housing_material_raw	-3196613749841705929
power_connector	电源连接器	电源与端子连接器	3	1604078-1	A112483-ND	TE Connectivity AMP Connectors	TE Connectivity AMP Connectors	在售	刀片式电源连接器配件	https://www.digikey.cn/zh/products/detail/te-connectivity-amp-connectors/1604078-1/688366	accessory_type_raw, body_color, compatible_product_raw, housing_material_raw	6718146558263851814
power_connector	电源连接器	电源与端子连接器	4	0351500292	WM3125-ND	Molex	Molex	在售	刀片式电源连接器配件	https://www.digikey.cn/zh/products/detail/molex/0351500292/2405468	accessory_type_raw, body_color, compatible_product_raw, housing_material_raw	4681851160300543251
power_connector	电源连接器	电源与端子连接器	5	1384-BK	2243-1384-BK-ND	Anderson Power Products, Inc.	Anderson Power Products, Inc.	在售	刀片式电源连接器触头	https://www.digikey.cn/zh/products/detail/anderson-power-products-inc/1384-BK/10650416	contact_type_raw, contact_termination_raw, contact_material, contact_plating_raw, product_type_raw	4382457896983149852
power_connector	电源连接器	电源与端子连接器	6	5952-BK	2243-5952-BK-ND	Anderson Power Products, Inc.	Anderson Power Products, Inc.	在售	刀片式电源连接器触头	https://www.digikey.cn/zh/products/detail/anderson-power-products-inc/5952-BK/10650106	contact_type_raw, contact_termination_raw, contact_material, contact_plating_raw, product_type_raw	3387242808781142475
power_connector	电源连接器	电源与端子连接器	7	0357460410	WM14292TR-ND - 卷带（TR） WM14292CT-ND - 剪切带（CT）	Molex	Molex	在售	刀片式电源连接器触头	https://www.digikey.cn/zh/products/detail/molex/0357460410/3185212	contact_type_raw, contact_termination_raw, contact_material, contact_plating_raw, product_type_raw	-7646623037588441611
power_connector	电源连接器	电源与端子连接器	8	1339G3-BK	2243-1339G3-BK-ND	Anderson Power Products, Inc.	Anderson Power Products, Inc.	在售	刀片式电源连接器触头	https://www.digikey.cn/zh/products/detail/anderson-power-products-inc/1339G3-BK/10650260	contact_type_raw, contact_termination_raw, contact_material, contact_plating_raw, product_type_raw	-2390167141836730889
power_connector	电源连接器	电源与端子连接器	9	10170818-S05LF	609-10170818-S05LF-ND	Amphenol ICC	Amphenol ICC (FCI)	在售	刀片式电源连接器触头	https://www.digikey.cn/zh/products/detail/amphenol-cs-fci/10170818-S05LF/24624285	contact_type_raw, contact_termination_raw, contact_material, contact_plating_raw, product_type_raw	-6219969895312738619
power_connector	电源连接器	电源与端子连接器	10	SBO60CLPORN	2243-SBO60CLPORN-ND	Anderson Power Products, Inc.	Anderson Power Products, Inc.	在售	刀片式电源连接器配件	https://www.digikey.cn/zh/products/detail/anderson-power-products-inc/SBO60CLPORN/14550824	accessory_type_raw, body_color, compatible_product_raw, housing_material_raw	4674978697340885865
rectangular_connector	矩形连接器	通用壳体连接器	1	1600744014	900-1600744014-ND	Molex	Molex	在售	矩形连接器外壳	https://www.digikey.cn/zh/products/detail/molex/1600744014/13893902	body_color, shell_color, keying_type, ip_rating, shell_material, shell_size_code, thread_spec_raw, shell_finish_raw, connector_style_raw, pkg_length_mm, pkg_width_mm, pkg_height_mm, contact_pitch_mm, row_count, locking_type, features_raw, insulation_material_raw, contact_type_raw	-6760315413792368484
rectangular_connector	矩形连接器	通用壳体连接器	2	0936011305	0936011305-ND	Molex	Molex	在售	重载连接器外壳、盖罩、基底	https://www.digikey.cn/zh/products/detail/molex/0936011305/8475527	body_color, shell_color, keying_type, ip_rating, shell_material, shell_size_code, thread_spec_raw, shell_finish_raw, connector_style_raw, pkg_length_mm, pkg_width_mm, pkg_height_mm, contact_pitch_mm, row_count, locking_type, features_raw, insulation_material_raw, contact_type_raw	2155257334673745960
rectangular_connector	矩形连接器	通用壳体连接器	3	1786900000	1786900000-ND	Weidmüller	Weidmüller	在售	重载连接器外壳、盖罩、基底	https://www.digikey.cn/zh/products/detail/weidm%C3%BCller/1786900000/1246443	body_color, shell_color, keying_type, ip_rating, shell_material, shell_size_code, thread_spec_raw, shell_finish_raw, connector_style_raw, pkg_length_mm, pkg_width_mm, pkg_height_mm, contact_pitch_mm, row_count, locking_type, features_raw, insulation_material_raw, contact_type_raw	5483847599699071357
rectangular_connector	矩形连接器	通用壳体连接器	4	0936030021	0936030021-ND	Molex	Molex	在售	重型连接器组件	https://www.digikey.cn/zh/products/detail/molex/0936030021/8478550	body_color, shell_color, keying_type, ip_rating, shell_material, shell_size_code, thread_spec_raw, shell_finish_raw, connector_style_raw, pkg_length_mm, pkg_width_mm, pkg_height_mm, contact_pitch_mm, row_count, locking_type, features_raw, insulation_material_raw, contact_type_raw	3336659849442244930
rectangular_connector	矩形连接器	通用壳体连接器	5	H16B-TSH-RO-PG29	A123588-ND	TE Connectivity AMP Connectors	TE Connectivity AMP Connectors	在售	重载连接器外壳、盖罩、基底	https://www.digikey.cn/zh/products/detail/te-connectivity-amp-connectors/H16B-TSH-RO-PG29/5766286	body_color, shell_color, keying_type, ip_rating, shell_material, shell_size_code, thread_spec_raw, shell_finish_raw, connector_style_raw, pkg_length_mm, pkg_width_mm, pkg_height_mm, contact_pitch_mm, row_count, locking_type, features_raw, insulation_material_raw, contact_type_raw	5376045850049836822
rectangular_connector	矩形连接器	通用壳体连接器	6	S4P-SVF	455-S4P-SVF-ND	JST Sales America Inc.	JST Sales America Inc.	在售	矩形连接器外壳	https://www.digikey.cn/zh/products/detail/jst-sales-america-inc/S4P-SVF/26433769	body_color, shell_color, keying_type, ip_rating, shell_material, shell_size_code, thread_spec_raw, shell_finish_raw, connector_style_raw, pkg_length_mm, pkg_width_mm, pkg_height_mm, contact_pitch_mm, row_count, locking_type, features_raw, insulation_material_raw, contact_type_raw	-5209820249325676349
rectangular_connector	矩形连接器	通用壳体连接器	7	D369-MP95-AS0	1508-D369-MP95-AS0-ND	TE Connectivity Deutsch Connectors	TE Connectivity Deutsch Connectors	在售	矩形连接器外壳	https://www.digikey.cn/zh/products/detail/te-connectivity-deutsch-connectors/D369-MP95-AS0/22564311	body_color, shell_color, keying_type, ip_rating, shell_material, shell_size_code, thread_spec_raw, shell_finish_raw, connector_style_raw, pkg_length_mm, pkg_width_mm, pkg_height_mm, contact_pitch_mm, row_count, locking_type, features_raw, insulation_material_raw, contact_type_raw	3002092421634523351
rectangular_connector	矩形连接器	通用壳体连接器	8	0936012594	0936012594-ND	Molex	Molex	在售	重载连接器外壳、盖罩、基底	https://www.digikey.cn/zh/products/detail/molex/0936012594/8476692	body_color, shell_color, keying_type, ip_rating, shell_material, shell_size_code, thread_spec_raw, shell_finish_raw, connector_style_raw, pkg_length_mm, pkg_width_mm, pkg_height_mm, contact_pitch_mm, row_count, locking_type, features_raw, insulation_material_raw, contact_type_raw	3426886375762090598
rectangular_connector	矩形连接器	通用壳体连接器	9	2-2448102-3	1734-2-2448102-3-ND	TE Connectivity Deutsch Connectors	TE Connectivity Deutsch Connectors	在售	矩形连接器外壳	https://www.digikey.cn/zh/products/detail/te-connectivity-deutsch-ict-connectors/2-2448102-3/18592114	body_color, shell_color, keying_type, ip_rating, shell_material, shell_size_code, thread_spec_raw, shell_finish_raw, connector_style_raw, pkg_length_mm, pkg_width_mm, pkg_height_mm, contact_pitch_mm, row_count, locking_type, features_raw, insulation_material_raw, contact_type_raw	-6247120365383939970
rectangular_connector	矩形连接器	通用壳体连接器	10	1079547	277-1079547-ND	Phoenix Contact	Phoenix Contact	在售	重载连接器插件、模块	https://www.digikey.cn/zh/products/detail/phoenix-contact/1079547/17939584	body_color, shell_color, keying_type, ip_rating, shell_material, shell_size_code, thread_spec_raw, shell_finish_raw, connector_style_raw, pkg_length_mm, pkg_width_mm, pkg_height_mm, contact_pitch_mm, row_count, locking_type, features_raw, insulation_material_raw, contact_type_raw	-41684092660048438
rf_coaxial_connector	RF同轴连接器	RF同轴连接器	1	R280182100	2201-R280182100-ND	Radiall USA, Inc.	Radiall USA, Inc.	在售	同轴连接器（射频）触头	https://www.digikey.cn/zh/products/detail/radiall-usa-inc/R280182100/28014904	vswr_max, insertion_loss_db, power_rating_w, dielectric_withstanding_voltage_v, termination_style, pkg_length_mm, pkg_width_mm, pkg_height_mm, compatible_cable_type	-2173606745486361965
rf_coaxial_connector	RF同轴连接器	RF同轴连接器	2	GT26-1S-HU(21)	GT26-1S-HU(21)-ND	Hirose Electric Co Ltd	Hirose Electric Co Ltd	在售	同轴连接器（射频）组件	https://www.digikey.cn/zh/products/detail/hirose-electric-co-ltd/GT26-1S-HU-21/8562132	vswr_max, insertion_loss_db, power_rating_w, dielectric_withstanding_voltage_v, termination_style, pkg_length_mm, pkg_width_mm, pkg_height_mm, compatible_cable_type	341036735912386400
rf_coaxial_connector	RF同轴连接器	RF同轴连接器	3	PE44849	6099-PE44849-ND	Pasternack	Pasternack	在售	同轴连接器（射频）组件	https://www.digikey.cn/zh/products/detail/pasternack/PE44849/22043268	vswr_max, insertion_loss_db, power_rating_w, dielectric_withstanding_voltage_v, termination_style, pkg_length_mm, pkg_width_mm, pkg_height_mm, compatible_cable_type	6062636462875863213
rf_coaxial_connector	RF同轴连接器	RF同轴连接器	4	1059684-1	1059684-1-ND	TE Connectivity Aerospace, Defense and Marine	TE Connectivity Aerospace, Defense and Marine	在售	同轴连接器（射频）组件	https://www.digikey.cn/zh/products/detail/te-connectivity-aerospace-defense-and-marine/1059684-1/2339137	vswr_max, insertion_loss_db, power_rating_w, dielectric_withstanding_voltage_v, termination_style, pkg_length_mm, pkg_width_mm, pkg_height_mm, compatible_cable_type	-4124113087077510422
rf_coaxial_connector	RF同轴连接器	RF同轴连接器	5	32S122-271S5	1868-1233-ND	Rosenberger	Rosenberger	在售	同轴连接器（射频）组件	https://www.digikey.cn/zh/products/detail/rosenberger/32S122-271S5/7926934	vswr_max, insertion_loss_db, power_rating_w, dielectric_withstanding_voltage_v, termination_style, pkg_length_mm, pkg_width_mm, pkg_height_mm, compatible_cable_type	8631695256027893855
rf_coaxial_connector	RF同轴连接器	RF同轴连接器	6	BJ3159-47			Cinch Connectivity Solutions Trompeter	在售	同轴连接器（射频）组件	https://www.digikey.cn/zh/products/detail/cinch-connectivity-solutions-trompeter/BJ3159-47/6025307	vswr_max, insertion_loss_db, power_rating_w, dielectric_withstanding_voltage_v, termination_style, pkg_length_mm, pkg_width_mm, pkg_height_mm, compatible_cable_type	-3741792181377400159
rf_coaxial_connector	RF同轴连接器	RF同轴连接器	7	5-1634502-1	5-1634502-1-ND	TE Connectivity AMP Connectors	TE Connectivity AMP Connectors	停产	同轴连接器（射频）组件	https://www.digikey.cn/zh/products/detail/te-connectivity-amp-connectors/5-1634502-1/5446437	vswr_max, insertion_loss_db, power_rating_w, dielectric_withstanding_voltage_v, termination_style, pkg_length_mm, pkg_width_mm, pkg_height_mm, compatible_cable_type	-6176139853504844473
rf_coaxial_connector	RF同轴连接器	RF同轴连接器	8	0731717030					同轴连接器（射频）组件	https://www.digikey.cn/zh/products/detail/molex/0731717030/25660248	vswr_max, insertion_loss_db, power_rating_w, dielectric_withstanding_voltage_v, termination_style, pkg_length_mm, pkg_width_mm, pkg_height_mm, compatible_cable_type	-381647110199198941
rf_coaxial_connector	RF同轴连接器	RF同轴连接器	9	R222M00880	2201-R222M00880-ND	Radiall USA, Inc.	Radiall USA, Inc.	在售	同轴连接器（射频）组件	https://www.digikey.cn/zh/products/detail/radiall-usa-inc/R222M00880/28015034	vswr_max, insertion_loss_db, power_rating_w, dielectric_withstanding_voltage_v, termination_style, pkg_length_mm, pkg_width_mm, pkg_height_mm, compatible_cable_type	6663053796382155579
rf_coaxial_connector	RF同轴连接器	RF同轴连接器	10	142-0407-011	J10193-ND	Cinch Connectivity Solutions Johnson	Cinch Connectivity Solutions Johnson	在售	同轴连接器（射频）组件	https://www.digikey.cn/zh/products/detail/cinch-connectivity-solutions-johnson/142-0407-011/4864598	vswr_max, insertion_loss_db, power_rating_w, dielectric_withstanding_voltage_v, termination_style, pkg_length_mm, pkg_width_mm, pkg_height_mm, compatible_cable_type	5883502022676196094
usb_connector	USB连接器	标准接口与卡座连接器	1	CP30233X	4654-CP30233X-ND	CLIFF Electronic Components Ltd	CLIFF Electronic Components Ltd	在售	USB、DVI、HDMI 连接器适配器	https://www.digikey.cn/zh/products/detail/cliff-electronic-components-ltd/CP30233X/22206066	usb_connector_type, usb_version, max_data_rate_gbps, max_power_delivery_w, orientation, voltage_rating_v	-1435839737418914468
usb_connector	USB连接器	标准接口与卡座连接器	2	787745-4	787745-4-ND	TE Connectivity AMP Connectors	TE Connectivity AMP Connectors	停产	USB、DVI、HDMI 连接器组件	https://www.digikey.cn/zh/products/detail/te-connectivity-amp-connectors/787745-4/954009	usb_connector_type, usb_version, max_data_rate_gbps, max_power_delivery_w, orientation, voltage_rating_v	8806243589826541568
usb_connector	USB连接器	标准接口与卡座连接器	3	DX4R005JJER1800	DX4R005JJER1800-ND - 卷带（TR）	JAE Electronics	JAE Electronics	在售	USB、DVI、HDMI 连接器组件	https://www.digikey.cn/zh/products/detail/jae-electronics/DX4R005JJER1800/5398039	usb_connector_type, usb_version, max_data_rate_gbps, max_power_delivery_w, orientation, voltage_rating_v	7598101773394380592
usb_connector	USB连接器	标准接口与卡座连接器	4	2563710000	281-2563710000-ND	Weidmüller	Weidmüller	在售	USB、DVI、HDMI 连接器组件	https://www.digikey.cn/zh/products/detail/weidm%C3%BCller/2563710000/22130547	usb_connector_type, usb_version, max_data_rate_gbps, max_power_delivery_w, orientation, voltage_rating_v	5102761343446329544
usb_connector	USB连接器	标准接口与卡座连接器	5	GSB311439FHR	664-GSB311439FHRTR-ND - 卷带（TR）	Amphenol ICC	Amphenol ICC (Commercial Products)	在售	USB、DVI、HDMI 连接器组件	https://www.digikey.cn/zh/products/detail/amphenol-cs-commercial-products/GSB311439FHR/25815676	usb_connector_type, usb_version, max_data_rate_gbps, max_power_delivery_w, orientation, voltage_rating_v	7815168389685110562
usb_connector	USB连接器	标准接口与卡座连接器	6	CP30092	4654-CP30092-ND	CLIFF Electronic Components Ltd	CLIFF Electronic Components Ltd	在售	USB、DVI、HDMI 连接器组件	https://www.digikey.cn/zh/products/detail/cliff-electronic-components-ltd/CP30092/20416311	usb_connector_type, usb_version, max_data_rate_gbps, max_power_delivery_w, orientation, voltage_rating_v	5727839411064426136
usb_connector	USB连接器	标准接口与卡座连接器	7	941	36-941-ND	Keystone Electronics	Keystone Electronics	在售	USB、DVI、HDMI 连接器组件	https://www.digikey.cn/zh/products/detail/keystone-electronics/941/2745653	usb_connector_type, usb_version, max_data_rate_gbps, max_power_delivery_w, orientation, voltage_rating_v	-3708703846113786212
usb_connector	USB连接器	标准接口与卡座连接器	8	1674454-4	1674454-4-ND	TE Connectivity AMP Connectors	TE Connectivity AMP Connectors	停产	USB、DVI、HDMI 连接器组件	https://www.digikey.cn/zh/products/detail/te-connectivity-amp-connectors/1674454-4/5273560	usb_connector_type, usb_version, max_data_rate_gbps, max_power_delivery_w, orientation, voltage_rating_v	7627419458087117351
usb_connector	USB连接器	标准接口与卡座连接器	9	SCNUS-UC-124SGF-SORST	2388-SCNUS-UC-124SGF-SORST-ND	Suntsu Electronics, Inc	Suntsu Electronics, Inc	在售	USB、DVI、HDMI 连接器组件	https://www.digikey.cn/zh/products/detail/suntsu-electronics-inc/SCNUS-UC-124SGF-SORST/14122228	usb_connector_type, usb_version, max_data_rate_gbps, max_power_delivery_w, orientation, voltage_rating_v	8194051833689309292
usb_connector	USB连接器	标准接口与卡座连接器	10	USB-AP-S-SMT-A-T/R	2057-USB-AP-S-SMT-A-T/RTR-ND - 卷带（TR）	Adam Tech	Adam Tech	在售	USB、DVI、HDMI 连接器组件	https://www.digikey.cn/zh/products/detail/adam-tech/USB-AP-S-SMT-A-T-R/26684697	usb_connector_type, usb_version, max_data_rate_gbps, max_power_delivery_w, orientation, voltage_rating_v	1329995580393877218
wire_to_board_connector	线对板连接器	板级与线缆互连连接器	1	TBL002B-350-11GY-2GY	2223-TBL002B-350-11GY-2GY-ND	Same Sky	Same Sky (Formerly CUI Devices)	在售	线对板	https://www.digikey.cn/zh/products/detail/same-sky-formerly-cui-devices/TBL002B-350-11GY-2GY/25805504	wire_gauge_min_awg, wire_gauge_max_awg, locking_type, wire_termination_type, wire_entry_angle	2353291536057300267
wire_to_board_connector	线对板连接器	板级与线缆互连连接器	2	EM279113H	283-EM279113H-ND	Eaton - Electronics Division	Eaton - Electronics Division	在售	线对板	https://www.digikey.cn/zh/products/detail/eaton-electronics-division/EM279113H/16577344	wire_gauge_min_awg, wire_gauge_max_awg, locking_type, wire_termination_type, wire_entry_angle	-3927287540714310702
wire_to_board_connector	线对板连接器	板级与线缆互连连接器	3	30.212	30.212-ND	Altech Corporation	Altech Corporation	在售	线对板	https://www.digikey.cn/zh/products/detail/altech-corporation/30-212/9321655	wire_gauge_min_awg, wire_gauge_max_awg, locking_type, wire_termination_type, wire_entry_angle	1858174704983932255
wire_to_board_connector	线对板连接器	板级与线缆互连连接器	4	2429810000	281-2429810000-ND	Weidmüller	Weidmüller	在售	线对板	https://www.digikey.cn/zh/products/detail/weidm%C3%BCller/2429810000/22133827	wire_gauge_min_awg, wire_gauge_max_awg, locking_type, wire_termination_type, wire_entry_angle	8273761688775929002
wire_to_board_connector	线对板连接器	板级与线缆互连连接器	5	1885130000	1885130000-ND	Weidmüller	Weidmüller	在售	线对板	https://www.digikey.cn/zh/products/detail/weidm%C3%BCller/1885130000/4014537	wire_gauge_min_awg, wire_gauge_max_awg, locking_type, wire_termination_type, wire_entry_angle	5245118547867847152
wire_to_board_connector	线对板连接器	板级与线缆互连连接器	6	ELM239200	ELM239200-ND	Amphenol PCD Shenzhen	Amphenol PCD Shenzhen	在售	线对板	https://www.digikey.cn/zh/products/detail/amphenol-pcd-shenzhen/ELM239200/2423514	wire_gauge_min_awg, wire_gauge_max_awg, locking_type, wire_termination_type, wire_entry_angle	-2373370948943621832
wire_to_board_connector	线对板连接器	板级与线缆互连连接器	7	1870540000	281-8324-ND	Weidmüller	Weidmüller	在售	线对板	https://www.digikey.cn/zh/products/detail/weidm%C3%BCller/1870540000/4014329	wire_gauge_min_awg, wire_gauge_max_awg, locking_type, wire_termination_type, wire_entry_angle	-5438911851167579553
wire_to_board_connector	线对板连接器	板级与线缆互连连接器	8	538702201022096	478-538702201022096-ND	KYOCERA AVX	KYOCERA AVX	在售	一件式线到板，直接线对板	https://www.digikey.cn/zh/products/detail/kyocera-avx/538702201022096/11307832	wire_gauge_min_awg, wire_gauge_max_awg, locking_type, wire_termination_type, wire_entry_angle	8907119936176668060
wire_to_board_connector	线对板连接器	板级与线缆互连连接器	9	ED105/2DS	ED1603-ND	On Shore Technology Inc.	On Shore Technology Inc.	在售	线对板	https://www.digikey.cn/zh/products/detail/on-shore-technology-inc/ED105-2DS/33874	wire_gauge_min_awg, wire_gauge_max_awg, locking_type, wire_termination_type, wire_entry_angle	8702528920891231974
wire_to_board_connector	线对板连接器	板级与线缆互连连接器	10	12457.1	2080-12457.1-ND	Conta-Clip, Inc.	Conta-Clip, Inc.	在售	线对板	https://www.digikey.cn/zh/products/detail/conta-clip-inc/12457-1/10202428	wire_gauge_min_awg, wire_gauge_max_awg, locking_type, wire_termination_type, wire_entry_angle	7315701801984690480
wire_to_wire_connector	线对线连接器	板级与线缆互连连接器	1	61549-1	A27769TR-ND - 卷带（TR） A27769CT-ND - 剪切带（CT）	TE Connectivity AMP Connectors	TE Connectivity AMP Connectors	在售	快速连接，快速断开连接器	https://www.digikey.cn/zh/products/detail/te-connectivity-amp-connectors/61549-1/294364	wire_gauge_min_awg, wire_gauge_max_awg, locking_type, is_waterproof	7392548293005801034
wire_to_wire_connector	线对线连接器	板级与线缆互连连接器	2	LCA4/0-00-X	298-21823-ND	Panduit Corp	Panduit Corp	停产	接线片	https://www.digikey.cn/zh/products/detail/panduit-corp/LCA4-0-00-X/4564387	wire_gauge_min_awg, wire_gauge_max_awg, locking_type, is_waterproof	5191613793614795954
wire_to_wire_connector	线对线连接器	板级与线缆互连连接器	3	LCB6-10-L	298-11770-ND	Panduit Corp	Panduit Corp	在售	接线片	https://www.digikey.cn/zh/products/detail/panduit-corp/LCB6-10-L/4565130	wire_gauge_min_awg, wire_gauge_max_awg, locking_type, is_waterproof	-289724322032848043
wire_to_wire_connector	线对线连接器	板级与线缆互连连接器	4	68786-203LF	609-68786-203LF-ND	Amphenol ICC	Amphenol ICC (FCI)	在售	分路器，跳线	https://www.digikey.cn/zh/products/detail/amphenol-cs-fci/68786-203LF/1528562	wire_gauge_min_awg, wire_gauge_max_awg, locking_type, is_waterproof	8590086162596190413
wire_to_wire_connector	线对线连接器	板级与线缆互连连接器	5	1496380000	281-1496380000-ND	Weidmüller	Weidmüller	在售	接线片	https://www.digikey.cn/zh/products/detail/weidm%C3%BCller/1496380000/22130484	wire_gauge_min_awg, wire_gauge_max_awg, locking_type, is_waterproof	1248565239032692910
wire_to_wire_connector	线对线连接器	板级与线缆互连连接器	6	MNG14-6FX-BOTTLE	MNG14-6FX-BOTTLE-ND	3M	3M	在售	铲形连接器	https://www.digikey.cn/zh/products/detail/3m/MNG14-6FX-BOTTLE/2670112	wire_gauge_min_awg, wire_gauge_max_awg, locking_type, is_waterproof	1199460463603666521
wire_to_wire_connector	线对线连接器	板级与线缆互连连接器	7	1-1544545-2	1-1544545-2-ND - 卷带（TR）	TE Connectivity AMP Connectors	TE Connectivity AMP Connectors	在售	快速连接，快速断开连接器	https://www.digikey.cn/zh/products/detail/te-connectivity-amp-connectors/1-1544545-2/2284821	wire_gauge_min_awg, wire_gauge_max_awg, locking_type, is_waterproof	3560216303185366907
wire_to_wire_connector	线对线连接器	板级与线缆互连连接器	8	AH320C7W	6215-AH320C7W-ND	Eaton Wiring Devices	Eaton Wiring Devices	在售	插头和插座	https://www.digikey.cn/zh/products/detail/eaton-wiring-devices/AH320C7W/27679881	wire_gauge_min_awg, wire_gauge_max_awg, locking_type, is_waterproof	-5256394390118565696
wire_to_wire_connector	线对线连接器	板级与线缆互连连接器	9	BTSW-117-01-F-S-LL	612-BTSW-117-01-F-S-LL-ND	Samtec Inc.	Samtec Inc.	在售	分路器，跳线	https://www.digikey.cn/zh/products/detail/samtec-inc/BTSW-117-01-F-S-LL/25361944	wire_gauge_min_awg, wire_gauge_max_awg, locking_type, is_waterproof	3915598042096902498
wire_to_wire_connector	线对线连接器	板级与线缆互连连接器	10	0804099	277-0804099-ND	Phoenix Contact	Phoenix Contact	在售	插头和插座	https://www.digikey.cn/zh/products/detail/phoenix-contact/0804099/22675342	wire_gauge_min_awg, wire_gauge_max_awg, locking_type, is_waterproof	124560004347594272
