id	brandshort	partno	category	category2	LEFT(note_cn	note_cn_snip	rn
-9223150009783672380		JTN06RT-22-35SB	圆形连接器组件	NULL	针位圆形连接器
-9222905833841827216		JT07RE-18-35SA(306)	圆形连接器组件	NULL	NULL
-9222817575575769713		JTG06RE-16-8SC	圆形连接器组件	NULL	NULL
-9221534813416534062	3M	3429-1202	针座，公插针	NULL	针座连接器 通孔，直角 26 位置 0.100"（2.54mm）
-9219998003696090399	3M	929647-05-13-I	针座，公插针	NULL	针座连接器 通孔 13 位置 0.100"（2.54mm）
-9215903041465668012	3M	MVU18-8FX-BOTTLE	铲形连接器	NULL	红色 8 接线柱 端子 - 铲形连接器 压接 18-22 AWG
-8676083716772226230	AC Connectors	ASL1430P-BK	插头和插座	NULL	电源连接器 插头，公型片状插脚 NEMA L14-30P 自由悬挂
-8485374824594283999	AC Connectors	ASL1530R-BK	插头和插座	NULL	电源连接器 插头，母插口 NEMA L15-30R 自由悬挂
-7805167748811700819	AC Connectors	AS515RL	插头和插座	NULL	电源连接器 插头，母插口 NEMA 5-15R 自由悬挂
7166406284362887074	AC WORKS®	ADC14515	插头和插座	NULL	电源连接器 插头，公插片; 插座，母插槽 NEMA 5-15R
-9083424351606448509	ATTEND Technology	217C-CG10	USB、DVI、HDMI 连接器组件	NULL	USB-C（USB TYPE-C） USB 4.0 插座 连接器 24 位 表面贴装，直角，通孔
-8977866982877222652	ATTEND Technology	217B-BE09	USB、DVI、HDMI 连接器组件	NULL	USB-C（USB TYPE-C） USB 4.0 插座 连接器 24 位 表面贴装，直角
-8857869604606855985	ATTEND Technology	123A-85E02	边缘板连接器	NULL	67 位置 母头 连接器 M.2（NGFF）小型卡 镀金 0.020"（0.50mm） 黑色
-9222218891945088380	Abracon LLC	ARJM11B1-008-AD-CW4	带磁性的模块化/以太网连接器（RJ45）插孔	NULL	1 端口 RJ45 通孔 10/100 Base-T，AutoMDIX
-9215077154627829657	Abracon LLC	ARJM11C7-007-NN-CW2	带磁性的模块化/以太网连接器（RJ45）插孔	NULL	1 端口 RJ45 通孔 10/100 Base-T，AutoMDIX
-9209597109280636321	Abracon LLC	ARJM11B1-009-AD-CW4	带磁性的模块化/以太网连接器（RJ45）插孔	NULL	1 端口 RJ45 通孔 10/100 Base-T，AutoMDIX
-9134705290447984396	Aces Connectors	50310-0084N-002	针座，公插针	NULL	针座连接器 表面贴装型 8 位置 0.079"（2.00mm）
-8815551563701628101	Aces Connectors	52730-0740D-021	边缘板连接器	NULL	74 位置 母头 连接器 PCI Express™ 镀金 0.024"（0.60mm） 黑色
-8678506197234642625	Aces Connectors	50246-01001-001	针座，公插针	NULL	针座连接器 表面贴装，直角 10 位置 0.039"（1.00mm）
-9072798083248979120	Adafruit Industries LLC	2671	针座，公插针	NULL	针座连接器 通孔 40 位置 0.079"（2.00mm）
-8570477404898153533	Adafruit Industries LLC	1661	同轴连接器（射频）组件	NULL	U.FL（UMCC） 连接器 插头，公引脚 表面贴装型 焊接
-8570464313261839954	Adafruit Industries LLC	1825	USB、DVI、HDMI 连接器组件	NULL	USB - mini B 插头 连接器 5 位 自由悬挂
-9223308483041430980	Adam Tech	MMI-M1FB07S42	圆形连接器组件	NULL	7 针位圆形连接器 插头，母插口 焊杯
-9220166244214808802	Adam Tech	PH1-40-UA	针座，公插针	NULL	针座连接器 通孔 40 位置 0.100"（2.54mm）
-9219979984638290817	Adam Tech	LHS-03-TRA	针座，公插针	NULL	针座连接器 通孔，直角 3 位置 0.100"（2.54mm）
-9189001241326914346	Advanced Cable Ties, Inc.	AL-R4C-10-C	环形连接器	NULL	端子 - 环形连接器
-9184574228344103040	Advanced Cable Ties, Inc.	AL-ACS-B3-D	电线接头连接器	NULL	端子 连接器
-8691587874262808545	Advanced Cable Ties, Inc.	AL-ACW-RD-D	电线接头连接器	NULL	端子 连接器
-9205699664467865922	Advantech Corporation	PCA-6108E-0C2E	背板	NULL	背板 通道 连接器间距
-9017981921107593878	Advantech Corporation	PCE-5B06-04A1E	背板	NULL	背板 6 通道 CompactPCI® 连接器间距
-8334099215497953720	Advantech Corporation	PCA-6114P10-0B2E	背板	NULL	背板 通道 连接器间距
-9207050398931938649	AirBorn, a Molex company	IP-1P0-05-PVT11-QTF-1	针座，公插针	NULL	针座连接器 通孔 5 位置 0.225"（5.72mm）
-9206558587545839056	AirBorn, a Molex company	RM232-030-151-5900	针座，公插针	NULL	针座连接器 位置
-9203764675229775741	AirBorn, a Molex company	RM232-040-132-2900	针座，公插针	NULL	针座连接器 通孔 40 位置 0.075"（1.91mm）
-9109250694032428597	Alpha Wire	912-CN NC032	传感器接口接线块	NULL	触动器盒 6 连接器开口，防尘，防水 橙色
-9050794106386647754	Alpha Wire	214HR NC032	圆形连接器组件	NULL	3 针位圆形连接器 插头，公引脚 螺钉
-8814601535878861528	Alpha Wire	207DR7 NC081	圆形连接器组件	NULL	5 针位圆形连接器 插头，公引脚 螺钉
-9216108447121447484	Altech Corporation	SHM12-3,50-P	针座、插头和插座	NULL	12 针位端子块 插头，母插口 0.138"（3.50mm） 180° 自由悬挂
-9212631583061000335	Altech Corporation	PH21-3,50-K	针座、插头和插座	NULL	针位端子块
-9211524269211574024	Altech Corporation	SH215-5,00	针座、插头和插座	NULL	针位端子块
-9092841919913317127	American Electrical Inc.	P-100-50810	针座、插头和插座	NULL	10 针位端子块 插头，母插口 0.200"（5.08mm） 180° 自由悬挂
-8993548141134930024	American Electrical Inc.	P-100-50816	针座、插头和插座	NULL	针位端子块
-8902076394850676040	American Electrical Inc.	P-200-50806	针座、插头和插座	NULL	6 针位端子块 插头，母插口 0.200"（5.08mm） 90° 自由悬挂
-9223329725758223574	Amphenol Aerospace Operations	LJTPQ00RE-17-6SB(SRLC)	圆形连接器外壳	NULL	针位圆形连接器
-9223325263639304511	Amphenol Aerospace Operations	9444W18-4A	圆形连接器外壳	NULL	针位圆形连接器
-9223322854920152162	Amphenol Aerospace Operations	M83723/77R24617	圆形连接器组件	NULL	针位圆形连接器
-9219238293839285666	Amphenol Air LB France	SIM2N40VC	端子接线系统	NULL	连接器 模块外壳 触点尺寸
-9192838350988820032	Amphenol Air LB France	35309105811	端子接线系统	NULL	连接器 管夹 触点尺寸
-9190544611559707680	Amphenol Air LB France	SIM2D80NB	端子接线系统	NULL	连接器 模块外壳 触点尺寸
-9222929800753411339	Amphenol Air LB Germany	VG95234U22428SNJ	圆形连接器组件	NULL	24 针位圆形连接器 插座，母型插口 压接
-9222637523335507961	Amphenol Air LB Germany	GCB3100M204PNBF1T2	圆形连接器组件	NULL	4 针位圆形连接器 插座，公形引脚 压接
-9218794178661504040	Amphenol Air LB Germany	GCB31022412SNBC2	圆形连接器组件	NULL	5 针位圆形连接器 插座，母型插口 压接
-9221979129071056373	Amphenol Anytek	TS04A18D0000G	针座、插头和插座	NULL	4 针位端子块 插头，母插口 0.295"（7.50mm） 270° 自由悬挂
-9220394746523360108	Amphenol Anytek	OQ0801000000G	针座、插头和插座	NULL	8 针位端子块 接头，公引脚，带罩（4 面） 0.300"（7.62mm） 垂直 通孔
-9220250369907534068	Amphenol Anytek	EV0261500000G	针座、插头和插座	NULL	2 针位端子块 插头，母插口 0.400"（10.16mm） 180° 自由悬挂
-9221545354690466271	Amphenol Audio	MP-6211-61S-C	圆形连接器组件	NULL	61 针位圆形连接器 插座，母型插口 焊杯
-9190244644001555174	Amphenol Audio	MP-4164-85S-C	圆形连接器组件	NULL	85 针位圆形连接器 插头，母插口 压接，焊接
-9139293264406509482	Amphenol Audio	AX3FB9M-AU	圆形连接器组件	NULL	3 针位圆形连接器 插头，母插口 焊杯
-9131859573280994800	Amphenol CDI	TMB-E2FS-1ST	同轴连接器（射频）组件	NULL	SMA 连接器 插孔，母形插口 50 欧姆 板边缘，末端装入式 焊接
-9111058304555733005	Amphenol CDI	TMB-E5F2-1L1	同轴连接器（射频）组件	NULL	3.5mm 连接器 插孔，母形插口 50 欧姆 板边缘，末端装入式 压缩
-9049200461077994805	Amphenol CDI	MBB-VM-30-62-30-00	边缘板连接器	NULL	60 位置 母头 连接器 非指定 - 双边 镀金 0.031"（0.80mm） 黑色
-9198293480859902857	Amphenol CONEC	43-01335	圆形连接器组件	NULL	8 针位圆形连接器 插头，母插口 焊接
-9195490031203550170	Amphenol CONEC	141A11689X	针座，公插针	NULL	针座连接器 通孔 34 位置 0.100"（2.54mm）
-9130409657170520096	Amphenol CONEC	43-02345	圆形连接器组件	NULL	8 针位圆形连接器 插座，母型插口 焊接
-8188504106718030533	Amphenol Fiber Systems International	FS801-17R08AZN	圆形连接器外壳	NULL	8（光纤） 针位圆形连接器 插座外壳 面板安装
-2250456033600279535	Amphenol Fiber Systems International	FS801-13J04AZN	圆形连接器外壳	NULL	4（光纤） 针位圆形连接器 插座外壳 面板安装
1982955746397528285	Amphenol Fiber Systems International	M28876/5F11S4	光纤连接器外壳	NULL	光纤连接器 - 外壳 用于
-9222663863531331014	Amphenol ICC	G87MP101205PHR	针座，公插针	NULL	针座连接器 通孔 10 位置 0.165"（4.20mm）
-9222099862650209457	Amphenol ICC	10121033-G01-12ALF	针座，公插针	NULL	针座连接器 通孔 12 位置 0.079"（2.00mm）
-9221854430642811002	Amphenol ICC	10169365-1601LF	矩形连接器外壳	NULL	矩形连接器 - 外壳
-9223214975141105521	Amphenol Industrial Operations	SP08SP-22-41S	圆形连接器组件	NULL	针位圆形连接器
-9222796877290512039	Amphenol Industrial Operations	GTC06LCFZ-22-10P	圆形连接器组件	NULL	针位圆形连接器
-9222752709866006085	Amphenol Industrial Operations	ACS02A18-1SY(472)	圆形连接器组件	NULL	针位圆形连接器
-9221744790040555729	Amphenol LTW	AD-05BFFA-QL8SP0	圆形连接器组件	NULL	5 针位圆形连接器 插头，母插口 焊杯
-9219156756390077585	Amphenol LTW	BD-02BFMA-QL8AP0	圆形连接器组件	NULL	2 针位圆形连接器 插头，公引脚 压接
-9209303012937310508	Amphenol LTW	CD-09AMFM-RL7A01	圆形连接器组件	NULL	针位圆形连接器
-9222715447660780761	Amphenol Limited	TVP00RW1335PDW52	圆形连接器组件	NULL	针位圆形连接器
-9221881344745854815	Amphenol Limited	62GB51T0802SN	圆形连接器组件	NULL	2 针位圆形连接器 插座，母型插口 焊杯
-9221666409487586562	Amphenol Limited	WPTV01ZN151206SNA	圆形连接器组件	NULL	1 针位圆形连接器 插座，母型插口 压接
-9134202388586674583	Amphenol NEXUS Technologies	AJ-165/13-5	圆形连接器组件	NULL	5 针位圆形连接器 插孔，公引脚 焊杯
-8971324700359503609	Amphenol NEXUS Technologies	AP-145MS	圆形连接器组件	NULL	5 针位圆形连接器 插头，母插口 焊杯
-8953625435220724255	Amphenol NEXUS Technologies	AJ-155/11-2	圆形连接器组件	NULL	5 针位圆形连接器 插孔，公引脚 压接
8087762250853634246	Amphenol Onanon	1000-345F-0357-01A2	IC 插座	NULL	345（20 x 22） 位置 PGA 插口 镀金 表面贴装型
-9220804396986028200	Amphenol PCD	TJS320601	端子接线系统	NULL	连接器 引线接头 触点尺寸 20
-9219570363565554434	Amphenol PCD	GCB3106E365SNB	圆形连接器组件	NULL	4 针位圆形连接器 插头，母插口 压接
-9211078832403365482	Amphenol PCD	TJSE20108	端子接线系统	NULL	连接器 引线接头，电阻器 触点尺寸 20
-9221685611012553844	Amphenol PCD Shenzhen	ELFH09120	针座、插头和插座	NULL	9 针位端子块 接头，公引脚，带罩（2 面） 0.197"（5.00mm） 90°，直角 通孔
-9216174301355451250	Amphenol PCD Shenzhen	ELXP241G0	针座、插头和插座	NULL	24 针位端子块 插头，母插口 0.138"（3.50mm） 180° 自由悬挂
-9212167002655607033	Amphenol PCD Shenzhen	ELFF1223G	针座、插头和插座	NULL	针位端子块
3393589213193830458	Amphenol PCTEL	ACN-2609	同轴连接器（射频）组件	NULL	连接器
-9223274608361713827	Amphenol Positronic	CBD5W5M00GT2Z	D-Sub、D 形连接器外壳	NULL	体座 连接器 位置
-9223037251603734261	Amphenol Positronic	RD50M0S50V3S	D-Sub、D 形连接器外壳	NULL	公触点插头 体座 D-Sub 连接器 50 位置
-9222666699472040958	Amphenol Positronic	CBD2WK2M00AN0Z	D-Sub、D 形连接器外壳	NULL	体座 连接器 位置
-9212337581087955905	Amphenol RF	132135RP	同轴连接器（射频）组件	NULL	RP-SMA 连接器 插头，母形插口 50 欧姆 通孔，直角 焊接
-9211144023520436905	Amphenol RF	31-2	同轴连接器（射频）组件	NULL	BNC 连接器 插头，公引脚 50 欧姆 自由悬挂 焊接
-9209239705108074144	Amphenol RF	034-1030-12G	同轴连接器（射频）组件	NULL	BNC，HD 连接器 插孔，母形插口 75 欧姆 面板安装，通孔，直角 焊接
-9217147391772744306	Amphenol SV Microwave	SF8711-6002	同轴连接器（射频）组件	NULL	ZMA 连接器 插头，公引脚 50 欧姆 自由悬挂 焊接
-9192519827797487546	Amphenol SV Microwave	4011-00043	同轴连接器（射频）组件	NULL	TNC 连接器 插头，公引脚 50 欧姆 自由悬挂 焊接
-9181523856234858349	Amphenol SV Microwave	SF3211-60218	同轴连接器（射频）组件	NULL	SMPM 连接器 插头，公引脚 50 欧姆 表面贴装型 压缩
-9222125249675808016	Amphenol Sine Systems Corp	ARC26-40SD	矩形连接器外壳	NULL	40 矩形连接器 - 外壳 插头 黑色
-9219651657310860295	Amphenol Sine Systems Corp	ATM15-12PB-BM02	针座，公插针	NULL	针座连接器 通孔 12 位置
-9215213745968883331	Amphenol Sine Systems Corp	AT04-08PD-PM15	矩形连接器外壳	NULL	8 矩形连接器 - 外壳 插座 棕色
-9219425746900624740	Amphenol Socapex	USBBFTV7PE2N	USB、DVI、HDMI 连接器组件	NULL	USB-B（USB TYPE-B） USB 2.0 插座 连接器 4 位 面板安装
-9203847265318550960	Amphenol Socapex	TVS07FCI1799PC	圆形连接器组件	NULL	23 针位圆形连接器 插座，公形引脚 焊接
-9203516936101113272	Amphenol Socapex	RNJ26T2111SN014LC	圆形连接器外壳	NULL	11 针位圆形连接器 插头外壳 自由悬挂
-9200888633839958529	Amphenol Times Microwave Systems	TCP-401-NMC-LP	同轴连接器（射频）组件	NULL	连接器
-9145271779047311371	Amphenol Times Microwave Systems	TC-500-NMC	同轴连接器（射频）组件	NULL	连接器
-9126170744606537634	Amphenol Times Microwave Systems	TC-200-BM-X	同轴连接器（射频）组件	NULL	BNC 连接器 插头，公引脚 50 欧姆 自由悬挂 焊接
-9202214271096971708	Amphenol Tuchel Industrial	C146 A01 001 E8	重载连接器插件、模块	NULL	公头 无触头模块 黑色 1 位置 压接
-9195089402421635234	Amphenol Tuchel Industrial	C146 10R024 506 8	重载连接器外壳、盖罩、基底	NULL	防护罩 连接器 侧面进入 M32 E24 IP65 - 防尘，耐水
-9180680685390424684	Amphenol Tuchel Industrial	C14611R0245001	重载连接器外壳、盖罩、基底	NULL	防护罩 连接器 侧面进入 M32 E24 IP65 - 防尘，耐水
-9065473155767726456	Amphenol Wilcoxon Sensing Technologies	IT034	针座、插头和插座	NULL	5 针位端子块 插头，母插口 180° 自由悬挂
-5674676874621596782	Amphenol Wilcoxon Sensing Technologies	IT035	针座、插头和插座	NULL	5 针位端子块 插头，母插口 180° 自由悬挂
-5301535806941556265	Amphenol Wilcoxon Sensing Technologies	IT032	针座、插头和插座	NULL	5 针位端子块 插头，母插口 180° DIN 轨道
166517812654253956	Analog Devices Inc./Maxim Integrated	DS9072-40V/NO-BRAND	直列式模块插座	NULL	40 位置 SIMM 个插口 通孔
7121374153587181425	Analog Devices Inc./Maxim Integrated	DS9072H-40R/NO-BRAND	直列式模块插座	NULL	40 位置 SIMM 个插口 通孔
-9201868228467894052	Anderson Power Products, Inc.	1340G3-BK	刀片式电源连接器触头	NULL	插片式触头 10-12 AWG 压接 无公型或母型之分 银
-9186706554001806862	Anderson Power Products, Inc.	105G12	刀片式电源连接器配件	NULL	连接器 五金件收纳袋 用于
-9186173867372387023	Anderson Power Products, Inc.	5953-BK	刀片式电源连接器触头	NULL	插片式触头 10-12 AWG 压接 无公型或母型之分 银
-6300365352452022477	Antenova	CMMCXJ044	同轴连接器（射频）组件	NULL	MMCX 连接器 插孔，母形插口 50 欧姆 通孔 焊接
-1450263139649517735	Antenova	CSMAJ039	同轴连接器（射频）组件	NULL	SMA 连接器 插孔，母形插口 50 欧姆 通孔 焊接
2822325614648182618	Antenova	CSMAJ041	同轴连接器（射频）组件	NULL	SMA 连接器 插孔，母形插口 50 欧姆 板边缘，末端装入式 焊接
-9223042965872937171	Aries Electronics	36-0518-10	IC 插座	NULL	36（1 x 36） 位置 SIP 插口 镀金 通孔
-9212403362172003200	Aries Electronics	18-6820-90	IC 插座	NULL	18（2 x 9） 位置 DIP，0.6"（15.24mm）行距 插口 镀金 通孔，直角，水平
-9203906797975811188	Aries Electronics	14-0513-10	IC 插座	NULL	14（1 x 14） 位置 SIP 插口 镀金 通孔
-9222973083509101159	Assmann WSW Components	AW140-EG-G33A	针座，公插针	NULL	针座连接器 通孔 33 位置 0.100"（2.54mm）
-9221616353877942206	Assmann WSW Components	AWLP 64/3,2-AS	一件式线到板，直接线对板	NULL	64 位置 带状电缆，DIP 针座 连接器 灰色 IDC 通孔
-9221512819106550237	Assmann WSW Components	A-SL127-DG-G78D	针座，公插针	NULL	针座连接器 通孔 78 位置 0.050"（1.27mm）
-8985446922303188363	Autonics.	ADIO-EC-MA08AN-ILM	传感器接口接线块	NULL	输入，输出 8 连接器开口，防尘，防水 灰色
-8406437965156988204	Autonics.	ADIO-PN-MA08AN-ILM	传感器接口接线块	NULL	输入，输出 8 连接器开口，防尘，防水 灰色
-3127062240413219664	Autonics.	ADIO-EC-MA08AP-ILM	传感器接口接线块	NULL	输入，输出 8 连接器开口，防尘，防水 灰色
-9173926052799974623	Banner Engineering Corporation	BFW-M12F4-6SL	圆形连接器组件	NULL	4 针位圆形连接器 插头，母插口 螺钉
-8635113046255010007	Banner Engineering Corporation	R95-8M125-C5-D24	传感器接口接线块	NULL	触动器盒 8 个连接器开孔 黑色
-5885432375124341267	Banner Engineering Corporation	JB-4M12-M23-24	传感器接口接线块	NULL	触动器盒 5 连接器开口，防尘，防水 黑色
-9193025428180938528	Bel Fuse Inc.	2250263-1	带磁性的模块化/以太网连接器（RJ45）插孔	NULL	1 端口 带 USB A 的 RJ45，双 通孔 10/100/1000 Base-T，AutoMDIX
-9159620961391427187	Bel Fuse Inc.	G27-122T-066A	带磁性的模块化/以太网连接器（RJ45）插孔	NULL	1 端口 RJ45 通孔 10G Base-T，AutoMDIX，以太网供电（PoE）
-9149456857084516513	Bel Fuse Inc.	SI-60123-F	带磁性的模块化/以太网连接器（RJ45）插孔	NULL	1 端口 RJ45 通孔 10/100 Base-T
-9185617776928580967	Belden Inc.	SC42-1	接线片	NULL	端子 - 矩形连接器
-9169976434003709426	Belden Inc.	LCSWS2/038	接线片	NULL	端子 - 矩形连接器
-8967844992626169782	Belden Inc.	934879001	传感器接口接线块	NULL	触动器盒 12 连接器开口，防尘，防水 米色
-8760614139058352687	BellWether	80564-4221	边缘板连接器	NULL	67 位置 母头 连接器 M.2（NGFF）小型卡 镀金 0.020"（0.50mm） 黑色
-8662281093323537642	BellWether	70368-6635	针座，公插针	NULL	针座连接器 通孔 12（6 电源 + 6 信号） 位置
-8392101100344743484	BellWether	70093-0800	矩形连接器外壳	NULL	8 矩形连接器 - 外壳 插座 黑色 0.118"（3.00mm）
-569237585377015151	BotBlox	BB-CPL-A-1	模块化/以太网连接器适配器	NULL	模块 连接器 至
-7537008461318103377	Boyd Laconia, LLC	8114LB603	IC 插座	NULL	位置 插口
-5455303791280672842	Boyd Laconia, LLC	8114LB603G	IC 插座	NULL	位置 插口
-4697165112050734472	Boyd Laconia, LLC	8181E3G	IC 插座	NULL	位置 插口
-6395357261029770478	Brady Corporation	177589	电源接入连接器配件	NULL	连接器 锁定式致动器 用于 电源输入，输入端和输出端
7330697485521771747	Brady Corporation	177588	电源接入连接器配件	NULL	连接器 锁定式致动器 用于 电源输入，输入端和输出端
1306226264180911811	Brainboxes	MK-131	针座、插头和插座	NULL	针位端子块
1960616344261274685	Brainboxes	CC-869	D-Sub、D 形连接器 - 适配器	NULL	适配器连接器 D-Sub，9 母型引脚 至 D-Sub，9 母型引脚 自由悬挂
7869876671439180944	Broadcom Limited	HFBR-4515Z	光纤连接器适配器	NULL	耦合器 光纤连接器 POF 插座 至 POF 插座 面板安装，闷头
-288106542480480627	Bud Industries	BC-32677	针座，公插针	NULL	针座连接器 通孔 26 位置 0.100"（2.54mm）
3507610410930063062	Bud Industries	USB-7208	USB、DVI、HDMI 连接器组件	NULL	USB-A（USB TYPE-A） 插座 连接器 4 位 表面贴装，直角，通孔
8375742391190135965	Bud Industries	BC-32677-GLD	针座，公插针	NULL	针座连接器 通孔 26 位置 0.100"（2.54mm）
-9204409915196699854	Bulgin	PPCFGG0K07CLAD	圆形连接器组件	NULL	7 针位圆形连接器 插头，公引脚 焊杯
-9185328555045581787	Bulgin	RF292A2JDFADGB	同轴连接器（射频）组件	NULL	2.92mm 连接器 插孔，母形插口 50 欧姆 面板安装，通孔 焊接
-9173256374215129192	Bulgin	BZH01/Z0000/46	电源接入模块（PEM）	NULL	电源接入连接器 插座，公插片 - 模块 IEC 320-C14 面板安装，卡入式
-9180443313702406915	CLIFF Electronic Components Ltd	CP30245M3B	光纤连接器适配器	NULL	耦合器 光纤连接器 MTP 插座 至 MTP 插座 面板安装，法兰（2 孔）
-9173036543949542805	CLIFF Electronic Components Ltd	CP30756MB	USB、DVI、HDMI 连接器适配器	NULL	适配器连接器 至
-9082344653963709628	CLIFF Electronic Components Ltd	CP30201	USB、DVI、HDMI 连接器适配器	NULL	适配器连接器 USB-C（USB TYPE-C），插座 至 USB-C（USB TYPE-C），插座 面板安装，法兰
-9213779042879139246	CNC Tech	51125-05-0200-01	针座，公插针	NULL	针座连接器 通孔，直角 5 位置 0.098"（2.50mm）
-9210207543741361267	CNC Tech	3240-30-00	一件式线到板，直接线对板	NULL	30 位置 带状电缆，DIP 针座 连接器 IDC 通孔
-9132820723755791959	CNC Tech	3221-14-0300-00	针座，公插针	NULL	针座连接器 表面贴装型 14 位置 0.050"（1.27mm）
-9139335421192057524	CW Industries	CWN-360-16-0000	针座，公插针	NULL	针座连接器 通孔 16 位置 0.100"（2.54mm）
-9050177614399181937	CW Industries	CWN-561-26-0000	针座，公插针	NULL	针座连接器 通孔 26 位置 0.100"（2.54mm）
-9024619207586211804	CW Industries	CWN-520-26-0021	针座，公插针	NULL	针座连接器 通孔，直角 26 位置 0.100"（2.54mm）
-9064417843220221115	CableMAX	CM-184034BSTK	USB、DVI、HDMI 连接器适配器	NULL	适配器连接器 DisplayPort 插头 至 DVI 插座 自由悬挂
-8597990563721780433	CableMAX	CM-184033BSTK	USB、DVI、HDMI 连接器适配器	NULL	适配器连接器 DisplayPort 插头 至 HDMI，插座 自由悬挂
-8526117662667844374	CableMAX	CM-184031BSTK	USB、DVI、HDMI 连接器适配器	NULL	适配器连接器 DisplayPort Mini 插头 至 DVI 插座 自由悬挂
2542503495585766135	Cal Test Electronics	CT4507	同轴连接器（射频）组件	NULL	BNC 连接器 插头，公引脚 50 欧姆 自由悬挂 焊接
5454343677316507531	Cal Test Electronics	CT4498	同轴连接器（射频）组件	NULL	SMA 连接器 插头，公引脚 50 欧姆 自由悬挂 焊接
9136579990516564209	Cal Test Electronics	CT4512	同轴连接器（射频）组件	NULL	BNC 连接器 插座，母插槽 50 欧姆 面板安装 焊杯
-7659313936694506313	Carlo Gavazzi Inc.	YL212CPN8M1IO	传感器接口接线块	NULL	触动器盒 12 个连接器开口 灰色
5566946439935832296	Carlo Gavazzi Inc.	CONB14NF-A	圆形连接器组件	NULL	4 针位圆形连接器 插头，母插口 导线引线
6395165043401682933	Carlo Gavazzi Inc.	YL212CEI8M1IO	传感器接口接线块	NULL	触动器盒 12 个连接器开口 灰色
-1090243339839170639	Celduc Inc.	1L382300	快速连接，快速断开连接器	NULL	0.189"（4.80mm） 快速连接 公头 螺钉，铆钉，接线柱 连接器 非绝缘
981980621451654706	Celduc Inc.	1L386100	快速连接，快速断开连接器	NULL	0.248"（6.30mm） 快速连接 公头 螺钉，铆钉，接线柱 连接器 非绝缘
-8356285962623783394	Central Components Manufacturing	JS-EM-WF20R-0276150KT	针座，公插针	NULL	针座连接器 通孔，直角 2 位置 0.098"（2.50mm）
-4077847642682187342	Central Components Manufacturing	JS-EM-WF250V-02575	针座，公插针	NULL	针座连接器 通孔 2 位置 0.098"（2.50mm）
-8899611590850777232	Chip Quik Inc.	HDR200MET40M-G-V-TH	针座，公插针	NULL	针座连接器 通孔 40 位置 0.079"（2.00mm）
-7964620916850804855	Chip Quik Inc.	HDR200MET80M-G-V-SM	针座，公插针	NULL	针座连接器 表面贴装型 80 位置 0.079"（2.00mm）
-5854422150309113712	Chip Quik Inc.	HDR100IMP40M-G-V-SM	针座，公插针	NULL	针座连接器 表面贴装型 40 位置 0.100"（2.54mm）
-9168079388428862723	Chogori Technologies Inc.	33000000-10	模块化/以太网连接器适配器	NULL	模块 适配器 连接器 插孔，8p8c（RJ45） 至 插孔（2），8p8c（RJ45） Cat5e 无屏蔽
-8007997979782558874	Chogori Technologies Inc.	33000000-02	模块化/以太网连接器适配器	NULL	模块 耦合器 连接器 插孔，8p8c（RJ45） 至 插孔，8p8c（RJ45） Cat6 无屏蔽
-7639884653916441545	Chogori Technologies Inc.	34000000-05	USB、DVI、HDMI 连接器组件	NULL	USB-A（USB TYPE-A） USB 2.0 插头 连接器 4 位 面板安装，通孔
-9222380726214513615	Cinch Connectivity Solutions	MD801-009-07M9-19PD	圆形连接器组件	NULL	19 针位圆形连接器 插座，公形引脚 压接
-9215375648836174797	Cinch Connectivity Solutions	VCP10-71	同轴连接器（射频）组件	NULL	BNC 连接器 插头，公引脚 50 欧姆 自由悬挂 压接
-9194309178862738447	Cinch Connectivity Solutions	VB40-2077	同轴连接器（射频）组件	NULL	BNC 连接器 插孔，母形插口 面板安装 压接
-8871087807072441552	Cinch Connectivity Solutions AIM-Cambridge	32-5958UL	模块化/以太网连接器（RJ45，RJ11）插头	NULL	插头 模块化连接器 8p8c（RJ45，以太网） 位置 无屏蔽 Cat5 IDC
-8834380035693360402	Cinch Connectivity Solutions AIM-Cambridge	25-7290	同轴连接器（射频）组件	NULL	RCA 连接器 插头，无公母形状区别 75 欧姆 自由悬挂 压接
-8792085460849131697	Cinch Connectivity Solutions AIM-Cambridge	CP882	同轴连接器（射频）组件	NULL	BNC 连接器 插头，公引脚 50 欧姆 自由悬挂 按下接通
-9219002951007918163	Cinch Connectivity Solutions Johnson	142-0307-011	同轴连接器（射频）组件	NULL	SMA 连接器 插孔，母形插口 50 欧姆 自由悬挂 压接或焊接
-9215185978801153630	Cinch Connectivity Solutions Johnson	142-0408-016	同轴连接器（射频）组件	NULL	SMA 连接器 插头，公引脚 50 欧姆 自由悬挂 压接或焊接
-9161571447574415925	Cinch Connectivity Solutions Johnson	147-0701-201	同轴连接器（射频）组件	NULL	2.4mm（APC-2.4，OS-50） 连接器 插孔，母形插口 50 欧姆 板边缘，末端装入式 焊接
6884834986447710757	Cinch Connectivity Solutions Midwest Microwave	BMA-5012-10-TRM-02	同轴连接器（射频）组件	NULL	连接器
-9211457225694455459	Cinch Connectivity Solutions Trompeter	UPL220-013	同轴连接器（射频）组件	NULL	BNC 连接器 插头，公引脚 75 欧姆 自由悬挂 压接
-9193028663377036972	Cinch Connectivity Solutions Trompeter	PL155AC-201	同轴连接器（射频）组件	NULL	TRS，双轴/三轴 连接器 插头，公引脚（同轴） 非常数 自由悬挂 压接
-9142102703099357544	Cinch Connectivity Solutions Trompeter	BJ459ACWP-201	同轴连接器（射频）组件	NULL	1553，双轴 连接器 插孔，母插口，公插针（同轴） 非常数 面板安装 压接
-8785607029213929432	Coax Connectors Ltd	10-487-B36	同轴连接器（射频）组件	NULL	BNC 连接器 插孔，母形插口 75 欧姆 面板安装，通孔 焊接
-7825769901960792073	Coax Connectors Ltd	10-468-A8	同轴连接器（射频）组件	NULL	BNC 连接器 插孔，母形插口 75 欧姆 面板安装，通孔，直角 焊接
-7484893046749417565	Coax Connectors Ltd	67-468-D66	同轴连接器（射频）组件	NULL	BNC，微型 连接器 插孔，母形插口 75 欧姆 面板安装，通孔，直角 焊接
-6934297634462563394	Cole Hersee	1258	圆形连接器组件	NULL	6 针位圆形连接器 插座，公形引脚 螺钉
-6681466638853850294	Cole Hersee	1233	圆形连接器组件	NULL	4 针位圆形连接器 插头，母插口
-3518012223636960311	Cole Hersee	1257	圆形连接器组件	NULL	4 针位圆形连接器 插座，公形引脚 螺钉
-8109975136005042362	CompuCablePlusUSA	MINIGC-25B6	D-Sub、D 形连接器 - 适配器	NULL	适配器连接器 D-Sub，25 母型引脚 至 D-Sub，25 公型引脚 自由悬挂
-6653747272297926658	CompuCablePlusUSA	MINIGC-9B6	D-Sub、D 形连接器 - 适配器	NULL	适配器连接器 D-Sub，9 母型引脚 至 D-Sub，9 公型引脚 自由悬挂
-5616478723642005393	CompuCablePlusUSA	MINIGC-15A6	D-Sub、D 形连接器 - 适配器	NULL	适配器连接器 D-Sub，15 公型引脚 至 D-Sub，15 公型引脚 自由悬挂
-8738289778464909982	ConductRF	PSM22A-A29G01	同轴连接器（射频）组件	NULL	SMA 连接器 插头，公引脚 50 欧姆 自由悬挂 焊接
-8696234162519153843	ConductRF	PSF31A-A29G01	同轴连接器（射频）组件	NULL	SMA 连接器 插孔，母形插口 50 欧姆 面板安装 焊接
-7661535753808499303	ConductRF	PPF25A-A28G01	同轴连接器（射频）组件	NULL	SMP 连接器 插头，公引脚 50 欧姆 自由悬挂 焊接
-9204485575532955104	Conta-Clip, Inc.	14289.1	针座、插头和插座	NULL	12 针位端子块 接头，公引脚，带罩（4 面） 0.300"（7.62mm） 90°，直角 通孔
-9203828892600794281	Conta-Clip, Inc.	11778.1	针座、插头和插座	NULL	20 针位端子块 接头，公引脚，带罩（2 面） 0.200"（5.08mm） 90°，直角 通孔
-9203119875561187466	Conta-Clip, Inc.	12340.1	针座、插头和插座	NULL	23 针位端子块 插座，公形引脚 0.200"（5.08mm） DIN 轨道
-9221205396827291972	Conxall/Switchcraft	3282-7PG-530	圆形连接器组件	NULL	7 针位圆形连接器 插头，公引脚 焊杯
-9219084652563212237	Conxall/Switchcraft	W5382-4SG-P-315	圆形连接器组件	NULL	4 针位圆形连接器 插头，母插口 焊杯
-9218833628173963634	Conxall/Switchcraft	3282-7PG-321	圆形连接器组件	NULL	7 针位圆形连接器 插头，公引脚 焊杯
-8725682124736573184	Crystek Corporation	CS-FM-MSC	同轴连接器（射频）组件	NULL	2.92mm 连接器 插头，公引脚 自由悬挂 焊接
-6908802529368419510	Crystek Corporation	CS-FM-MHA	同轴连接器（射频）组件	NULL	2.92mm 连接器 插头，公引脚 自由悬挂 焊接
-6274367910898175550	Crystek Corporation	BNC-KIT-2.6MF	同轴连接器（射频）组件	NULL	BNC 连接器 50 欧姆 自由悬挂
-9170031189172735547	Curtis Industries	03EBM1	电源接入模块（PEM）	NULL	电源接入连接器 插座，公型片状插脚 IEC 320-C14 面板安装，法兰
-9126822352230434182	Curtis Industries	F2300CA06	电源接入模块（PEM）	NULL	电源接入连接器 插座，公型片状插脚 IEC 320-C14 面板安装，法兰
-9077956227851374094	Curtis Industries	F1250CA06	电源接入模块（PEM）	NULL	电源接入连接器 插座，公型片状插脚 IEC 320-C14 面板安装，螺孔
6258341948015816787	Custom Computer Services Inc.	58257-1092	刀片式电源连接器配件	NULL	连接器 用于
8131029394774420117	Custom Computer Services Inc.	58112-1562	D-Sub、D 形连接器 - 适配器	NULL	适配器连接器 至
-9186560689535428515	Cvilux USA	CF31501D0R0-05-NH	FFC、FPC（扁平柔性）连接器组件	NULL	50 位置 FFC，FPC 连接器 触点，底部 0.020"（0.50mm） 表面贴装，直角
-9166952812923083741	Cvilux USA	CF4214FH0R0-05-NH	FFC、FPC（扁平柔性）连接器组件	NULL	14 位置 FFC，FPC 连接器 触头，上和下 0.020"（0.50mm） 表面贴装，直角
-9161958959427947756	Cvilux USA	CH87202V201	针座，公插针	NULL	针座连接器 通孔 20 位置 0.100"（2.54mm）
-8758451526802380021	DFRobot	FIT0852	端子块适配器	NULL	适配器 接线座，螺钉连接，8 位置，2 排 至 模块，母插孔，8p8c（RJ45）
-7572683116292811785	DFRobot	FIT0893	电线接头连接器	NULL	端子 对接接头，直插式，单独开口 连接器 按进式 黑色
-1575712189516256517	DFRobot	FIT0894	电线接头连接器	NULL	端子 对接接头，闭端，单独开口 连接器 按进式 黑色
-9014071274811103081	DIT	DAC-13H	电源接入模块（PEM）	NULL	电源接入连接器 插座，公型片状插脚 IEC 320-C14 面板安装，法兰
-5840755368840361628	DIT	DAC-11S	电源接入模块（PEM）	NULL	电源接入连接器 插座，公型片状插脚 IEC 320-C14 面板安装，法兰
-5178318953169030263	DIT	DAC-11H	电源接入模块（PEM）	NULL	电源接入连接器 插座，公型片状插脚 IEC 320-C14 面板安装，法兰
-9014056062604690289	Degson	2EDGKDM-5.0-03P-14-00L(H)	针座、插头和插座	NULL	3 针位端子块 插头，母插口 0.197"（5.00mm） 自由悬挂
-8762479131952991736	Degson	15EDGLC-3.5-03P-14-00L(H)	针座、插头和插座	NULL	3 针位端子块 接头，公引脚，带罩（4 面） 0.138"（3.50mm） 45° 通孔
-8513112977398403887	Degson	2EDGK-5.08-04P-14-1000L(H)	针座、插头和插座	NULL	4 针位端子块 插头，母插口 0.200"（5.08mm） 180° 自由悬挂
-9213248509961276622	Delta Electronics	03IB2S	电源接入模块（PEM）	NULL	电源接入连接器 插座，公插片 - 模块 IEC 320-C14 面板安装，法兰
-9205350497360194863	Delta Electronics	08KENG3EAM-R(H)	电源接入模块（PEM）	NULL	电源接入连接器 插座，公型片状插脚 IEC 320-C14 面板安装，卡入式
-9132603219797772213	Delta Electronics	03GENW3ES	电源接入模块（PEM）	NULL	电源接入连接器 插座，公型片状插脚 IEC 320-C14 面板安装，卡入式
-8723878127083495656	Delta Electronics/Components	RCT724B0117TR	带磁性的模块化/以太网连接器（RJ45）插孔	NULL	8 端口 RJ45 通孔 10G Base-T，以太网供电+（PoE+）
-7804521155363086411	Delta Electronics/Components	RCMC24B2330-R	带磁性的模块化/以太网连接器（RJ45）插孔	NULL	8 端口 RJ45 通孔 2.5G Base-T
-7662132693024155253	Delta Electronics/Components	RCMCU2B2480-R	带磁性的模块化/以太网连接器（RJ45）插孔	NULL	2 端口 RJ45 通孔 2.5G Base-T
-5705377434038773084	Digi	498-0092	带磁性的模块化/以太网连接器（RJ45）插孔	NULL	1 端口 RJ45 10/100 Base-T，AutoMDIX
-3726837293285778897	Digi	406-0026	针座，公插针	NULL	针座连接器 表面贴装型 10 位置 0.050"（1.27mm）
6717505372886272791	Digi	498-0091	存储器连接器配件	NULL	连接器 卡销 用于 PCI Express 迷你型卡
-9186539963775851618	DigiKey	449-10-240-00-560000	针座，公插针	NULL	针座连接器 表面贴装型 40 位置 0.100"（2.54mm）
-9180938722318526396	DigiKey	350-10-133-00-006000	针座，公插针	NULL	针座连接器 通孔 33 位置 0.100"（2.54mm）
-9176008747223245740	DigiKey	802-10-036-10-002000	针座，公插针	NULL	针座连接器 通孔 36 位置 0.100"（2.54mm）
-4944899546789044312	Digital Six Labs	RPSMA-SM-062	同轴连接器（射频）组件	NULL	RP-SMA 连接器 插头，母形插口 板边缘，末端装入式 焊接
-4760027456327695817	Digital Six Labs	RPSMA-RA	同轴连接器（射频）组件	NULL	RP-SMA 连接器 插孔，公引脚 通孔，直角 焊接
-1405690768464123129	Digital Six Labs	RPSMA-ST	同轴连接器（射频）组件	NULL	RP-SMA 连接器 插孔，公引脚 通孔 焊接
-9063490143525238072	Dinkle Corporation, USA	ECH350R-04P	针座、插头和插座	NULL	4 针位端子块 接头，公引脚，带罩（4 面） 0.138"（3.50mm） 90°，直角 通孔
-8959563966127030923	Dinkle Corporation, USA	5EHDVC-02P	针座、插头和插座	NULL	2 针位端子块 接头，公引脚，带罩（4 面） 0.197"（5.00mm） 垂直 通孔
-8442429068760354289	Dinkle Corporation, USA	EC350V-04P-BK	针座、插头和插座	NULL	4 针位端子块 插头，母插口 0.138"（3.50mm） 180° 自由悬挂
-8308591252749739795	E-Switch	ECM302206RW	矩形连接器外壳	NULL	6 矩形连接器 - 外壳 插头 红色 0.118"（3.00mm）
-7333190980726779689	E-Switch	ECM302502RW	矩形连接器外壳	NULL	2 矩形连接器 - 外壳 插座 红色 0.118"（3.00mm）
-7026448392797636564	E-Switch	ECM302510RW	矩形连接器外壳	NULL	10 矩形连接器 - 外壳 插座 红色 0.118"（3.00mm）
-8302788588214951714	E-T-A	3130-FA2A-P7T1-W15QY6-X3130-A040001-M-5A	电源接入模块（PEM）	NULL	电源接入连接器 插座，公引脚 - 模块 IEC 320-C14 面板安装，法兰
-7945860367508715223	E-T-A	3130-FA2A-P7T1-W02Q-X3130-A040001-M-10A	电源接入模块（PEM）	NULL	电源接入连接器 插座，公引脚 - 模块 IEC 320-C14 面板安装，法兰
-7720625229431936150	E-T-A	106-P10-XR38-C040011M-3A	电源接入模块（PEM）	NULL	电源接入连接器 插座，公引脚 - 模块 IEC 320-C14 面板安装，法兰
-6161766659779480341	E-tec Interconnect AG	LCC-044-H403-55	IC 插座	NULL	44（4 x 11） 位置 CLCC 插口 表面贴装型
7310986310592261587	E-tec Interconnect AG	PLU-044-H901-99	IC 插座	NULL	44（4 x 11） 位置 PLCC 插口 表面贴装型
-5506739441810382369	EAO	61-9901	快速连接，快速断开连接器	NULL	快速连接 母头 压接 连接器 非配接端绝缘
31565994509736303	EAO	46-2Y49.101C.000	USB、DVI、HDMI 连接器适配器	NULL	适配器连接器 USB-A（USB TYPE-A），插座 至 USB-A（USB TYPE-A），插座 自由悬挂
2786062371998569594	EAO	51-943.1	快速连接，快速断开连接器	NULL	快速连接 母头 压接 连接器 非绝缘
-9223359307540239965	EDAC Inc.	392-052-558-202	边缘板连接器	NULL	52 位置 母头 连接器 非指定 - 双边 镀金 0.100"（2.54mm） 黑色
-9223342328541337522	EDAC Inc.	346-040-500-603	边缘板连接器	NULL	40 位置 母头 连接器 非指定 - 单边 镀金 0.125"（3.18mm） 绿色
-9223302155803917056	EDAC Inc.	396-092-560-807	边缘板连接器	NULL	92 位置 母头 连接器 非指定 - 双边 镀金 0.125"（3.18mm） 黑色
-9127449793121296003	EPCOS - TDK Electronics	B84771A3008A000	电源接入模块（PEM）	NULL	电源接入连接器 插座，公型片状插脚 IEC 320-C14 面板安装，卡入式
-8970634943508198467	EPCOS - TDK Electronics	B84771M3010A000	电源接入模块（PEM）	NULL	电源接入连接器 插座，公型片状插脚 IEC 320-C14 面板安装，卡入式
-8855448863235451578	EPCOS - TDK Electronics	B84771C0003A000	电源接入模块（PEM）	NULL	电源接入连接器 插座，公型片状插脚 IEC 320-C14 面板安装，法兰
-9195274338048278387	Ease Electronics	9200878C0153	同轴连接器（射频）组件	NULL	1.0/2.3 连接器 插头，公引脚 50 欧姆 自由悬挂 焊接
-9167655247175821430	Ease Electronics	2127444C018	同轴连接器（射频）组件	NULL	SHV 连接器 插孔，母形插口 50 欧姆 面板安装
-9138638989189998537	Ease Electronics	4045243C016	同轴连接器（射频）组件	NULL	BNC 连接器 插头，公引脚 50 欧姆 自由悬挂，直角 焊接
-7288551346448891321	Eaton - Bussmann Electrical Division	LUG5-2	接线片	NULL	端子 - 矩形连接器 接片，接地 600MCM（kcmil）-2 AWG
-5757617449849806143	Eaton - Bussmann Electrical Division	BNQ21-WH	端子块适配器	NULL	适配器 接线座，螺钉连接，1 位置，1 排 至 快速连接，1 位置
-5693728809839767779	Eaton - Bussmann Electrical Division	LUG2-4	接线片	NULL	端子 - 矩形连接器 接片，接地 600MCM（kcmil）-4 AWG
-9198606826615798894	Eaton - Electronics Division	EM220107V	针座、插头和插座	NULL	7 针位端子块 接头，公引脚，带罩（4 面） 0.138"（3.50mm） 垂直 通孔
-9169959670582457783	Eaton - Electronics Division	EM242602H	针座、插头和插座	NULL	2 针位端子块 接头，公引脚，带罩（4 面） 0.300"（7.62mm） 90°，直角 通孔
-9169256377893325971	Eaton - Electronics Division	EM221817V	针座、插头和插座	NULL	17 针位端子块 接头，公引脚，带罩（4 面） 0.200"（5.08mm） 垂直 通孔
-8783887239906476418	Eaton Tripp Lite	P142-000-UP	USB、DVI、HDMI 连接器适配器	NULL	适配器连接器 HDMI，插头 至 HDMI，插座 自由悬挂，直角
-8615446011624891495	Eaton Tripp Lite	P156-000	D-Sub、D 形连接器 - 适配器	NULL	适配器连接器 D-Sub，25 公型引脚 至 D-Sub，25 公型引脚 自由悬挂
-8585779088524243771	Eaton Tripp Lite	N234-001-WH	模块化/以太网连接器适配器	NULL	模块 耦合器 连接器 插孔，8p8c（RJ45） 至 插孔，8p8c（RJ45） Cat6 无屏蔽
-9213876125925207238	Eaton Wiring Devices	67BK-BU	插头和插座	NULL	电源连接器 插座，母型插口 NEMA 5-15R 面板安装，卡入式
-9208863425437009087	Eaton Wiring Devices	EZTR5262CDV	插头和插座	NULL	电源连接器 插座，母型插口 NEMA 5-15R 出线盒
-9206328969445647571	Eaton Wiring Devices	EZ5262GY	插头和插座	NULL	电源连接器 插座，母型插口 NEMA 5-15R 出线盒
-9137943626633386882	Elpress Inc.	A4610R	环形连接器	NULL	端子 - 环形连接器 M10 接线柱 圆形 4.0 ~ 6.0mm² 压接
-6841749000425987129	Elpress Inc.	A4665R	环形连接器	NULL	端子 - 环形连接器 M6 接线柱 圆形 4.0 ~ 6.0mm² 压接
-6351619036278588542	Elpress Inc.	A2510R	环形连接器	NULL	端子 - 环形连接器 M10 接线柱 圆形 1.5 ~ 2.5mm² 压接
-8937166204346707287	Encitech Connectors AB	6510-0104-03	模块化/以太网连接器（RJ45，RJ11）插头	NULL	插头 模块化连接器 6p4c（RJ11，RJ14） 位置 无屏蔽 IDC
-8108479596527507224	Encitech Connectors AB	6510-0104-05	模块化/以太网连接器（RJ45，RJ11）插头	NULL	插头 模块化连接器 10p10c（RJ50） 位置 无屏蔽 IDC
-7653734003933526596	Encitech Connectors AB	1310-1001-01	USB、DVI、HDMI 连接器组件	NULL	USB-A（USB TYPE-A） USB 2.0 插座 连接器 4 位 面板安装
223965126325054920	Encore Wire	04781.96.17	电源接入连接器配件	NULL	连接器 AC 适配器 用于 电源输入，输入端和输出端
-8431923404693766912	Essentra Components	CP-USB-A	USB、DVI、HDMI 连接器配件	NULL	连接器 防尘盖 用于 USB-A（USB TYPE-A）
-801405991527915784	Essentra Components	CP-USB-B	USB、DVI、HDMI 连接器配件	NULL	连接器 防尘盖 用于 USB-B（USB TYPE-B）
510009878539261711	Essentra Components	USB0A	USB、DVI、HDMI 连接器配件	NULL	连接器 防尘盖 用于 USB-A（USB TYPE-A）
-8841326222203487687	FCI Deutschland GmbH	57102-G06-20LF	针座，公插针	NULL	针座连接器 位置
-8740527640099401639	FCI Deutschland GmbH	76383-315LF	针座，公插针	NULL	针座连接器 位置
-8734854229956322933	FCI Deutschland GmbH	DCL8W8PA00LF	D-Sub、D 形连接器外壳	NULL	公触点插头 体座 D-Sub，组合式 连接器 8（电源） 位置
-9207959252274580886	Fairview Microwave	SC9232	同轴连接器（射频）组件	NULL	N 型 连接器 插孔，母形插口 50 欧姆 面板安装 焊接
-9207343060327506026	Fairview Microwave	FMCN10-10030-350	同轴连接器（射频）组件	NULL	TRS，双轴/三轴 连接器 插头，公引脚 75 欧姆 自由悬挂 焊接
-9199120692479828171	Fairview Microwave	SC5518	同轴连接器（射频）组件	NULL	SMP 连接器 插头，公引脚 50 欧姆 面板安装，有螺纹 焊接
6538403657837955575	Finder Relays, Inc.	7U.02.8.120.0000	插头和插座	NULL	电源连接器 插座，母型插口 NEMA 5-15R DIN 轨道
8698692823384362037	Finder Relays, Inc.	7U.02.8.120.0010	插头和插座	NULL	电源连接器 插座，母型插口 NEMA 5-15R DIN 轨道
-9223006838079194048	Fischer Elektronik	SL 11 214 8 S	针座，公插针	NULL	针座连接器 通孔 8 位置 0.100"（2.54mm）
-9221987549222287473	Fischer Elektronik	SL 10 SMD 104 5 Z SM	针座，公插针	NULL	针座连接器 表面贴装型 5 位置 0.100"（2.54mm）
-9220994020741882280	Fischer Elektronik	SL 1 154 31 Z	针座，公插针	NULL	针座连接器 通孔 31 位置 0.100"（2.54mm）
-5676151110483248743	GC Electronics	T-225	铲形连接器	NULL	端子 - 铲形连接器
8810916119487899456	GC Electronics	45-1412	USB、DVI、HDMI 连接器适配器	NULL	适配器连接器 USB-A（USB TYPE-A），插座 至 USB-B（USB TYPE-B），插座 自由悬挂
-9209355790453647361	GCT	BG040-56-A-0450-0300-N-G	针座，公插针	NULL	针座连接器 通孔 56 位置 0.100"（2.54mm）
-9182872802086997363	GCT	BF050-62-A-B-0400-0300-N-D	针座，公插针	NULL	针座连接器 通孔 62 位置 0.079"（2.00mm）
-9178687175760076234	GCT	BD030-12-A-A-0350-0300-L-G	针座，公插针	NULL	针座连接器 通孔 12 位置 0.050"（1.27mm）
-6734097296777065244	GES High Voltage	1070-PC2-010-04N14-RX	圆形连接器组件	NULL	4 针位圆形连接器 插头，公引脚 压接或焊接
2695421154120337041	GES High Voltage	1070-PC1-015-05N14-RX	圆形连接器组件	NULL	5 针位圆形连接器 插头，公引脚 压接或焊接
5280053068910696796	GES High Voltage	1070-RP1-015-05N14-FS	圆形连接器组件	NULL	5 针位圆形连接器 插座，母插针 压接或焊接
-8993323620854456405	GlobTek, Inc.	JACK-USBC-6SMT-2SL	USB、DVI、HDMI 连接器组件	NULL	USB-C（USB TYPE-C） USB 3.2 Gen 2（USB 3.1 Gen 2，Superspeed +（USB 3.1）） 插座 连接器 24（6+18 模拟） 位 板边缘，切口；表面贴装; 通孔，直角
-8984152756885526203	GlobTek, Inc.	501-703R(R)	电源接入连接器配件	NULL	连接器 适配器 用于 电源输入，输入端和输出端
-8809063762703958992	GlobTek, Inc.	TYPECSPACER0003-1.5	USB、DVI、HDMI 连接器配件	NULL	连接器 衬垫 用于
-4468715322833416587	Grayhill Inc.	22-16-2	IC 插座	NULL	3（圆形） 位置 晶体管 插口 镀金 通孔
-3847338767706019570	Grayhill Inc.	22-16-3	IC 插座	NULL	3（圆形） 位置 晶体管 插口 镀金 通孔
-812312425361109603	Grayhill Inc.	22-11	IC 插座	NULL	4（圆形） 位置 晶体管 插口 镀金 通孔
-9207652068358630451	Greenconn	GPFD201-2802A001RABF	针座，公插针	NULL	针座连接器 位置
-8929182566417547252	Greenconn	GPFA201-0202A001A1AA	针座，公插针	NULL	针座连接器 通孔 4 位置 0.079"（2.00mm）
-8556383563111163576	Greenconn	GBEC209-2079B001C1AF	针座，公插针	NULL	针座连接器 表面贴装型 40 位置 0.050"（1.27mm）
-9107774148894606433	Greenlee Communications	9618	同轴连接器（射频）组件	NULL	F 型 连接器 插头，公引脚 自由悬挂
-8698794477714535795	Greenlee Communications	45758	模块化/以太网连接器（RJ45，RJ11）插头	NULL	插头 模块化连接器 8p8c（RJ45，以太网） 位置 无屏蔽 压接
-7852762384396950889	Greenlee Communications	XFC-59-50	同轴连接器（射频）组件	NULL	F 型 连接器 插头，公引脚 自由悬挂
-9104333876066941068	HALO Electronics, Inc.	HFJ11-RPE48E-L11RL	带磁性的模块化/以太网连接器（RJ45）插孔	NULL	1 端口 RJ45 通孔 10/100 Base-T，AutoMDIX
-9097403749837433733	HALO Electronics, Inc.	HFJV1-E1G16RL	带磁性的模块化/以太网连接器（RJ45）插孔	NULL	1 端口 RJ45 通孔 10/100/1000 Base-T，AutoMDIX
-9014440121063183995	HALO Electronics, Inc.	HFJ14-E2450GRP-L11RL	带磁性的模块化/以太网连接器（RJ45）插孔	NULL	端口
-9215966088498015442	HARTING	11051053011	重载连接器插件、模块	NULL	公头 无触头模块 蓝色 5 位置 压接
-9215235528355622897	HARTING	09400249908	重载连接器外壳、盖罩、基底	NULL	基座 - 面板安装 连接器 底部进入 24HPR IP65/IP68/IP69K - 防尘，耐水，防水
-9214730936346335744	HARTING	15758362601000	针座，公插针	NULL	针座连接器 表面贴装，直角 44（36 + 8 电源） 位置
-5084205217507127144	HMS Networks	1.04.0075.03000	D-Sub、D 形连接器端接器	NULL	9 针位端接器 D-Sub，母插口和公引脚
-2186401178809052136	HMS Networks	1.04.0075.01000	D-Sub、D 形连接器端接器	NULL	9 针位端接器 D-Sub，母插口
-1727558502542259483	HMS Networks	1.04.0075.02000	D-Sub、D 形连接器端接器	NULL	9 针位端接器 D-Sub，公引脚
-9221047354575840570	Harwin Inc.	M20-8771146	针座，公插针	NULL	针座连接器 表面贴装型 11 位置 0.100"（2.54mm）
-9219943692393510273	Harwin Inc.	M80-5301442	针座，公插针	NULL	针座连接器 通孔，直角 14 位置 0.079"（2.00mm）
-9216821289001249434	Harwin Inc.	M20-9751446	针座，公插针	NULL	针座连接器 通孔，直角 14 位置 0.100"（2.54mm）
-8999900988514208565	HellermannTyton	148-90038	电线接头连接器	NULL	端子 对接接头，闭端，单独开口 连接器 按进式 12-22 AWG 透明
-8811805305183244976	HellermannTyton	148-90067	电线接头连接器	NULL	端子 对接接头，闭端，单独开口 连接器 按进式 12-28 AWG 透明
-8751499068576289243	HellermannTyton	148-90037	电线接头连接器	NULL	端子 对接接头，闭端，单独开口 连接器 按进式 12-22 AWG 透明 - 橙色
-9135079915586394125	Heyco Products Corporation	S7590	插头和插座	NULL	电源连接器
-8979925132440861687	Heyco Products Corporation	6134	电源接入连接器配件	NULL	连接器 用于
-8837546634994689739	Heyco Products Corporation	4820	快速连接，快速断开连接器	NULL	快速连接 连接器
-9223000470632834714	Hirose Electric Co Ltd	DF65-3S-1.7C	矩形连接器外壳	NULL	3 矩形连接器 - 外壳 插座 米色 0.067"（1.70mm）
-9222739150861178970	Hirose Electric Co Ltd	DF33-3P-3.3DSA(24)	针座，公插针	NULL	针座连接器 通孔 3 位置 0.130"（3.30mm）
-9222473318935447227	Hirose Electric Co Ltd	FX2-20P-1.27DS	并口连接器	NULL	20 位置 插头 连接器 板至板 通孔，直角 焊接
-7991517676657409706	Hirschmann	CA 3 GD WHITE	圆形连接器组件	NULL	4（3 + PE） 针位圆形连接器 插头，母插口 螺钉
-7824977448791217228	Hirschmann	CA 3 GD RED	圆形连接器组件	NULL	4（3 + PE） 针位圆形连接器 插头，母插口 螺钉
-7675065870118276436	Hirschmann	942086004	圆形连接器组件	NULL	针位圆形连接器
-8718175202411106135	Honda Connector	MRP-F112	矩形连接器触头	NULL	带印记 插口 触点 银 24-28 AWG 压接
-6807349808950970982	Honda Connector	HDR-E50MSG1+	并口连接器	NULL	位置 连接器
-2586843560287558458	Honda Connector	PCR-S20FS+	并口连接器	NULL	位置 连接器
-7561793517184964080	Honeywell Sensing and Productivity Solutions T&M	023-LW181-034	圆形连接器组件	NULL	针位圆形连接器
-4561989711767917922	Honeywell Sensing and Productivity Solutions T&M	023-0086-00	圆形连接器组件	NULL	针位圆形连接器
6526501879769611276	Honeywell Sensing and Productivity Solutions T&M	023-0528-00	圆形连接器组件	NULL	针位圆形连接器
-9209535537663353950	Huber+Suhner, Inc.	21_MCX-50-2-13/133_NH	同轴连接器（射频）组件	NULL	MCX 连接器 插孔，母形插口 50 欧姆 自由悬挂 压接
-9199454710994639382	Huber+Suhner, Inc.	16_QLA-01-2-13/122_NE	同轴连接器（射频）组件	NULL	QLA 连接器 插头，公引脚 50 欧姆 自由悬挂，直角 焊接
-9189888240808692975	Huber+Suhner, Inc.	21_MMCX-50-1-2/111_OE	同轴连接器（射频）组件	NULL	MMCX 连接器 插孔，母形插口 50 欧姆 自由悬挂 压接
-9133213395526640173	I-PEX	20542-012E-01	FFC、FPC（扁平柔性）连接器组件	NULL	12 位置 FPC 连接器 触头，上和下 0.020"（0.50mm） 表面贴装，直角
-7478532229256862806	I-PEX	20799-030E-01	FFC、FPC（扁平柔性）连接器组件	NULL	30 位置 FFC，FPC 连接器 触头，垂直 - 单侧 0.020"（0.50mm） 表面贴装型
-7303729563809683931	I-PEX	20860-001E-01	同轴连接器（射频）组件	NULL	I-PEX MHF-TI 连接器 插座，母插槽 50 欧姆 表面贴装型 焊接
5218811281232971090	IDEC	CW1X-RJ45	模块化/以太网连接器适配器	NULL	模块 耦合器 连接器 插孔，8p8c（RJ45） 至 插孔，8p8c（RJ45） Cat6 屏蔽
-8526898246298826617	IO Audio Technologies	IO-C14PP-48	电源接入模块（PEM）	NULL	电源接入连接器 插座，公型片状插脚 IEC 320-C14 面板安装
-7300788764237001940	IO Audio Technologies	IO-EL8-F-BK-JL-P	模块化/以太网连接器适配器	NULL	模块 适配器 连接器 插孔，8p8c（RJ45） 至 插孔（2），8p8c（RJ45） Cat5e 屏蔽
-7233583724157676423	IO Audio Technologies	IO-C6SP-28	电源接入模块（PEM）	NULL	电源接入连接器 插座，公形引脚 IEC 320-C6 面板安装，法兰
-9112558599255941017	IRISO USA Inc.	IMSA-11600S-50B-GFN4	FFC、FPC（扁平柔性）连接器组件	NULL	50 位置 FFC，FPC 连接器 触头，垂直 - 单侧 0.020"（0.50mm） 表面贴装型
-8792963231399241484	IRISO USA Inc.	IMSA-11600S-30B-GFN4	FFC、FPC（扁平柔性）连接器组件	NULL	30 位置 FFC，FPC 连接器 触头，垂直 - 单侧 0.020"（0.50mm） 表面贴装型
-8658974678652690147	IRISO USA Inc.	IMSA-13065S-2-32Y502	矩形连接器外壳	NULL	32 矩形连接器 - 外壳 插座 黑色 0.079"（2.00mm）
-7288584627413864263	ISL Products International	MIS-I-80485 INLET	电源接入模块（PEM）	NULL	电源接入连接器 插座，公插片 - 模块 IEC 320-C14 面板安装，卡入式
-9223341499399605683	ITT Cannon, LLC	MKJ4B1Z7-10PB	圆形连接器组件	NULL	针位圆形连接器
-9222855157500131177	ITT Cannon, LLC	KPSE06E12-10PX	圆形连接器组件	NULL	10 针位圆形连接器 插头，公引脚 压接
-9222837049663898433	ITT Cannon, LLC	CA3102E16-10S-B-109-A240	圆形连接器组件	NULL	针位圆形连接器
-7897265978939703391	Industrial Fiber Optics	HFBR-4505Z	光纤连接器适配器	NULL	耦合器 光纤连接器 POF 插座 至 POF 插座 面板安装，闷头
-2914990616553521182	Industrial Fiber Optics	IF 820064	光纤连接器适配器	NULL	耦合器 光纤连接器 SMA 插座 至 SMA 插座 面板安装，闷头
6456503521916654420	Industrial Fiber Optics	51 0137	光纤连接器适配器	NULL	耦合器 光纤连接器 至 面板安装，闷头
2955806808839816045	Ironwood Electronics	107022-0048	IC 插座	NULL	78（6 x 13） 位置 BGA 插口
-9217305709444513166	JAE Electronics	IL-WX-20PB-VF-A1-B-E1000	针座，公插针	NULL	针座连接器 表面贴装型 20 位置 0.031"（0.80mm）
-9214900156330144272	JAE Electronics	IL-WX-12PB-HF-HD-S-A1-B-E1000E	针座，公插针	NULL	针座连接器 表面贴装，直角 12 位置 0.031"（0.80mm）
-9199014305851929989	JAE Electronics	N/MS3101B16-10P	圆形连接器组件	NULL	针位圆形连接器
-9222238838367537614	JAM	STW12-34HG	矩形连接器外壳	NULL	34 矩形连接器 - 外壳 插头 白色 0.049"（1.25mm）
-9216210285334697048	JAM	720470-2MAC	矩形连接器触头	NULL	带印记 插口 触点 锡 22-28 AWG 压接
-9198574968178739459	JAM	SJA20-04WLB	针座，公插针	NULL	针座连接器 通孔，直角 4 位置 0.079"（2.00mm）
-6639813034063689967	JC Antenna	1.05.05I.0175	同轴连接器（射频）组件	NULL	MMCX 连接器 插座，母插槽 通孔 焊接
-6460395820079715831	JC Antenna	10-53-1-0XXX	同轴连接器（射频）组件	NULL	SMB，Fakra 连接器 插头，公引脚 自由悬挂 焊接
-2167041890049465665	JC Antenna	1.05I.0031	同轴连接器（射频）组件	NULL	SMA 连接器 插座，母插槽 通孔 焊接
-9222956098849312186	JST Sales America Inc.	06FMN-BMTTN-A-TF	FFC、FPC（扁平柔性）连接器组件	NULL	6 位置 FFC 连接器 触头，垂直 - 单侧 0.039"（1.00mm） 表面贴装型
-9218563806706956971	JST Sales America Inc.	SHR-12V-S-B	矩形连接器外壳	NULL	12 矩形连接器 - 外壳 插座 天然 0.039"（1.00mm）
-9215566181013048935	JST Sales America Inc.	2P-SDN	一件式线到板，直接线对板	NULL	2 位置 体座 连接器 天然 压接 18-22 AWG 通孔
-6928113832128412614	Jacob GmbH	T320-9501-02	电线接头连接器	NULL	端子 对接接头，闭端，单独开口 连接器 按进式 0.2 ~ 4mm² 透明 - 橙色
-4374437980711580350	Jacob GmbH	T320-9300-02	电线接头连接器	NULL	端子 对接接头，闭端，单独开口 连接器 按进式 0.2 ~ 4mm² 透明 - 橙色
1960434231797928997	Jacob GmbH	T320-9301-02	电线接头连接器	NULL	端子 对接接头，闭端，单独开口 连接器 按进式 0.2 ~ 4mm² 透明 - 橙色
-8103225091388379747	Jonard Tools	RG6-50	同轴连接器（射频）组件	NULL	F 型 连接器 插头，公引脚 自由悬挂 压接
-6960504939006814548	Jonard Tools	RJ45-625	模块化/以太网连接器（RJ45，RJ11）插头	NULL	插头 模块化连接器 8p8c（RJ45，以太网） 位置 无屏蔽 Cat6a IDC
-4187782849552254183	Jonard Tools	RJ-11-100	模块化/以太网连接器（RJ45，RJ11）插头	NULL	插头 模块化连接器 6p4c（RJ11，RJ14） 位置 无屏蔽 Cat3 IDC
-5372825723120264809	Joymax Electronics	CT-SAB41X	同轴连接器（射频）组件	NULL	SMA 连接器 插孔，母形插口 50 欧姆 板边缘，末端装入式 焊接
-3291698956403054869	Joymax Electronics	CT-SAB11X-006M	同轴连接器（射频）组件	NULL	SMA 连接器 插孔，母形插口 50 欧姆 通孔 焊接
-3111719832815020818	Joymax Electronics	CT-SAD010XM	同轴连接器（射频）组件	NULL	RP-SMA 连接器 插孔，公引脚 50 欧姆 通孔 焊接
-7841581628423158909	KEMET	GL-2150C-10	电源接入模块（PEM）	NULL	电源接入连接器 插座，公型片状插脚 IEC 320-C14 面板安装，法兰
-7659499185301030979	KEMET	GL-2030C-10	电源接入模块（PEM）	NULL	电源接入连接器 插座，公型片状插脚 IEC 320-C14 面板安装，法兰
-7578363795671832547	KEMET	GL-2030ET	电源接入模块（PEM）	NULL	电源接入连接器 插座，公型片状插脚 IEC 320-C14 面板安装，法兰，直角
-9217377618353400005	KYOCERA AVX	008261033310852	针座，公插针	NULL	针座连接器 通孔 3 位置
-9202809037370004831	KYOCERA AVX	009296003202906	一件式线到板，直接线对板	NULL	3 位置 单条导线 连接器 白色 插入式 20-26 AWG 表面贴装，直角
-9202436047645425283	KYOCERA AVX	828071000102006	背板连接器配件	NULL	连接器 编码标记 用于 Compact PCI® 蓝色
-9191131561303150917	Keystone Electronics	3534	快速连接，快速断开连接器	NULL	0.110"（2.79mm） 快速连接 母头 焊接 连接器 非绝缘
-9184305495163345436	Keystone Electronics	609-2	端子条和转台板	NULL	2 位置 转塔板 0.375"（9.53mm） 转塔，单端，双端转塔，空心
-9171336235557437008	Keystone Electronics	8299	快速连接，快速断开连接器	NULL	0.250"（6.35mm） 快速连接 公头 14-16 AWG 压接 连接器 完全绝缘
646865156181551097	Khadas	K-U2C-002	USB、DVI、HDMI 连接器适配器	NULL	适配器连接器 至
4370473338703993646	Khadas	K-U2C-001	USB、DVI、HDMI 连接器适配器	NULL	适配器连接器 USB-A（USB TYPE-A），插头 至 USB-C（USB TYPE-C），插座 自由悬挂
-8464575959539815683	Klein Tools, Inc.	VDV826-600	模块化/以太网连接器（RJ45，RJ11）插头	NULL	插头 模块化连接器 6p6c（RJ11，RJ12，RJ14，RJ25） 位置 无屏蔽 IDC
-7885746297475444252	Klein Tools, Inc.	VDV812-606	同轴连接器（射频）组件	NULL	F 型 连接器 插头，公引脚 自由悬挂
-5851973890218419628	Klein Tools, Inc.	VDV813-613	同轴连接器（射频）组件	NULL	BNC 连接器 插头，公引脚 自由悬挂
-9157648777732879868	Kycon, Inc.	KPCIEX-T98-2BK	边缘板连接器	NULL	98 位置 母头 连接器 PCI Express™ 镀金 0.039"（1.00mm） 黑色
-9027261013024671803	Kycon, Inc.	MP1010RX-5000K	模块化/以太网连接器（RJ45，RJ11）插头	NULL	插头 模块化连接器 10p10c（RJ50） 位置 无屏蔽 IDC
-9026903080746260212	Kycon, Inc.	KUSBX-AS2N-W30	USB、DVI、HDMI 连接器组件	NULL	USB-A（USB TYPE-A），叠接式 插座 连接器 8 位 通孔，直角
-9199457954278020131	L-com	LLBADPC5E-BL	模块化/以太网连接器适配器	NULL	模块 适配器 连接器 插头，8p8c（RJ45） 至 插孔，8p8c（RJ45） Cat5e 无屏蔽
-9193942242582364026	L-com	U2C00054	USB、DVI、HDMI 连接器适配器	NULL	适配器连接器 USB-A（USB TYPE-A），插座 至 USB - mini B，插头 自由悬挂
-9191854694698663803	L-com	CAP-B-USB-LAN	USB、DVI、HDMI 连接器配件	NULL	连接器 防尘盖 用于
-9220004887880085979	LAPP	19075900	重载连接器外壳、盖罩、基底	NULL	基座 - 盒内安装 连接器 侧面进入 M25 HA16 IP65 - 防尘，耐水
-9209681391966628376	LAPP	19564000	重载连接器外壳、盖罩、基底	NULL	防护罩 连接器 侧面进入 M20 HA16 IP65 - 防尘，耐水
-9208881099966851868	LAPP	10401100	重载连接器插件、模块	NULL	母头 插件 10+接地 位置 螺钉
-9219280262774315024	LEMO	PFG.2B.302.CLLD72	圆形连接器组件	NULL	2 针位圆形连接器 插座，母型插口 焊杯
-9217155519289345979	LEMO	PHG.3B.303.CLLD10Z	圆形连接器组件	NULL	3 针位圆形连接器 插座，母型插口 焊杯
-9216957649641370306	LEMO	PHG.0K.304.CLLC50Z	圆形连接器组件	NULL	4 针位圆形连接器 插座，母型插口 焊杯
-8911410340014063567	Lantronix, Inc.	ACC-140-0633-00	D-Sub、D 形连接器 - 适配器	NULL	适配器连接器 至
1533214760886460960	Lantronix, Inc.	200.0225	模块化/以太网连接器适配器	NULL	模块 适配器 连接器 插孔，8p8c（RJ45） 至 插孔，8p8c（RJ45）
-8265831323807410046	Lighthorse Technologies, Inc	SASF546-P26-X1	同轴连接器（射频）组件	NULL	SMA 连接器 插孔，母形插口 50 欧姆 通孔 焊接
-7843715965521549457	Lighthorse Technologies, Inc	FSF55MGT-P-10A-X7	同轴连接器（射频）组件	NULL	F 型 连接器 插孔，母形插口 75 欧姆 板边缘，末端装入式 焊接
-7370250965839522879	Lighthorse Technologies, Inc	SASRF55ZGT	同轴连接器（射频）组件	NULL	RP-SMA 连接器 插孔，公引脚 50 欧姆 板边缘，末端装入式 焊接
-9073879309014907571	Linkplex	LUB-C105D-007-J-19	USB、DVI、HDMI 连接器组件	NULL	USB-C（USB TYPE-C） USB 3.2 Gen 2（USB 3.1 Gen 2，Superspeed +（USB 3.1）） 插座 连接器 24（6+18 虚设）- 纯供电 6 引脚 位 板边缘，切口；表面贴装; 通孔，直角
-7523461526749439787	Linkplex	LUB-C119D-007-G-19	USB、DVI、HDMI 连接器组件	NULL	USB-C（USB TYPE-C） USB 3.2 Gen 2（USB 3.1 Gen 2，Superspeed +（USB 3.1）） 插座 连接器 24 位 表面贴装，直角，通孔
-7328674507952800637	Linkplex	LUB-3003-BE-001-J-29	USB、DVI、HDMI 连接器组件	NULL	USB-A（USB TYPE-A） USB 3.2 第 1（USB 3.1 第 1，Superspeed（USB 3.0）） 插座 连接器 9 位 通孔
-9212615717041267815	Littelfuse Aerospace	C115373-1171	D-Sub、D 形连接器外壳	NULL	母触点插座 体座 D 型，微型 D 连接器 31 位置
-9171106933464397551	Littelfuse Aerospace	C115370-5052	D-Sub、D 形连接器外壳	NULL	公触点插头 体座 D-Sub 连接器 15 位置
-9144485115038309262	Littelfuse Aerospace	C115368-5030	D-Sub、D 形连接器外壳	NULL	公触点插头 体座 D-Sub，高密度 连接器 15 位置
-7727647080683887266	Littelfuse Inc.	08690942LXN	电线接头连接器	NULL	端子 直插式，凸片（手提箱） 连接器 IDC 黄色
-7428948186410682145	Littelfuse Inc.	09130635LXN	环形连接器	NULL	端子 - 环形连接器 圆形 压接
-4609759184670611213	Littelfuse Inc.	31323	铲形连接器	NULL	端子 - 铲形连接器
-9041362125848737053	Littelfuse/Commercial Vehicle Products	00519770	圆形连接器组件	NULL	针位圆形连接器
-8800482395526772119	Littelfuse/Commercial Vehicle Products	00511265	圆形连接器组件	NULL	针位圆形连接器
-8646683392447891389	Littelfuse/Commercial Vehicle Products	10823300	快速连接，快速断开连接器	NULL	快速连接 连接器
-9129806152753986913	Lumberg Automation	716SNS1P11PL-25	同轴连接器（射频）组件	NULL	F 型 连接器 插头，公引脚 75 欧姆 自由悬挂 压缩
-9118583412861564014	Lumberg Automation	900000533	圆形连接器组件	NULL	针位圆形连接器
-9117801867765752914	Lumberg Automation	105568	传感器接口接线块	NULL	NULL
-8791046387622412420	Lumberg Inc	2,5 MSF/O 05	针座，公插针	NULL	针座连接器 通孔 5 位置 0.098"（2.50mm）
-8544935771424222913	Lumberg Inc	3823 02 30 00 VP15	矩形连接器外壳	NULL	2 矩形连接器 - 外壳 插座 0.098"（2.50mm）
-8450844284307452628	Lumberg Inc	P 126	模块化/以太网连接器（RJ45，RJ11）插头	NULL	插头 模块化连接器 4p4c（RJ10） 位置 无屏蔽 IDC
8926557138394887535	M5Stack Technology Co., Ltd.	A118	针座，公插针	NULL	针座连接器 表面贴装，直角 4 位置 0.079"（2.00mm）
-9214792621241191747	METZ CONNECT USA Inc.	31181105	针座、插头和插座	NULL	5 针位端子块 接头，公引脚，带罩（4 面） 0.138"（3.50mm） 垂直 通孔
-9187344504041051043	METZ CONNECT USA Inc.	31217102	针座、插头和插座	NULL	2 针位端子块 插头，母插口 0.200"（5.08mm） 270° 自由悬挂
-9160061936178177125	METZ CONNECT USA Inc.	130819-I	模块化/以太网连接器适配器	NULL	模块 适配器 连接器 插头，8p4c（RJ45） 至 插孔，8p4c（RJ45） 无屏蔽
-8598417937281520335	MH Connectors	MHRJC6AR222N	模块化/以太网连接器（RJ45，RJ11）插头	NULL	插头 模块化连接器 8p8c（RJ45，以太网） 位置 屏蔽 Cat6a IDC
-8597604184087073559	MH Connectors	DIP-IEC7-BK	电源接入连接器配件	NULL	连接器 盖 用于 DIP 系列
-6998656911960230126	MH Connectors	MHDBC9SS-NW	D-Sub、D 形连接器外壳	NULL	母触点插座 体座 D-Sub 连接器 9 位置
-5259764640855400788	MPD	ZA1310	同轴连接器（射频）组件	NULL	自动调谐天线 连接器 插头，公引脚 自由悬挂 压接
411497582235336967	MPD	ZA2090	同轴连接器（射频）组件	NULL	自动调谐天线 连接器 插孔，母形插口 自由悬挂
2539142166951544642	MPD	ZA1311	同轴连接器（射频）组件	NULL	自动调谐天线 连接器 插头，公引脚 自由悬挂 压接
-5520338961508994174	Maker Emporium Ltd	PIS-1247	边缘板连接器	NULL	40 位置 母头 连接器 非指定 - 单边 镀金 0.050"（1.27mm）
-3581117265995280983	Maker Emporium Ltd	PIS-1243	边缘板连接器	NULL	40 位置 母头 连接器 非指定 - 单边 镀金 0.050"（1.27mm）
-1904572764463385956	Maker Emporium Ltd	PIS-1240	边缘板连接器	NULL	40 位置 母头 连接器 非指定 - 单边 镀金 0.050"（1.27mm）
-8991406006330200930	Master Appliance Co	11861	铲形连接器	NULL	黄色 10 接线柱 端子 - 铲形连接器 压接 10-12 AWG
-8960269305613182543	Master Appliance Co	11867	快速连接，快速断开连接器	NULL	快速连接 公头 14-16 AWG 压接 连接器 完全绝缘热缩件
-8769225010248930355	Master Appliance Co	11544	电线接头连接器	NULL	端子 对接接头，直插式，单独开口 连接器 焊接 14-16 AWG 蓝色
-8878761467757841409	Menbers	00585400	圆形连接器组件	NULL	7 针位圆形连接器 插座，公形引脚 焊接片
-7935618857096304077	Menbers	00594770	圆形连接器组件	NULL	5 针位圆形连接器 插头，母插口 螺钉
-7616706470454797003	Menbers	00420800	圆形连接器组件	NULL	5 针位圆形连接器 插座，公形引脚 压接
-7996042647473958099	Mersen USA Newburyport-MA L.L.C.	LUG406	接线片	NULL	端子 - 矩形连接器
3234209358121589873	Mersen USA Newburyport-MA L.L.C.	TL100	接线片	NULL	端子 - 矩形连接器
4226568947466769039	Mersen USA Newburyport-MA L.L.C.	TL200XM3	接线片	NULL	端子 - 矩形连接器
-4569397484975236148	Metcal	2100-0311	针座，公插针	NULL	针座连接器 位置
-880925611466560275	Metcal	2100-0372	插头和插座	NULL	电源连接器
5185627977849066131	Metcal	2100-0379	矩形连接器触头	NULL	触点
-9164322890650900840	Micro-Mode	MSSP-13761	同轴连接器（射频）组件	NULL	连接器
-8177741738596824290	Micro-Mode	MMSP-11215	同轴连接器（射频）组件	NULL	同轴连接器 - 端接器 插头，公引脚 SMP 50 Ohms
-7506031085180115349	Micro-Mode	MSSP-12433	同轴连接器（射频）组件	NULL	连接器
-7452237386054200805	MikroElektronika	MIKROE-6262	针座，公插针	NULL	针座连接器 通孔，直角 8 位置 0.059"（1.50mm）
-5184150603580419979	MikroElektronika	MIKROE-425	IC 插座	NULL	40（2 x 20） 位置 DIP，ZIF（ZIP） 插口 通孔
-4570617230361671641	MikroElektronika	MIKROE-1451	USB、DVI、HDMI 连接器适配器	NULL	适配器连接器 USB-A（USB TYPE-A），插座 至 USB - 小型 B 插头 自由悬挂
-9222256855957824861	Mill-Max Manufacturing Corp.	802-40-012-61-001000	针座，公插针	NULL	针座连接器 通孔 12 位置 0.100"（2.54mm）
-9221325358720317575	Mill-Max Manufacturing Corp.	116-43-632-61-008000	IC 插座	NULL	32（2 x 16） 位置 DIP，0.6"（15.24mm）行距 插口 镀金 通孔
-9220318428904778874	Mill-Max Manufacturing Corp.	0477-0-18-01-30-14-04-0	PC 引脚插座，插座连接器	NULL	针插座连接器 0.015" ~ 0.025"（0.38mm ~ 0.64mm） 标准尾 压配
-9141805476898165377	Millimeter Wave Technologies	MW-780-E-IP-316	同轴连接器（射频）组件	NULL	TNC 连接器 插孔，母形插口 50 欧姆 自由悬挂 焊接
-8525197848995781273	Millimeter Wave Technologies	MWA-3300-RP-GA	同轴连接器（射频）组件	NULL	RP-SMA 连接器 插座，公插针 50 欧姆 表面贴装，直角，通孔
-7950772210853073096	Millimeter Wave Technologies	MWPM-6001-SS-FD	同轴连接器（射频）组件	NULL	连接器
207011108376234857	Milspecwest, LLC	MSW-G-F-04P	圆形连接器组件	NULL	4 针位圆形连接器 插座，公形引脚 焊接
9092380514673774435	Milspecwest, LLC	MSW00A22-21S-SR	圆形连接器组件	NULL	21 针位圆形连接器 插座，母型插口 焊接
-8892281545959764064	Mitsumi Electric Company Ltd	R41-A624B	同轴连接器（射频）组件	NULL	HSD®，Fakra，四轴 连接器 插头，公引脚 100 欧姆 通孔 焊接
-8681951238750871581	Mitsumi Electric Company Ltd	R41-B583A	USB、DVI、HDMI 连接器组件	NULL	USB-C（USB TYPE-C） USB 3.2 Gen 2（USB 3.1 Gen 2，Superspeed +（USB 3.1）） 插座 连接器 24 位 表面贴装，直角，通孔
-8492228633290869243	Mitsumi Electric Company Ltd	R41-A717A	同轴连接器（射频）组件	NULL	HSD®，Fakra，四轴 连接器 插头，公引脚 100 欧姆 通孔 焊接
-9221908962107936113	Molex	1301440027	插头和插座	NULL	电源连接器 插头，公型片状插脚 NON-NEMA（3P3W） 自由悬挂
-9221678555414973206	Molex	0397040008	针座、插头和插座	NULL	8 针位端子块 插头，母插口 0.300"（7.62mm） 180° 自由悬挂
-9221140050886481950	Molex	2009890106	针座，公插针	NULL	针座连接器 表面贴装型 6 位置 0.050"（1.27mm）
-9210761948604528928	Mueller Electric Co	BU-12ZU06-PG9	圆形连接器组件	NULL	5 针位圆形连接器 插头，母插口 压接
-9208093935217215851	Mueller Electric Co	BU-190540054	环形连接器	NULL	端子 - 环形连接器 8 接线柱 圆形 18-22 AWG 压接
-9137733858144754067	Mueller Electric Co	BU-190700153	环形连接器	NULL	端子 - 环形连接器 3/8 接线柱 圆形 10-12 AWG 压接
-9199661435590137200	Murata Electronics	MM8030-2610RK0	同轴连接器（射频）组件	NULL	SWG 连接器 插座，母插槽 50 欧姆 表面贴装型 焊接
-8690203891744825863	Murata Electronics	MM4831-2701RJ4	同轴连接器（射频）组件	NULL	HSC 连接器 插座，公插针 50 欧姆 表面贴装型 焊接
-7786988783553324084	Murata Electronics	MM8130-2600RB8	同轴连接器（射频）组件	NULL	SWF 连接器 插座，母插槽 50 欧姆 表面贴装型 焊接
