category	n
边缘板连接器	618849
圆形连接器组件	611166
针座，公插针	348080
圆形连接器外壳	149394
针座、插头和插座	86040
矩形连接器外壳	34194
同轴连接器（射频）组件	28074
D-Sub、D 形连接器外壳	20525
IC 插座	17457
重载连接器外壳、盖罩、基底	12983
背板连接器外壳	9267
针座，专用插针	8656
矩形连接器触头	8161
电源接入模块（PEM）	8041
环形连接器	6945
带磁性的模块化/以太网连接器（RJ45）插孔	6192
接线片	5559
PC 引脚插座，插座连接器	5470
快速连接，快速断开连接器	5276
插头和插座	4901
USB、DVI、HDMI 连接器组件	4758
重载连接器插件、模块	3941
PC 引脚，单接线柱连接器	3210
电线接头连接器	3173
并口连接器	2631
端子接线系统	2619
铲形连接器	2589
背板连接器触头	2500
FFC、FPC（扁平柔性）连接器组件	2499
直列式模块插座	2484
背板连接器配件	2293
传感器接口接线块	2205
一件式线到板，直接线对板	1927
模块化/以太网连接器（RJ45，RJ11）插头	1598
D-Sub、D 形连接器 - 适配器	1357
模块化/以太网连接器适配器	1213
重型连接器组件	976
重型连接器触头	920
电源接入连接器配件	909
USB、DVI、HDMI 连接器适配器	812
端子块适配器	638
刀片式电源连接器配件	509
套管、子弹式连接器	423
矩形连接器适配器	417
端子条和转台板	381
同轴连接器（射频）触头	370
FFC、FPC（扁平柔性）连接器外壳	361
刀片式电源连接器触头	361
USB、DVI、HDMI 连接器配件	325
光纤连接器适配器	272
电线引脚连接器	255
卡边缘连接器外壳	250
卡边缘连接器配件	174
卡边缘连接器触头	158
模块化/以太网连接器插头外壳	146
线对板连接器	145
存储器连接器配件	139
光纤连接器外壳	133
背板	121
焊片连接器	41
箔片连接器	33
FFC、FPC（扁平柔性）连接器配件	32
D-Sub、D 形连接器端接器	31
专用连接器	5
