key_name	hit_rows	occur_cnt	hit_pct_of_has_prajson
元器件封装	1190338	1190338	98.67
电阻精度(%)	1102490	1102490	91.39
电阻阻值(Ω)	1093629	1093629	90.65
温度系数(ppm/℃)	1076089	1076089	89.2
封装/尺寸	1020768	1020768	84.61
封装/外壳	989518	989518	82.02
成分	980746	980746	81.3
特性	980707	980707	81.29
端子数	968642	968642	80.29
零件状态	899074	899074	74.53
制造商	832550	832550	69.01
系列	832550	832550	69.01
故障率	821445	821445	68.09
工作温度最大值(℃)	602250	602250	49.92
工作温度最小值(℃)	602250	602250	49.92
额定功率(W)	564535	564535	46.8
大小/尺寸	544959	544959	45.17
基本产品编号	499517	499517	41.41
大小 / 尺寸	461550	461550	38.26
高度 - 安装(最大值)	406869	406869	33.73
最小工作温度(℃)	406149	406149	33.67
最大工作温度(℃)	406149	406149	33.67
高度-安装(最大值)	395511	395511	32.79
功率(W)	389585	389585	32.29
等级	377002	377002	31.25
高度 - 安装（最大值）	200298	200298	16.6
功率（W）	143437	143437	11.89
工作温度范围	85802	85802	7.11
最大工作电压	82183	82183	6.81
电阻类型	74448	74448	6.17
温度系数	25940	25940	2.15
单位元件功率	25436	25436	2.11
电阻个数	25362	25362	2.1
引脚数	25267	25267	2.09
包装	24502	24502	2.03
类别 	22679	22679	1.88
应用	20306	20306	1.68
电路类型	20306	20306	1.68
电阻器匹配率	19303	19303	1.6
电阻器匹配率漂移	19303	19303	1.6
涂层，外壳类型	11984	11984	0.99
安装特性	11984	11984	0.99
电阻(欧姆)	10978	10978	0.91
引线样式	10465	10465	0.87
大小/尺寸:	9583	9583	0.79
高度 - 安装(最大值):	9583	9583	0.79
成分:	9255	9255	0.77
故障率:	9255	9255	0.77
总电阻值(kΩ)	9011	9011	0.75
总电阻值公差(%)	8571	8571	0.71
系列:	8528	8528	0.71
调节类型	8423	8423	0.7
端接样式	8419	8419	0.7
匝数	8411	8411	0.7
电阻材料	8398	8398	0.7
特性:	8100	8100	0.67
端子数:	8098	8098	0.67
工作温度	7477	7477	0.62
电阻容差(%)	7034	7034	0.58
B常数(K)	7027	7027	0.58
B0/50	6149	6149	0.51
B25/75	6148	6148	0.51
B25/100	6148	6148	0.51
B25/85	6143	6143	0.51
R25阻值(kΩ)	4810	4810	0.4
B常数容差(%)	4807	4807	0.4
长度 - 引线	3902	3902	0.32
最大功率(mW)	3362	3362	0.28
偏差	3037	3037	0.25
安装类型	2423	2423	0.2
25°C时欧姆阻值	2232	2232	0.19
B值容差	2232	2232	0.19
长度-引线	2227	2227	0.18
引线形式	1520	1520	0.13
电阻高	1434	1434	0.12
电阻宽	1434	1434	0.12
电阻长	1434	1434	0.12
电阻直径	1361	1361	0.11
功率-最大值	1355	1355	0.11
电阻匹配比	1002	1002	0.08
电阻匹配比漂移	1002	1002	0.08
电阻（欧姆）	990	990	0.08
电压	971	971	0.08
B值(25℃/75℃)	830	830	0.07
最大稳态电流(25℃)	830	830	0.07
B值(25℃/85℃)	830	830	0.07
B值(25℃/100℃)	830	830	0.07
电阻	634	634	0.05
最大工作温度	584	584	0.05
最小工作温度	584	584	0.05
精度	494	494	0.04
B值(0℃/50℃)	329	329	0.03
电路类型:	328	328	0.03
电阻匹配比漂移:	328	328	0.03
温度系数:	328	328	0.03
电阻匹配比:	326	326	0.03
功率	289	289	0.02
圈数	232	232	0.02
额定电压	215	215	0.02
ESD保护:	181	181	0.02
