id	partno	brandshort	category2	prajson_text	note_cn_head
1450037657189842947	30J27RE	Ohmite	插件电阻	"{""元器件封装"": ""轴向"", ""功率(W)"": ""10W"", ""大小/尺寸"": ""0.406 直径 x 1.843 长(10.30mm x 46.80mm)"", ""封装/外壳"": ""轴向"", ""封装/尺寸"": ""轴向"", ""成分"": ""绕线"", ""故障率"": ""-"", ""最大工作温度(℃)"": ""-"", ""最小工作温度(℃)"": ""-"", ""温度系数(ppm/℃)"": ""-"", ""特性"": ""-"", ""电阻精度(%)"": ""±5%"", ""电阻阻值(Ω)"": ""27 Ohms"", ""端子数"": ""2"", ""高度 - 安装(最大值)"": ""-""}"	电阻阻值(Ω):27 Ohms;元器件封装:轴向;电阻精度(%):±5%;
1450037678148780035	850F5K0E	Ohmite	底座安装电阻器	"{""元器件封装"": ""轴向"", ""功率(W)"": ""50W"", ""大小/尺寸"": ""1.938 长 x 1.156 宽(49.23mm x 29.36mm)"", ""安装特性"": ""法兰"", ""封装/尺寸"": ""轴向,盒"", ""引线形式"": ""焊片"", ""成分"": ""绕线"", ""故障率"": ""-"", ""最大工作温度(℃)"": ""275°C"", ""最小工作温度(℃)"": ""-55°C"", ""涂层，外壳类型"": ""铝"", ""温度系数(ppm/℃)"": ""±20ppm/°C"", ""特性"": ""-"", ""电阻精度(%)"": ""±1%"", ""电阻阻值(Ω)"": ""5 kOhms"", ""高度 - 安装(最大值)"": ""0.620(15.75mm)""}"	元器件封装:轴向;电阻阻值(Ω):5 kOhms;电阻精度(%):±1%;温度系数(ppm/℃):±20ppm/°C;最小工作温度(℃):-55°C;最大工作温度(℃):275°C;
1450037697857814531	B8J100E	Ohmite	插件电阻	"{""元器件封装"": ""-"", ""功率(W)"": ""8W"", ""大小/尺寸"": ""0.313 直径 x 1.000 长(7.94mm x 25.40mm)"", ""封装/外壳"": ""轴向"", ""封装/尺寸"": ""-"", ""成分"": ""绕线"", ""故障率"": ""-"", ""最大工作温度(℃)"": ""-"", ""最小工作温度(℃)"": ""-"", ""温度系数(ppm/℃)"": ""±260ppm/°C"", ""特性"": ""阻燃涂层,安全"", ""电阻精度(%)"": ""±5%"", ""电阻阻值(Ω)"": ""100 Ohms"", ""端子数"": ""2"", ""高度 - 安装(最大值)"": ""-""}"	电阻阻值(Ω):100 Ohms;电阻精度(%):±5%;温度系数(ppm/℃):±260ppm/°C;
1450037697920729089	B8J25RE	Ohmite	插件电阻	"{""元器件封装"": ""-"", ""功率（W）"": ""8W"", ""大小/尺寸"": ""0.313\"" 直径 x 1.000\"" 长（7.94mm x 25.40mm）"", ""封装/外壳"": ""轴向"", ""封装/尺寸"": ""-"", ""工作温度"": ""-"", ""成分"": ""绕线"", ""故障率"": ""-"", ""温度系数(ppm/℃)"": ""±260ppm/°C"", ""特性"": ""阻燃涂层，安全"", ""电阻精度(%)"": ""±5%"", ""电阻阻值(Ω)"": ""25 Ohms"", ""端子数"": ""2"", ""高度 - 安装（最大值）"": ""-""}"	RES 25 OHM 8W 5% AXIAL
1450037870310817793	LVK12R010FER	Ohmite	贴片电阻	"{""元器件封装"": ""1206"", ""功率(W)"": ""0.5W,1/2W"", ""大小/尺寸"": ""0.126 长 x 0.063 宽(3.20mm x 1.60mm)"", ""封装/外壳"": ""1206(3216 公制)"", ""封装/尺寸"": ""1206"", ""工作温度最大值(℃)"": ""125°C"", ""工作温度最小值(℃)"": ""-40°C"", ""成分"": ""厚膜"", ""故障率"": ""-"", ""温度系数(ppm/℃)"": ""±50ppm/°C"", ""特性"": ""耐腐蚀,电流感应,防潮"", ""电阻精度(%)"": ""±1%"", ""电阻阻值(Ω)"": ""10 mOhms"", ""端子数"": ""4"", ""高度 - 安装(最大值)"": ""0.026(0.65mm)""}"	电阻阻值(Ω):10 mOhms;元器件封装:1206;电阻精度(%):±1%;温度系数(ppm/℃):±50ppm/°C;工作温度最小值(℃):-40°C;工作温度最大值(℃):125°C;
1498568564079120386	HVS0805-680MK1	Riedon	贴片电阻	"{""元器件封装"": ""0805"", ""制造商"": ""Riedon"", ""大小 / 尺寸"": ""0.079 长 x 0.049 宽(2.00mm x 1.25mm)"", ""封装/外壳"": ""0805(2012 公制)"", ""封装/尺寸"": ""805"", ""工作温度最大值(℃)"": ""155°C"", ""工作温度最小值(℃)"": ""-55°C"", ""成分"": ""厚膜"", ""故障率"": ""-"", ""温度系数(ppm/℃)"": ""±250ppm/°C"", ""特性"": ""高电压,非磁性"", ""电阻精度(%)"": ""±10%"", ""电阻阻值(Ω)"": ""680 MOhms"", ""端子数"": ""2"", ""系列"": ""HVS"", ""零件状态"": ""在售"", ""额定功率(W)"": ""0.125W,1/8W"", ""高度 - 安装(最大值)"": ""0.022(0.55mm)""}"	电阻阻值(Ω):680 MOhms;元器件封装:805;电阻精度(%):±10%;额定功率(W):0.125W，1/8W;温度系数(ppm/℃):±250ppm/°C;工作温度最小值(℃):-55°C;工作温度最大值(℃):155°C;
1498568566734114818	RSC-1000-50	Riedon	底座安装电阻器	"{""元器件封装"": ""矩形外壳"", ""制造商"": ""Riedon"", ""大小 / 尺寸"": ""4.500 长 x 2.500 宽(114.30mm x 63.50mm)"", ""安装特性"": ""法兰"", ""封装/尺寸"": ""矩形外壳"", ""引线样式"": ""M4 螺纹"", ""成分"": ""金属元素"", ""故障率"": ""-"", ""最大工作温度(℃)"": ""60°C"", ""最小工作温度(℃)"": ""-40°C"", ""涂层，外壳类型"": ""-"", ""温度系数(ppm/℃)"": ""±15ppm/°C"", ""特性"": ""电流感应,脉冲耐受"", ""电阻精度(%)"": ""±0.25%"", ""电阻阻值(Ω)"": ""50 µOhms"", ""系列"": ""RS"", ""零件状态"": ""在售"", ""额定功率(W)"": ""-"", ""高度 - 安装(最大值)"": ""2.150(54.60mm)""}"	元器件封装:矩形外壳;电阻阻值(Ω):50 µOhms;电阻精度(%):±0.25%;温度系数(ppm/℃):±15ppm/°C;最小工作温度(℃):-40°C;最大工作温度(℃):60°C;
1498568566805417986	UWP30-5RJ8	Riedon	底座安装电阻器	"{""元器件封装"": ""径向，矩形外壳"", ""制造商"": ""Riedon"", ""包装"": ""散装"", ""大小 / 尺寸"": ""2.913\"" 长 x 0.748\"" 宽（74.00mm x 19.00mm）"", ""安装特性"": ""支架"", ""封装/尺寸"": ""径向，矩形外壳"", ""引线样式"": ""快速连接，0.250\""（6.35mm）"", ""成分"": ""绕线"", ""故障率"": ""-"", ""最大工作温度(℃)"": ""275°C"", ""最小工作温度(℃)"": ""-55°C"", ""涂层，外壳类型"": ""陶瓷"", ""温度系数(ppm/℃)"": ""±260ppm/°C"", ""特性"": ""耐燃，安全"", ""电阻精度(%)"": ""±5%"", ""电阻阻值(Ω)"": ""5 Ohms"", ""类别 "": ""电阻器 , 底座安装电阻器"", ""系列"": ""UWP"", ""零件状态"": ""在售"", ""额定功率(W)"": ""30W"", ""高度 - 安装（最大值）"": ""0.787\""（20.00mm）""}"	5Ohms±5%30W绕线底座安装电阻器
1498568567577169921	UWP30-0R5J8	Riedon	底座安装电阻器	"{""元器件封装"": ""径向,矩形外壳"", ""制造商"": ""Riedon"", ""大小 / 尺寸"": ""2.913 长 x 0.748 宽(74.00mm x 19.00mm)"", ""安装特性"": ""支架"", ""封装/尺寸"": ""径向,矩形外壳"", ""引线样式"": ""快速连接,0.250(6.35mm)"", ""成分"": ""绕线"", ""故障率"": ""-"", ""最大工作温度(℃)"": ""275°C"", ""最小工作温度(℃)"": ""-55°C"", ""涂层，外壳类型"": ""陶瓷"", ""温度系数(ppm/℃)"": ""±260ppm/°C"", ""特性"": ""耐燃,安全"", ""电阻精度(%)"": ""±5%"", ""电阻阻值(Ω)"": ""500 mOhms"", ""系列"": ""UWP"", ""零件状态"": ""在售"", ""额定功率(W)"": ""30W"", ""高度 - 安装(最大值)"": ""0.787(20.00mm)""}"	元器件封装:径向，矩形外壳;电阻阻值(Ω):500 mOhms;额定功率(W):30W;电阻精度(%):±5%;温度系数(ppm/℃):±260ppm/°C;最小工作温度(℃):-55°C;最大工作温度(℃):275°C;
1498568567757524993	UWP100-150RJ8	Riedon	底座安装电阻器	"{""元器件封装"": ""径向，矩形外壳"", ""制造商"": ""Riedon"", ""包装"": ""散装"", ""大小 / 尺寸"": ""4.449\"" 长 x 0.894\"" 宽（113.00mm x 22.70mm）"", ""安装特性"": ""支架"", ""封装/尺寸"": ""径向，矩形外壳"", ""引线样式"": ""快速连接，0.250\""（6.35mm）"", ""成分"": ""绕线"", ""故障率"": ""-"", ""最大工作温度(℃)"": ""275°C"", ""最小工作温度(℃)"": ""-55°C"", ""涂层，外壳类型"": ""陶瓷"", ""温度系数(ppm/℃)"": ""±260ppm/°C"", ""特性"": ""耐燃，安全"", ""电阻精度(%)"": ""±5%"", ""电阻阻值(Ω)"": ""150 Ohms"", ""类别 "": ""电阻器 , 底座安装电阻器"", ""系列"": ""UWP"", ""零件状态"": ""在售"", ""额定功率(W)"": ""100W"", ""高度 - 安装（最大值）"": ""0.894\""（22.70mm）""}"	150Ohms±5%100W绕线底座安装电阻器
1450036387322363905	HMC0402JT100M	SEI	贴片电阻	"{""元器件封装"": ""0402"", ""大小/尺寸:"": ""0.039 L x 0.020 W (1.00mm x 0.50mm)"", ""封装/尺寸"": ""0402 (1005 Metric)"", ""工作温度最大值(℃)"": ""125°C"", ""工作温度最小值(℃)"": ""-55°C"", ""成分:"": ""Thick Film"", ""故障率:"": ""--"", ""温度系数(ppm/℃)"": ""±400ppm/°C"", ""特性:"": ""--"", ""电阻精度(%)"": ""±5%"", ""电阻阻值(Ω)"": ""100 MOhms"", ""端子数:"": ""2"", ""系列:"": ""HMC"", ""额定功率(W)"": ""0.063W, 1/16W"", ""高度 - 安装(最大值):"": ""0.016 (0.40mm)""}"	电阻阻值(Ω):100 MOhms;元器件封装:0402;电阻精度(%):±5%;额定功率(W):0.063W, 1/16W;温度系数(ppm/℃):±400ppm/°C;工作温度最小值(℃):-55°C;工作温度最大值(℃):125°C;
1452929807996948481	CSR2512JTR100	SEI	贴片电阻	"{""元器件封装"": ""2512"", ""制造商"": ""Stackpole Electronics Inc "", ""大小 / 尺寸"": ""0.252 长 x 0.126 宽(6.40mm x 3.20mm) "", ""封装/外壳"": ""2512(6432 公制) "", ""封装/尺寸"": ""2512 "", ""工作温度最大值(℃)"": ""155°C"", ""工作温度最小值(℃)"": ""-55°C"", ""成分"": ""厚膜 "", ""故障率"": ""- "", ""温度系数(ppm/℃)"": ""±200ppm/°C "", ""特性"": ""电流检测 "", ""电阻精度(%)"": ""±5% "", ""电阻阻值(Ω)"": ""100 mOhms "", ""端子数"": ""2 "", ""系列"": ""CSR "", ""零件状态"": ""在售 "", ""额定功率(W)"": ""2W "", ""高度 - 安装(最大值)"": ""0.026(0.65mm) ""}"	电阻阻值(Ω):100 mOhms ;元器件封装:2512;电阻精度(%):±5% ;额定功率(W):2W ;温度系数(ppm/℃):±200ppm/°C ;工作温度最小值(℃):-55°C;工作温度最大值(℃):155°C;
1465223007581835266	RMCF2512FT1K87	SEI	贴片电阻	"{""元器件封装"": ""2512"", ""功率(W)"": ""1W"", ""大小/尺寸"": ""0.248 长 x 0.126 宽(6.30mm x 3.20mm)"", ""封装/外壳"": ""2512(6432 公制)"", ""封装/尺寸"": ""2512"", ""工作温度最大值(℃)"": ""155°C"", ""工作温度最小值(℃)"": ""-55°C"", ""成分"": ""厚膜"", ""故障率"": ""-"", ""温度系数(ppm/℃)"": ""±100ppm/°C"", ""特性"": ""汽车级AEC-Q200"", ""电阻精度(%)"": ""±1%"", ""电阻阻值(Ω)"": ""1.87 kOhms"", ""端子数"": ""2"", ""等级"": ""AEC-Q200"", ""零件状态"": ""在售"", ""高度-安装(最大值)"": ""0.028(0.70mm)""}"	电阻阻值(Ω):1.87 kOhms;元器件封装:2512;电阻精度(%):±1%;温度系数(ppm/℃):±100ppm/°C;工作温度最小值(℃):-55°C;工作温度最大值(℃):155°C;
1465272016811896834	CSRF0402FT3L00	SEI	贴片电阻	"{""元器件封装"": ""0402"", ""功率(W)"": ""0.125W,1/8W"", ""大小/尺寸"": ""0.039 长 x 0.022 宽(1.00mm x 0.55mm)"", ""封装/外壳"": ""0402(1005 公制)"", ""封装/尺寸"": ""0402"", ""工作温度最大值(℃)"": ""170°C"", ""工作温度最小值(℃)"": ""-55°C"", ""成分"": ""金属箔"", ""故障率"": ""-"", ""温度系数(ppm/℃)"": ""±200ppm/°C"", ""特性"": ""汽车级 AEC-Q200,电流检测,防潮"", ""电阻精度(%)"": ""±1%"", ""电阻阻值(Ω)"": ""3 mOhms"", ""端子数"": ""2"", ""等级"": ""AEC-Q200"", ""零件状态"": ""在售"", ""高度-安装(最大值)"": ""0.022(0.55mm)""}"	电阻阻值(Ω):3 mOhms;元器件封装:0402;电阻精度(%):±1%;温度系数(ppm/℃):±200ppm/°C;工作温度最小值(℃):-55°C;工作温度最大值(℃):170°C;
1465486219833290754	RMCF0402FT22K1	SEI	贴片电阻	"{""元器件封装"": ""0402"", ""制造商"": ""Stackpole Electronics Inc"", ""功率(W)"": ""0.063W,1/16W"", ""大小/尺寸"": ""0.039 长 x 0.020 宽(1.00mm x 0.50mm)"", ""封装/外壳"": ""0402(1005 公制)"", ""封装/尺寸"": ""0402"", ""工作温度最大值(℃)"": ""155°C"", ""工作温度最小值(℃)"": ""-55°C"", ""成分"": ""厚膜"", ""故障率"": ""-"", ""温度系数(ppm/℃)"": ""±100ppm/°C"", ""特性"": ""汽车级AEC-Q200"", ""电阻精度(%)"": ""±1%"", ""电阻阻值(Ω)"": ""22.1 kOhms"", ""端子数"": ""2"", ""等级"": ""AEC-Q200"", ""系列"": ""RMCF"", ""零件状态"": ""在售"", ""高度-安装(最大值)"": ""0.016(0.40mm)""}"	电阻阻值(Ω):22.1 kOhms;元器件封装:0402;电阻精度(%):±1%;温度系数(ppm/℃):±100ppm/°C;工作温度最小值(℃):-55°C;工作温度最大值(℃):155°C;
1450036064558088193	KRL3264E-C-R010-F-T5	SUSUMU	贴片电阻	"{""元器件封装"": ""2512"", ""大小/尺寸:"": ""--"", ""封装/尺寸"": ""2512"", ""工作温度最大值(℃)"": ""175°C"", ""工作温度最小值(℃)"": ""-55°C"", ""成分:"": ""Metal Foil"", ""故障率:"": ""--"", ""温度系数(ppm/℃)"": ""--"", ""特性:"": ""--"", ""电阻精度(%)"": ""±1%"", ""电阻阻值(Ω)"": ""10mOhms"", ""端子数:"": ""--"", ""系列:"": ""--"", ""额定功率(W)"": ""3W"", ""高度 - 安装(最大值):"": ""--""}"	电阻阻值(Ω):10mOhms;元器件封装:2512;电阻精度(%):±1%;额定功率(W):3W;工作温度最小值(℃):-55°C;工作温度最大值(℃):175°C;
1450037858097004545	KRL1220E-M-R012-F-T5	SUSUMU	贴片电阻	"{""元器件封装"": ""0805"", ""功率(W)"": ""0.5W,1/2W"", ""大小/尺寸"": ""0.079 长 x 0.049 宽(2.00mm x 1.25mm)"", ""封装/外壳"": ""0805(2012 公制)"", ""封装/尺寸"": ""805"", ""工作温度最大值(℃)"": ""155°C"", ""工作温度最小值(℃)"": ""-55°C"", ""成分"": ""金属箔"", ""故障率"": ""-"", ""温度系数(ppm/℃)"": ""±50ppm/°C"", ""特性"": ""汽车级 AEC-Q200,电流检测"", ""电阻精度(%)"": ""±1%"", ""电阻阻值(Ω)"": ""12 mOhms"", ""端子数"": ""2"", ""等级"": ""AEC-Q200"", ""高度 - 安装(最大值)"": ""0.028(0.70mm)""}"	电阻阻值(Ω):12 mOhms;元器件封装:805;电阻精度(%):±1%;温度系数(ppm/℃):±50ppm/°C;工作温度最小值(℃):-55°C;工作温度最大值(℃):155°C;
1450037858097004547	KRL1632E-M-R010-F-T5	SUSUMU	贴片电阻	"{""元器件封装"": ""1206"", ""功率（W）"": ""0.75W，3/4W"", ""大小/尺寸"": ""0.126\"" 长 x 0.063\"" 宽（3.20mm x 1.60mm）"", ""封装/外壳"": ""1206（3216 公制）"", ""封装/尺寸"": ""1206"", ""工作温度最大值(℃)"": ""155°C"", ""工作温度最小值(℃)"": ""-55°C"", ""成分"": ""金属箔"", ""故障率"": ""-"", ""温度系数(ppm/℃)"": ""±50ppm/°C"", ""特性"": ""汽车级 AEC-Q200，电流检测"", ""电阻精度(%)"": ""±1%"", ""电阻阻值(Ω)"": ""10 mOhms"", ""端子数"": ""2"", ""等级"": ""AEC-Q200"", ""高度 - 安装（最大值）"": ""0.028\""（0.70mm）""}"	RES 0.01 OHM 1% 3/4W 1206
1450037858164113409	KRL6432E-M-R004-F-T1	SUSUMU	贴片电阻	"{""元器件封装"": ""1225"", ""功率(W)"": ""3W"", ""大小/尺寸"": ""0.122 长 x 0.248 宽(3.10mm x 6.30mm)"", ""封装/外壳"": ""宽 2512(6432 公制),1225"", ""封装/尺寸"": ""6432"", ""工作温度最大值(℃)"": ""155°C"", ""工作温度最小值(℃)"": ""-55°C"", ""成分"": ""金属箔"", ""故障率"": ""-"", ""温度系数(ppm/℃)"": ""±50ppm/°C"", ""特性"": ""汽车级 AEC-Q200,电流检测"", ""电阻精度(%)"": ""±1%"", ""电阻阻值(Ω)"": ""4 mOhms"", ""端子数"": ""2"", ""等级"": ""AEC-Q200"", ""高度 - 安装(最大值)"": ""0.028(0.70mm)""}"	电阻阻值(Ω):4 mOhms;元器件封装:1225;电阻精度(%):±1%;温度系数(ppm/℃):±50ppm/°C;工作温度最小值(℃):-55°C;工作温度最大值(℃):155°C;
1450037858231222273	KRL2012E-M-R010-F-T5	SUSUMU	贴片电阻		
1452929997856313345	84WR10KLFTR	TT ELECTRONICS/BI	可调电阻		
1452929997856313346	93PR100LF	TT ELECTRONICS/BI	可调电阻		
1452929997919227907	25PR100KLF	TT ELECTRONICS/BI	可调电阻		
1452929997986336770	44WR100KLFT7	TT ELECTRONICS/BI	可调电阻		
1452929998120554497	72XR100LF	TT ELECTRONICS/BI	可调电阻	"{""元器件封装"": ""-"", ""制造商"": ""TT Electronics/BI "", ""匝数"": ""1 "", ""封装/尺寸"": ""矩形 - 0.375 x 0.187 表面 x 0.386 高(9.53mm x 4.75mm x 9.80mm) "", ""总电阻值(kΩ)"": ""100 Ohms "", ""总电阻值(kΩ)材料"": ""金属陶瓷 "", ""总电阻值公差(%)"": ""±10% "", ""温度系数(ppm/℃)"": ""±100ppm/°C "", ""端接样式"": ""PC 引脚 "", ""系列"": ""72 "", ""调节类型"": ""侧面调节 "", ""零件状态"": ""在售 "", ""额定功率(W)"": ""0.5W,1/2W ""}"	额定功率(W):0.5W，1/2W ;总电阻值(kΩ):100 Ohms ;温度系数(ppm/℃):±100ppm/°C ;总电阻值公差(%):±10% ;
1473611443384651778	RC3225F6984CS	三星-SAMSUNG	贴片电阻	"{""元器件封装"": ""1210"", ""制造商"": ""Samsung Electro-Mechanics"", ""大小 / 尺寸"": ""0.126 长 x 0.100 宽(3.20mm x 2.55mm)"", ""封装/外壳"": ""1210(3225 公制)"", ""封装/尺寸"": ""1210"", ""工作温度最大值(℃)"": ""155°C"", ""工作温度最小值(℃)"": ""-55°C"", ""成分"": ""厚膜"", ""故障率"": ""-"", ""温度系数(ppm/℃)"": ""±100ppm/°C"", ""特性"": ""防潮"", ""电阻精度(%)"": ""±1%"", ""电阻阻值(Ω)"": ""6.98 MOhms"", ""端子数"": ""2"", ""系列"": ""RC"", ""零件状态"": ""在售"", ""额定功率(W)"": ""0.333W,1/3W"", ""高度 - 安装(最大值)"": ""0.026(0.66mm)""}"	电阻阻值(Ω):6.98 MOhms;元器件封装:1210;电阻精度(%):±1%;额定功率(W):0.333W，1/3W;温度系数(ppm/℃):±100ppm/°C;工作温度最小值(℃):-55°C;工作温度最大值(℃):155°C;
1473611586599174145	RC3225F5R49CS	三星-SAMSUNG	贴片电阻	"{""元器件封装"": ""1210"", ""制造商"": ""Samsung Electro-Mechanics"", ""大小 / 尺寸"": ""0.126 长 x 0.100 宽(3.20mm x 2.55mm)"", ""封装/外壳"": ""1210(3225 公制)"", ""封装/尺寸"": ""1210"", ""工作温度最大值(℃)"": ""155°C"", ""工作温度最小值(℃)"": ""-55°C"", ""成分"": ""厚膜"", ""故障率"": ""-"", ""温度系数(ppm/℃)"": ""±300ppm/°C"", ""特性"": ""防潮"", ""电阻精度(%)"": ""±1%"", ""电阻阻值(Ω)"": ""5.49 Ohms"", ""端子数"": ""2"", ""系列"": ""RC"", ""零件状态"": ""在售"", ""额定功率(W)"": ""0.333W,1/3W"", ""高度 - 安装(最大值)"": ""0.026(0.66mm)""}"	电阻阻值(Ω):5.49 Ohms;元器件封装:1210;电阻精度(%):±1%;额定功率(W):0.333W，1/3W;温度系数(ppm/℃):±300ppm/°C;工作温度最小值(℃):-55°C;工作温度最大值(℃):155°C;
1473611594845175809	RC3225F7324CS	三星-SAMSUNG	贴片电阻	"{""元器件封装"": ""1210"", ""功率（W）"": ""0.333W，1/3W"", ""大小/尺寸"": ""0.126\"" 长 x 0.100\"" 宽（3.20mm x 2.55mm）"", ""封装/外壳"": ""1210（3225 公制）"", ""封装/尺寸"": ""1210"", ""工作温度最大值(℃)"": ""155°C"", ""工作温度最小值(℃)"": ""-55°C"", ""成分"": ""厚膜"", ""故障率"": ""-"", ""温度系数(ppm/℃)"": ""±100ppm/°C"", ""特性"": ""防潮"", ""电阻精度(%)"": ""±1%"", ""电阻阻值(Ω)"": ""7.32 MOhms"", ""端子数"": ""2"", ""高度 - 安装（最大值）"": ""0.026\""（0.66mm）""}"	RES 7.32M OHM 1% 1/3W 1210
1473611621697110018	RC3225F7323CS	三星-SAMSUNG	贴片电阻	"{""元器件封装"": ""1210"", ""制造商"": ""Samsung Electro-Mechanics"", ""大小 / 尺寸"": ""0.126 长 x 0.100 宽(3.20mm x 2.55mm)"", ""封装/外壳"": ""1210(3225 公制)"", ""封装/尺寸"": ""1210"", ""工作温度最大值(℃)"": ""155°C"", ""工作温度最小值(℃)"": ""-55°C"", ""成分"": ""厚膜"", ""故障率"": ""-"", ""温度系数(ppm/℃)"": ""±100ppm/°C"", ""特性"": ""防潮"", ""电阻精度(%)"": ""±1%"", ""电阻阻值(Ω)"": ""732 kOhms"", ""端子数"": ""2"", ""系列"": ""RC"", ""零件状态"": ""在售"", ""额定功率(W)"": ""0.333W,1/3W"", ""高度 - 安装(最大值)"": ""0.026(0.66mm)""}"	电阻阻值(Ω):732 kOhms;元器件封装:1210;电阻精度(%):±1%;额定功率(W):0.333W，1/3W;温度系数(ppm/℃):±100ppm/°C;工作温度最小值(℃):-55°C;工作温度最大值(℃):155°C;
1473611622791823362	RC3225F7684CS	三星-SAMSUNG	贴片电阻	"{""元器件封装"": ""1210"", ""制造商"": ""Samsung Electro-Mechanics"", ""大小 / 尺寸"": ""0.126 长 x 0.100 宽(3.20mm x 2.55mm)"", ""封装/外壳"": ""1210(3225 公制)"", ""封装/尺寸"": ""1210"", ""工作温度最大值(℃)"": ""155°C"", ""工作温度最小值(℃)"": ""-55°C"", ""成分"": ""厚膜"", ""故障率"": ""-"", ""温度系数(ppm/℃)"": ""±100ppm/°C"", ""特性"": ""防潮"", ""电阻精度(%)"": ""±1%"", ""电阻阻值(Ω)"": ""7.68 MOhms"", ""端子数"": ""2"", ""系列"": ""RC"", ""零件状态"": ""在售"", ""额定功率(W)"": ""0.333W,1/3W"", ""高度 - 安装(最大值)"": ""0.026(0.66mm)""}"	电阻阻值(Ω):7.68 MOhms;元器件封装:1210;电阻精度(%):±1%;额定功率(W):0.333W，1/3W;温度系数(ppm/℃):±100ppm/°C;工作温度最小值(℃):-55°C;工作温度最大值(℃):155°C;
1450035929790906370	CR0603FA1002G	丽智电子-LIZ	贴片电阻		
1450035929790906371	CR0402FF49R9G	丽智电子-LIZ	贴片电阻	"{""元器件封装"": ""0402"", ""大小/尺寸:"": ""--"", ""封装/尺寸"": ""0402"", ""工作温度:"": ""--"", ""成分:"": ""--"", ""故障率:"": ""--"", ""温度系数(ppm/℃)"": ""--"", ""特性:"": ""--"", ""电阻精度(%)"": ""±1%"", ""电阻阻值(Ω)"": ""49.9Ω"", ""端子数:"": ""--"", ""系列:"": ""--"", ""额定功率(W)"": ""1/16W"", ""高度 - 安装(最大值):"": ""--""}"	电阻阻值(Ω):49.9Ω;元器件封装:0402;电阻精度(%):±1%;额定功率(W):1/16W;
1450035929790906373	CR0402JF06R8G	丽智电子-LIZ	贴片电阻		
1450035929858015234	CR0402JF0564G	丽智电子-LIZ	贴片电阻	"{""元器件封装"": ""0402"", ""工作温度范围"": ""-55℃~+125℃"", ""最大工作电压"": ""50V"", ""温度系数(ppm/℃)"": ""±200ppm/℃"", ""电阻类型"": ""厚膜电阻"", ""电阻精度(%)"": ""±5%"", ""电阻阻值(Ω)"": ""560kΩ"", ""额定功率(W)"": ""1/16W""}"	电阻阻值(Ω):560kΩ;元器件封装:0402;电阻精度(%):±5%;额定功率(W):1/16W;温度系数(ppm/℃):±200ppm/℃;
1450035929925124097	CR0603JA0564G	丽智电子-LIZ	贴片电阻	"{""元器件封装"": ""0603"", ""工作温度范围"": ""-55℃~+125℃"", ""最大工作电压"": ""50V"", ""温度系数(ppm/℃)"": ""±200ppm/℃"", ""电阻类型"": ""厚膜电阻"", ""电阻精度(%)"": ""±5%"", ""电阻阻值(Ω)"": ""560kΩ"", ""额定功率(W)"": ""1/10W""}"	电阻阻值(Ω):560kΩ;元器件封装:0603;电阻精度(%):±5%;额定功率(W):1/10W;温度系数(ppm/℃):±200ppm/℃;
1465644107453227009	RP52010R0200GTBK-50	京瓷-kyocera	贴片电阻		
1465644109068034050	RP42010R0025GTBK-50	京瓷-kyocera	贴片电阻		
1465678350216650754	CRB1A2E102JT	京瓷-kyocera	排阻		
1465678350216650755	CRB1A2E100JT	京瓷-kyocera	排阻		
1465678350225039361	CRB1A2E104JT	京瓷-kyocera	排阻		
1450034653166403585	TC33X-2-203E	伯恩斯-BOURNS	可调电阻		
1450034653166403591	3224W-1-205E	伯恩斯-BOURNS	可调电阻	"{""元器件封装"": ""-"", ""圈数:"": ""12"", ""封装/尺寸"": ""Rectangular - 0.189 x 0.138 Face x 0.209 H (4.80mm x 3.50mm x 5.30mm)"", ""总电阻值(kΩ)"": ""2 MOhms"", ""总电阻值公差(%)"": ""±10%"", ""温度系数(ppm/℃)"": ""±100ppm/°C"", ""电阻材料:"": ""Cermet"", ""端子类型:"": ""J Lead"", ""系列:"": ""Trimpot® 3224 - Sealed"", ""调节类型:"": ""Top Adjustment"", ""额定功率(W)"": ""0.25W, 1/4W""}"	额定功率(W):0.25W, 1/4W;总电阻值(kΩ):2 MOhms;温度系数(ppm/℃):±100ppm/°C;总电阻值公差(%):±10%;
1450034653233512452	3314G-1-103E	伯恩斯-BOURNS	可调电阻	"{""元器件封装"": ""-"", ""功率"": ""250mW"", ""圈数"": ""-"", ""圈数:"": ""1"", ""封装/尺寸"": ""Square - 0.177 x 0.177 Face x 0.100 H (4.50mm x 4.50mm x 2.55mm)"", ""总电阻值(kΩ)"": ""10 kOhms"", ""总电阻值公差(%)"": ""±20%"", ""温度系数(ppm/℃)"": ""±100ppm/°C"", ""电阻材料:"": ""Cermet"", ""端子类型:"": ""Gull Wing"", ""精度"": ""±20%"", ""系列:"": ""Trimpot® 3314 - Sealed"", ""调节类型:"": ""Top Adjustment"", ""额定功率(W)"": ""0.25W, 1/4W"", ""额定电压"": ""-""}"	额定功率(W):0.25W, 1/4W;总电阻值(kΩ):10 kOhms;温度系数(ppm/℃):±100ppm/°C;总电阻值公差(%):±20%;
1450034653233512455	3224W-1-101E	伯恩斯-BOURNS	可调电阻	"{""元器件封装"": ""-"", ""圈数:"": ""12"", ""封装/尺寸"": ""Rectangular - 0.189 x 0.138 Face x 0.209 H (4.80mm x 3.50mm x 5.30mm)"", ""总电阻值(kΩ)"": ""100 Ohms"", ""总电阻值公差(%)"": ""±10%"", ""温度系数(ppm/℃)"": ""±100ppm/°C"", ""电阻材料:"": ""Cermet"", ""端子类型:"": ""J Lead"", ""系列:"": ""Trimpot® 3224 - Sealed"", ""调节类型:"": ""Top Adjustment"", ""额定功率(W)"": ""0.25W, 1/4W""}"	额定功率(W):0.25W, 1/4W;总电阻值(kΩ):100 Ohms;温度系数(ppm/℃):±100ppm/°C;总电阻值公差(%):±10%;
1450034653363535874	3296W-1-502LF	伯恩斯-BOURNS	可调电阻	"{""元器件封装"": ""-"", ""圈数:"": ""25"", ""封装/尺寸"": ""Rectangular - 0.375 x 0.190 Face x 0.395 H (9.53mm x 4.83mm x 10.03mm)"", ""总电阻值(kΩ)"": ""5 kOhms"", ""总电阻值公差(%)"": ""±10%"", ""温度系数(ppm/℃)"": ""±100ppm/°C"", ""电阻材料:"": ""Cermet"", ""端子类型:"": ""PC Pins"", ""精度"": ""±10%"", ""系列:"": ""Trimpot® 3296 - Sealed"", ""调节类型:"": ""Top Adjustment"", ""额定功率(W)"": ""0.5W, 1/2W""}"	额定功率(W):0.5W, 1/2W;总电阻值(kΩ):5 kOhms;温度系数(ppm/℃):±100ppm/°C;总电阻值公差(%):±10%;
1450034948898390026	AR02BTC1001	光颉-Viking	贴片电阻	"{""元器件封装"": ""0402"", ""大小/尺寸:"": ""--"", ""封装/尺寸"": ""0402"", ""工作温度最大值(℃)"": ""--"", ""工作温度最小值(℃)"": ""-"", ""成分:"": ""--"", ""故障率:"": ""--"", ""温度系数(ppm/℃)"": ""±25ppm/°C"", ""特性:"": ""--"", ""电阻精度(%)"": ""±0.1%"", ""电阻阻值(Ω)"": ""1KΩ"", ""端子数:"": ""--"", ""系列:"": ""--"", ""额定功率(W)"": ""1/16W"", ""高度 - 安装(最大值):"": ""--""}"	电阻阻值(Ω):1KΩ;元器件封装:0402;电阻精度(%):±0.1%;额定功率(W):1/16W;温度系数(ppm/℃):±25ppm/°C;
1450034949162631169	AR03CTC0010	光颉-Viking	贴片电阻	"{""元器件封装"": ""0603"", ""大小/尺寸:"": ""--"", ""封装/尺寸"": ""0603"", ""工作温度最大值(℃)"": ""--"", ""工作温度最小值(℃)"": ""-"", ""成分:"": ""--"", ""故障率:"": ""--"", ""温度系数(ppm/℃)"": ""--"", ""特性:"": ""--"", ""电阻精度(%)"": ""±0.25%"", ""电阻阻值(Ω)"": ""1Ω"", ""端子数:"": ""--"", ""系列:"": ""--"", ""额定功率(W)"": ""1/16W"", ""高度 - 安装(最大值):"": ""--""}"	电阻阻值(Ω):1Ω;元器件封装:0603;电阻精度(%):±0.25%;额定功率(W):1/16W;
1450034951377223683	HMR05JL7--820M	光颉-Viking	贴片电阻		
1450034951574355970	HMR05JL7--470M	光颉-Viking	贴片电阻	"{""元器件封装"": ""0805"", ""大小/尺寸:"": ""--"", ""封装/尺寸"": ""0805"", ""工作温度最大值(℃)"": ""--"", ""工作温度最小值(℃)"": ""-"", ""成分:"": ""--"", ""故障率:"": ""--"", ""温度系数(ppm/℃)"": ""--"", ""特性:"": ""--"", ""电阻精度(%)"": ""±5%"", ""电阻阻值(Ω)"": ""470MΩ"", ""端子数:"": ""--"", ""系列:"": ""--"", ""额定功率(W)"": ""1/8W"", ""高度 - 安装(最大值):"": ""--""}"	电阻阻值(Ω):470MΩ;元器件封装:0805;电阻精度(%):±5%;额定功率(W):1/8W;
1450034951771488258	HMR05JL7--430M	光颉-Viking	贴片电阻	"{""元器件封装"": ""0805"", ""大小/尺寸:"": ""--"", ""封装/尺寸"": ""0805"", ""工作温度最大值(℃)"": ""--"", ""工作温度最小值(℃)"": ""-"", ""成分:"": ""--"", ""故障率:"": ""--"", ""温度系数(ppm/℃)"": ""--"", ""特性:"": ""--"", ""电阻精度(%)"": ""±5%"", ""电阻阻值(Ω)"": ""430MΩ"", ""端子数:"": ""--"", ""系列:"": ""--"", ""额定功率(W)"": ""1/8W"", ""高度 - 安装(最大值):"": ""--""}"	电阻阻值(Ω):430MΩ;元器件封装:0805;电阻精度(%):±5%;额定功率(W):1/8W;
1450034654407917571	RK73H1HTTC45R3F	兴亚-KOA	贴片电阻	"{""元器件封装"": ""0201"", ""大小/尺寸:"": ""--"", ""封装/尺寸"": ""0201"", ""工作温度最大值(℃)"": ""155°C"", ""工作温度最小值(℃)"": ""-55°C"", ""成分:"": ""Thick Film"", ""故障率:"": ""--"", ""温度系数(ppm/℃)"": ""--"", ""特性:"": ""--"", ""电阻精度(%)"": ""±1%"", ""电阻阻值(Ω)"": ""45.3Ohms"", ""端子数:"": ""--"", ""系列:"": ""--"", ""额定功率(W)"": ""0.05 (1/20)W"", ""高度 - 安装(最大值):"": ""--""}"	电阻阻值(Ω):45.3Ohms;元器件封装:0201;电阻精度(%):±1%;额定功率(W):0.05 (1/20)W;工作温度最小值(℃):-55°C;工作温度最大值(℃):155°C;
1450034656437960711	SR732BTTDR499F	兴亚-KOA	贴片电阻	"{""元器件封装"": ""1206"", ""大小/尺寸:"": ""--"", ""封装/尺寸"": ""1206"", ""工作温度最大值(℃)"": ""150°C"", ""工作温度最小值(℃)"": ""-55°C"", ""成分:"": ""Thick Film"", ""故障率:"": ""--"", ""温度系数(ppm/℃)"": ""--"", ""特性:"": ""--"", ""电阻精度(%)"": ""±1%"", ""电阻阻值(Ω)"": ""499mOhms"", ""端子数:"": ""--"", ""系列:"": ""--"", ""额定功率(W)"": ""0.33 (1/3)W"", ""高度 - 安装(最大值):"": ""--""}"	电阻阻值(Ω):499mOhms;元器件封装:1206;电阻精度(%):±1%;额定功率(W):0.33 (1/3)W;工作温度最小值(℃):-55°C;工作温度最大值(℃):150°C;
1450034893554548738	WR04X1961FTL	兴亚-KOA	贴片电阻		
1450042534351728641	SG73S1JRTTD1741D	兴亚-KOA	贴片电阻	"{""ESD保护:"": ""--"", ""元器件封装"": ""0603"", ""封装/尺寸"": ""0603"", ""工作温度最大值(℃)"": ""155°C"", ""工作温度最小值(℃)"": ""70°C"", ""电阻精度(%)"": ""0.5%"", ""电阻阻值(Ω)"": ""1.74K"", ""端接方式:"": ""Pad"", ""额定功率(W)"": ""0.33 (1/3)""}"	电阻阻值(Ω):1.74K;元器件封装:0603;电阻精度(%):0.5%;额定功率(W):0.33 (1/3);工作温度最小值(℃):70°C;工作温度最大值(℃):155°C;
1450043160620036098	8-1879211-1	兴亚-KOA	贴片电阻	"{""元器件封装"": ""0402"", ""大小/尺寸:"": ""--"", ""封装/尺寸"": ""0402"", ""工作温度最大值(℃)"": ""155°C"", ""工作温度最小值(℃)"": ""-55°C"", ""成分:"": ""Thick Film"", ""故障率:"": ""--"", ""温度系数(ppm/℃)"": ""--"", ""特性:"": ""--"", ""电阻精度(%)"": ""±1%"", ""电阻阻值(Ω)"": ""1.96KOhms"", ""端子数:"": ""--"", ""系列:"": ""--"", ""额定功率(W)"": ""0.063 (1/16)W"", ""高度 - 安装(最大值):"": ""--""}"	电阻阻值(Ω):1.96KOhms;元器件封装:0402;电阻精度(%):±1%;额定功率(W):0.063 (1/16)W;工作温度最小值(℃):-55°C;工作温度最大值(℃):155°C;
1469421985550594050	100W-18Ω±5%	千志电子-CCO	底座安装电阻器	"{""元器件封装"": ""-"", ""电阻精度(%)"": ""±5%"", ""额定功率(W)"": ""100W""}"	额定功率(W):100W;电阻精度(%):±5%;
1469462387875934209	450W-7Ω±5%	千志电子-CCO	底座安装电阻器		
1494589773245923330	FR1WS-5.1Ω±5%	千志电子-CCO	插件电阻	"{""元器件封装"": ""Through Hole"", ""工作温度范围"": ""-"", ""电阻类型"": ""保险电阻"", ""电阻精度(%)"": ""±5%"", ""电阻阻值(Ω)"": ""5.1Ω"", ""额定功率(W)"": ""1W""}"	电阻阻值(Ω):5.1Ω;元器件封装:Through Hole;电阻精度(%):±5%;额定功率(W):1W;
1494589773828931586	RI40-1/4W-10M ±2% T	千志电子-CCO	插件电阻	"{""元器件封装"": ""Through Hole"", ""工作温度范围"": ""-"", ""电阻类型"": ""金属玻璃釉电阻"", ""电阻精度(%)"": ""±2%"", ""电阻阻值(Ω)"": ""10MΩ"", ""额定功率(W)"": ""250mW""}"	电阻阻值(Ω):10MΩ;元器件封装:Through Hole;电阻精度(%):±2%;额定功率(W):250mW;
1494589773908623362	KNP2W-10Ω±5% MK型	千志电子-CCO	插件电阻	"{""元器件封装"": ""Through Hole"", ""工作温度范围"": ""-"", ""电阻类型"": ""绕线电阻"", ""电阻精度(%)"": ""±5%"", ""电阻阻值(Ω)"": ""10Ω"", ""额定功率(W)"": ""2W""}"	电阻阻值(Ω):10Ω;元器件封装:Through Hole;电阻精度(%):±5%;额定功率(W):2W;
1450034891281235976	WR04X1961FTL	华新科-Walsin	贴片电阻	"{""元器件封装"": ""0402"", ""大小/尺寸:"": ""--"", ""封装/尺寸"": ""0402"", ""工作温度最大值(℃)"": ""155°C"", ""工作温度最小值(℃)"": ""-55°C"", ""成分:"": ""Thin Film"", ""故障率:"": ""--"", ""温度系数(ppm/℃)"": ""--"", ""特性:"": ""--"", ""电阻精度(%)"": ""±0.1%"", ""电阻阻值(Ω)"": ""12.4KOhms"", ""端子数:"": ""--"", ""系列:"": ""--"", ""额定功率(W)"": ""0.063 (1/16)W"", ""高度 - 安装(最大值):"": ""--""}"	电阻阻值(Ω):12.4KOhms;元器件封装:0402;电阻精度(%):±0.1%;额定功率(W):0.063 (1/16)W;工作温度最小值(℃):-55°C;工作温度最大值(℃):155°C;
1450036093171630082	WR04W1104FTL	华新科-Walsin	贴片电阻	"{""元器件封装"": ""0402"", ""大小/尺寸:"": ""--"", ""封装/尺寸"": ""0402"", ""工作温度最大值(℃)"": ""155°C"", ""工作温度最小值(℃)"": ""-55°C"", ""成分:"": ""Thick Film"", ""故障率:"": ""--"", ""温度系数(ppm/℃)"": ""--"", ""特性:"": ""--"", ""电阻精度(%)"": ""±1%"", ""电阻阻值(Ω)"": ""1.1MOhms"", ""端子数:"": ""--"", ""系列:"": ""--"", ""额定功率(W)"": ""0.063 (1/16)W"", ""高度 - 安装(最大值):"": ""--""}"	电阻阻值(Ω):1.1MOhms;元器件封装:0402;电阻精度(%):±1%;额定功率(W):0.063 (1/16)W;工作温度最小值(℃):-55°C;工作温度最大值(℃):155°C;
1450036093557506050	WR06X8451FTL	华新科-Walsin	贴片电阻	"{""元器件封装"": ""0603"", ""大小/尺寸:"": ""--"", ""封装/尺寸"": ""0603"", ""工作温度最大值(℃)"": ""155°C"", ""工作温度最小值(℃)"": ""-55°C"", ""成分:"": ""Thick Film"", ""故障率:"": ""--"", ""温度系数(ppm/℃)"": ""--"", ""特性:"": ""--"", ""电阻精度(%)"": ""±1%"", ""电阻阻值(Ω)"": ""8.45KOhms"", ""端子数:"": ""--"", ""系列:"": ""--"", ""额定功率(W)"": ""0.1 (1/10)W"", ""高度 - 安装(最大值):"": ""--""}"	电阻阻值(Ω):8.45KOhms;元器件封装:0603;电阻精度(%):±1%;额定功率(W):0.1 (1/10)W;工作温度最小值(℃):-55°C;工作温度最大值(℃):155°C;
1450036093758832644	WR12X6802FTL	华新科-Walsin	贴片电阻	"{""元器件封装"": ""1206"", ""大小/尺寸:"": ""--"", ""封装/尺寸"": ""1206"", ""工作温度最大值(℃)"": ""155°C"", ""工作温度最小值(℃)"": ""-55°C"", ""成分:"": ""Thick Film"", ""故障率:"": ""--"", ""温度系数(ppm/℃)"": ""--"", ""特性:"": ""--"", ""电阻精度(%)"": ""±1%"", ""电阻阻值(Ω)"": ""68KOhms"", ""端子数:"": ""--"", ""系列:"": ""--"", ""额定功率(W)"": ""0.25 (1/4)W"", ""高度 - 安装(最大值):"": ""--""}"	电阻阻值(Ω):68KOhms;元器件封装:1206;电阻精度(%):±1%;额定功率(W):0.25 (1/4)W;工作温度最小值(℃):-55°C;工作温度最大值(℃):155°C;
1450036101375688706	WR02X1000FAL	华新科-Walsin	贴片电阻		
1479005088419696641	CR-L5W-0.2ΩJ	华星机电	插件电阻	"{""元器件封装"": ""Through Hole"", ""工作温度范围"": ""-55℃~+250℃"", ""最大工作电压"": ""750V"", ""温度系数(ppm/℃)"": ""-1500ppm/℃~+300ppm/℃"", ""电阻类型"": ""水泥电阻"", ""电阻精度(%)"": ""±5%"", ""电阻阻值(Ω)"": ""0.2Ω"", ""额定功率(W)"": ""5W""}"	电阻阻值(Ω):0.2Ω;元器件封装:Through Hole;电阻精度(%):±5%;额定功率(W):5W;温度系数(ppm/℃):-1500ppm/℃~+300ppm/℃;
1479005093209591810	CF1/6W-15KΩ±5%T52	华星机电	插件电阻	"{""元器件封装"": ""Through Hole"", ""工作温度范围"": ""-"", ""温度系数(ppm/℃)"": ""-1500ppm/℃~+300ppm/℃"", ""电阻类型"": ""碳膜电阻"", ""电阻精度(%)"": ""±5%"", ""电阻阻值(Ω)"": ""15kΩ"", ""额定功率(W)"": ""1/6W""}"	电阻阻值(Ω):15kΩ;元器件封装:Through Hole;电阻精度(%):±5%;额定功率(W):1/6W;温度系数(ppm/℃):-1500ppm/℃~+300ppm/℃;
1479005093234757633	CR-L5W-30ΩJ	华星机电	插件电阻		
1479005093247340545	KNP1/2W-10Ω±5%T	华星机电	插件电阻	"{""元器件封装"": ""Through Hole"", ""工作温度范围"": ""-55℃~+125℃"", ""最大工作电压"": ""300V"", ""温度系数(ppm/℃)"": ""±500ppm/℃"", ""电阻类型"": ""绕线电阻"", ""电阻精度(%)"": ""±5%"", ""电阻阻值(Ω)"": ""10Ω"", ""额定功率(W)"": ""500mW""}"	电阻阻值(Ω):10Ω;元器件封装:Through Hole;电阻精度(%):±5%;额定功率(W):500mW;温度系数(ppm/℃):±500ppm/℃;
1479005093377363970	CF3WS-39Ω±5%T	华星机电	插件电阻	"{""元器件封装"": ""Through Hole"", ""工作温度范围"": ""-"", ""温度系数(ppm/℃)"": ""-1500ppm/℃~+300ppm/℃"", ""电阻类型"": ""碳膜电阻"", ""电阻精度(%)"": ""±5%"", ""电阻阻值(Ω)"": ""39Ω"", ""额定功率(W)"": ""3W""}"	电阻阻值(Ω):39Ω;元器件封装:Through Hole;电阻精度(%):±5%;额定功率(W):3W;温度系数(ppm/℃):-1500ppm/℃~+300ppm/℃;
1450034647155965955	0603WAJ0333T5E	厚声-UNI-ROYAL	贴片电阻	"{""元器件封装"": ""0603"", ""大小/尺寸:"": ""--"", ""封装/尺寸"": ""0603"", ""工作温度最大值(℃)"": ""--"", ""工作温度最小值(℃)"": ""-"", ""成分:"": ""--"", ""故障率:"": ""--"", ""温度系数(ppm/℃)"": ""--"", ""特性:"": ""--"", ""电阻精度(%)"": ""±5%"", ""电阻阻值(Ω)"": ""33KΩ"", ""端子数:"": ""--"", ""系列:"": ""--"", ""额定功率(W)"": ""1/10W"", ""高度 - 安装(最大值):"": ""--""}"	电阻阻值(Ω):33KΩ;元器件封装:0603;电阻精度(%):±5%;额定功率(W):1/10W;
1450034647155965956	1206W4F174KT5E	厚声-UNI-ROYAL	贴片电阻	"{""元器件封装"": ""1206"", ""工作温度范围"": ""-55℃~+155℃"", ""最大工作电压"": ""200V"", ""温度系数(ppm/℃)"": ""±400ppm/℃"", ""电阻类型"": ""厚膜电阻"", ""电阻精度(%)"": ""±1%"", ""电阻阻值(Ω)"": ""1.74Ω"", ""额定功率(W)"": ""250mW""}"	电阻阻值(Ω):1.74Ω;元器件封装:1206;电阻精度(%):±1%;额定功率(W):250mW;温度系数(ppm/℃):±400ppm/℃;
1450034647155965960	0402WGJ0100TCE	厚声-UNI-ROYAL	贴片电阻	"{""元器件封装"": ""0402"", ""工作温度范围"": ""-55℃~+155℃"", ""最大工作电压"": ""50V"", ""温度系数(ppm/℃)"": ""±400ppm/℃"", ""电阻类型"": ""厚膜电阻"", ""电阻精度(%)"": ""±5%"", ""电阻阻值(Ω)"": ""10Ω"", ""额定功率(W)"": ""1/16W""}"	电阻阻值(Ω):10Ω;元器件封装:0402;电阻精度(%):±5%;额定功率(W):1/16W;温度系数(ppm/℃):±400ppm/℃;
1450034647353098241	0603WAJ0302T5E	厚声-UNI-ROYAL	贴片电阻	"{""元器件封装"": ""0603"", ""大小/尺寸:"": ""--"", ""封装/尺寸"": ""0603"", ""工作温度最大值(℃)"": ""--"", ""工作温度最小值(℃)"": ""-"", ""成分:"": ""--"", ""故障率:"": ""--"", ""温度系数(ppm/℃)"": ""--"", ""特性:"": ""--"", ""电阻精度(%)"": ""±5%"", ""电阻阻值(Ω)"": ""3KΩ"", ""端子数:"": ""--"", ""系列:"": ""--"", ""额定功率(W)"": ""1/10W"", ""高度 - 安装(最大值):"": ""--""}"	电阻阻值(Ω):3KΩ;元器件封装:0603;电阻精度(%):±5%;额定功率(W):1/10W;
1450034647353098242	0805W8J0823T5E	厚声-UNI-ROYAL	贴片电阻	"{""元器件封装"": ""0805"", ""工作温度范围"": ""-55℃~+155℃"", ""最大工作电压"": ""150V"", ""温度系数(ppm/℃)"": ""±100ppm/℃"", ""电阻类型"": ""厚膜电阻"", ""电阻精度(%)"": ""±5%"", ""电阻阻值(Ω)"": ""82kΩ"", ""额定功率(W)"": ""1/8W""}"	电阻阻值(Ω):82kΩ;元器件封装:0805;电阻精度(%):±5%;额定功率(W):1/8W;温度系数(ppm/℃):±100ppm/℃;
1450035934295588865	RM02JTN100	台湾大毅	贴片电阻	"{""元器件封装"": ""0201"", ""大小/尺寸:"": ""--"", ""封装/尺寸"": ""0201(0603)"", ""工作温度:"": ""--"", ""成分:"": ""--"", ""故障率:"": ""--"", ""温度系数(ppm/℃)"": ""--"", ""特性:"": ""--"", ""电阻精度(%)"": ""±5%"", ""电阻阻值(Ω)"": ""0Ω"", ""端子数:"": ""--"", ""系列:"": ""--"", ""额定功率(W)"": ""1/20W"", ""高度 - 安装(最大值):"": ""--""}"	电阻阻值(Ω):0Ω;元器件封装:0201;电阻精度(%):±5%;额定功率(W):1/20W;
1450035934362697730	RM04FTN1503	台湾大毅	贴片电阻		
1450035934492721153	RM04FTN1301	台湾大毅	贴片电阻	"{""元器件封装"": ""0402"", ""工作温度范围"": ""-55℃~+155℃"", ""最大工作电压"": ""50V"", ""温度系数(ppm/℃)"": ""±100ppm/℃"", ""电阻类型"": ""厚膜电阻"", ""电阻精度(%)"": ""±1%"", ""电阻阻值(Ω)"": ""1.3kΩ"", ""额定功率(W)"": ""1/16W""}"	电阻阻值(Ω):1.3kΩ;元器件封装:0402;电阻精度(%):±1%;额定功率(W):1/16W;温度系数(ppm/℃):±100ppm/℃;
1450035934555635714	RM04FTN3001	台湾大毅	贴片电阻	"{""元器件封装"": ""0402"", ""工作温度范围"": ""-55℃~+155℃"", ""最大工作电压"": ""50V"", ""温度系数(ppm/℃)"": ""±100ppm/℃"", ""电阻类型"": ""厚膜电阻"", ""电阻精度(%)"": ""±1%"", ""电阻阻值(Ω)"": ""3kΩ"", ""额定功率(W)"": ""1/16W""}"	电阻阻值(Ω):3kΩ;元器件封装:0402;电阻精度(%):±1%;额定功率(W):1/16W;温度系数(ppm/℃):±100ppm/℃;
1450035934555635717	RM04FTN33R0	台湾大毅	贴片电阻	"{""元器件封装"": ""0402"", ""温度系数(ppm/℃)"": ""±200ppm/℃"", ""电阻精度(%)"": ""±1%"", ""电阻阻值(Ω)"": ""33Ω"", ""额定功率(W)"": ""1/16W""}"	电阻阻值(Ω):33Ω;元器件封装:0402;电阻精度(%):±1%;额定功率(W):1/16W;温度系数(ppm/℃):±200ppm/℃;
1467754542017044482	SCRR2512S1-R010F	台达-DELTA	贴片电阻	"{""元器件封装"": ""2512"", ""制造商"": ""Delta Electronics/Cyntec"", ""功率(W)"": ""1W"", ""基本产品编号"": ""SCRR2512S1"", ""大小/尺寸"": ""0.248 长 x 0.126 宽(6.30mm x 3.20mm)"", ""封装/外壳"": ""2512(6432 公制)"", ""封装/尺寸"": ""2512"", ""工作温度最大值(℃)"": ""125°C"", ""工作温度最小值(℃)"": ""-55°C"", ""成分"": ""厚膜"", ""温度系数(ppm/℃)"": ""±100ppm/°C"", ""特性"": ""电流检测"", ""电阻精度(%)"": ""±1%"", ""电阻阻值(Ω)"": ""10 mOhms"", ""端子数"": ""2"", ""系列"": ""SCRR"", ""零件状态"": ""在售"", ""高度-安装(最大值)"": ""0.028(0.70mm)""}"	电阻阻值(Ω):10 mOhms;元器件封装:2512;电阻精度(%):±1%;温度系数(ppm/℃):±100ppm/°C;工作温度最小值(℃):-55°C;工作温度最大值(℃):125°C;
1467754542025433090	SCRR2010S1-R100F	台达-DELTA	贴片电阻	"{""元器件封装"": ""2010"", ""功率（W）"": ""1W"", ""大小/尺寸"": ""0.197\"" 长 x 0.098\"" 宽（5.00mm x 2.50mm）"", ""封装/外壳"": ""2010（5025 公制）"", ""封装/尺寸"": ""2010"", ""工作温度最大值(℃)"": ""155°C"", ""工作温度最小值(℃)"": ""-55°C"", ""成分"": ""厚膜"", ""温度系数(ppm/℃)"": ""0/ +200ppm/°C"", ""特性"": ""电流检测"", ""电阻精度(%)"": ""±1%"", ""电阻阻值(Ω)"": ""100 mOhms"", ""端子数"": ""2"", ""高度 - 安装（最大值）"": ""0.028\""（0.70mm）""}"	RES 0.1 OHM 1% 1W 2010
1467754542050598914	SCRR2512S1-R020F	台达-DELTA	贴片电阻	"{""元器件封装"": ""2512"", ""功率（W）"": ""1W"", ""大小/尺寸"": ""0.248\"" 长 x 0.126\"" 宽（6.30mm x 3.20mm）"", ""封装/外壳"": ""2512（6432 公制）"", ""封装/尺寸"": ""2512"", ""工作温度最大值(℃)"": ""125°C"", ""工作温度最小值(℃)"": ""-55°C"", ""成分"": ""厚膜"", ""温度系数(ppm/℃)"": ""±250ppm/°C"", ""特性"": ""电流检测"", ""电阻精度(%)"": ""±1%"", ""电阻阻值(Ω)"": ""20 mOhms"", ""端子数"": ""2"", ""高度 - 安装（最大值）"": ""0.028\""（0.70mm）""}"	RES 0.02 OHM 1% 1W 2512
1467754542058987522	SCRR2512S1-R100F	台达-DELTA	贴片电阻	"{""元器件封装"": ""2512"", ""功率（W）"": ""1W"", ""大小/尺寸"": ""0.248\"" 长 x 0.126\"" 宽（6.30mm x 3.20mm）"", ""封装/外壳"": ""2512（6432 公制）"", ""封装/尺寸"": ""2512"", ""工作温度最大值(℃)"": ""125°C"", ""工作温度最小值(℃)"": ""-55°C"", ""成分"": ""厚膜"", ""温度系数(ppm/℃)"": ""0/ +100ppm/°C"", ""特性"": ""电流检测"", ""电阻精度(%)"": ""±1%"", ""电阻阻值(Ω)"": ""100 mOhms"", ""端子数"": ""2"", ""高度 - 安装（最大值）"": ""0.028\""（0.70mm）""}"	RES 0.1 OHM 1% 1W 2512
1467754542142873602	SCMM2512S3-R001F	台达-DELTA	贴片电阻	"{""元器件封装"": ""2512"", ""功率（W）"": ""3W"", ""大小/尺寸"": ""0.250\"" 长 x 0.126\"" 宽（6.35mm x 3.20mm）"", ""封装/外壳"": ""2512（6432 公制）"", ""封装/尺寸"": ""2512"", ""工作温度最大值(℃)"": ""170°C"", ""工作温度最小值(℃)"": ""-65°C"", ""成分"": ""金属薄膜"", ""温度系数(ppm/℃)"": ""±50ppm/°C"", ""特性"": ""电流感应，脉冲耐受"", ""电阻精度(%)"": ""±1%"", ""电阻阻值(Ω)"": ""1 mOhms"", ""端子数"": ""2"", ""高度 - 安装（最大值）"": ""0.033\""（0.85mm）""}"	RES 0.001 OHM 1% 3W 2512
1450034645545353220	RT0603BRE07560RL	国巨-YAGEO	贴片电阻	"{""元器件封装"": ""0603"", ""大小/尺寸:"": ""0.063 L x 0.031 W (1.60mm x 0.80mm)"", ""封装/尺寸"": ""0603 (1608 Metric)"", ""工作温度最大值(℃)"": ""155°C"", ""工作温度最小值(℃)"": ""-55°C"", ""成分:"": ""Thin Film"", ""故障率:"": ""--"", ""温度系数(ppm/℃)"": ""±50ppm/°C"", ""特性:"": ""--"", ""电阻精度(%)"": ""±0.1%"", ""电阻阻值(Ω)"": ""560 Ohms"", ""端子数:"": ""2"", ""系列:"": ""RT"", ""额定功率(W)"": ""0.1W, 1/10W"", ""高度 - 安装(最大值):"": ""0.022 (0.55mm)""}"	电阻阻值(Ω):560 Ohms;元器件封装:0603;电阻精度(%):±0.1%;额定功率(W):0.1W, 1/10W;温度系数(ppm/℃):±50ppm/°C;工作温度最小值(℃):-55°C;工作温度最大值(℃):155°C;
1450034645612462090	RC0402FR-07261KL	国巨-YAGEO	贴片电阻	"{""元器件封装"": ""0402"", ""功率（W）"": ""0.063W，1/16W"", ""大小/尺寸"": ""0.039\"" 长 x 0.020\"" 宽（1.00mm x 0.50mm）"", ""封装/外壳"": ""0402（1005 公制）"", ""封装/尺寸"": ""402"", ""工作温度最大值(℃)"": ""155°C"", ""工作温度最小值(℃)"": ""-55°C"", ""成分"": ""厚膜"", ""故障率"": ""-"", ""温度系数(ppm/℃)"": ""±100ppm/°C"", ""特性"": ""防潮"", ""电阻精度(%)"": ""±1%"", ""电阻阻值(Ω)"": ""261 kOhms"", ""端子数"": ""2"", ""高度 - 安装（最大值）"": ""0.016\""（0.40mm）""}"	RES SMD 261K OHM 1% 1/16W 0402
1450034645675376646	PR2512FKF070R005L	国巨-YAGEO	贴片电阻	"{""元器件封装"": ""2512"", ""功率（W）"": ""1W"", ""大小/尺寸"": ""0.252\"" 长 x 0.126\"" 宽（6.40mm x 3.20mm）"", ""封装/外壳"": ""2512（6432 公制）"", ""封装/尺寸"": ""2512"", ""工作温度最大值(℃)"": ""170°C"", ""工作温度最小值(℃)"": ""-55°C"", ""成分"": ""金属元素"", ""故障率"": ""-"", ""温度系数(ppm/℃)"": ""±100ppm/°C"", ""特性"": ""电流检测"", ""电阻精度(%)"": ""±1%"", ""电阻阻值(Ω)"": ""5 mOhms"", ""端子数"": ""2"", ""高度 - 安装（最大值）"": ""0.035\""（0.89mm）""}"	RES 0.005 OHM 1% 1W 2512
1450034645675376647	RT0402DRE0775KL	国巨-YAGEO	贴片电阻	"{""元器件封装"": ""0402"", ""大小/尺寸:"": ""0.039 L x 0.020 W (1.00mm x 0.50mm)"", ""封装/尺寸"": ""0402 (1005 Metric)"", ""工作温度最大值(℃)"": ""155°C"", ""工作温度最小值(℃)"": ""-55°C"", ""成分:"": ""Thin Film"", ""故障率:"": ""--"", ""温度系数(ppm/℃)"": ""±50ppm/°C"", ""特性:"": ""--"", ""电阻精度(%)"": ""±0.5%"", ""电阻阻值(Ω)"": ""75 kOhms"", ""端子数:"": ""2"", ""系列:"": ""RT"", ""额定功率(W)"": ""0.063W, 1/16W"", ""高度 - 安装(最大值):"": ""0.014 (0.35mm)""}"	电阻阻值(Ω):75 kOhms;元器件封装:0402;电阻精度(%):±0.5%;额定功率(W):0.063W, 1/16W;温度系数(ppm/℃):±50ppm/°C;工作温度最小值(℃):-55°C;工作温度最大值(℃):155°C;
1450034645805400065	RT0603BRE07249RL	国巨-YAGEO	贴片电阻	"{""元器件封装"": ""0603"", ""大小/尺寸:"": ""0.063 L x 0.031 W (1.60mm x 0.80mm)"", ""封装/尺寸"": ""0603 (1608 Metric)"", ""工作温度最大值(℃)"": ""155°C"", ""工作温度最小值(℃)"": ""-55°C"", ""成分:"": ""Thin Film"", ""故障率:"": ""--"", ""温度系数(ppm/℃)"": ""±50ppm/°C"", ""特性:"": ""--"", ""电阻精度(%)"": ""±0.1%"", ""电阻阻值(Ω)"": ""249 Ohms"", ""端子数:"": ""2"", ""系列:"": ""RT"", ""额定功率(W)"": ""0.1W, 1/10W"", ""高度 - 安装(最大值):"": ""0.022 (0.55mm)""}"	电阻阻值(Ω):249 Ohms;元器件封装:0603;电阻精度(%):±0.1%;额定功率(W):0.1W, 1/10W;温度系数(ppm/℃):±50ppm/°C;工作温度最小值(℃):-55°C;工作温度最大值(℃):155°C;
1450043161534394370	TRL0201Y5DR092B05Z	天二科技-EVER OHMS	贴片电阻	"{""元器件封装"": ""0201"", ""大小/尺寸:"": ""--"", ""封装/尺寸"": ""0201"", ""工作温度:"": ""-55 to +155°C"", ""成分:"": ""--"", ""故障率:"": ""--"", ""温度系数(ppm/℃)"": ""--"", ""特性:"": ""--"", ""电阻精度(%)"": ""±0.5%"", ""电阻阻值(Ω)"": ""0.092Ω"", ""端子数:"": ""--"", ""系列:"": ""TRL"", ""额定功率(W)"": ""0.05W"", ""高度 - 安装(最大值):"": ""--""}"	电阻阻值(Ω):0.092Ω;元器件封装:0201;电阻精度(%):±0.5%;额定功率(W):0.05W;
1450043161601503234	CR-01FL0--237R	天二科技-EVER OHMS	贴片电阻		
1450043161601503237	MA251210GR479F	天二科技-EVER OHMS	贴片电阻		
1450043161664417793	CPF0201D22K1C1	天二科技-EVER OHMS	贴片电阻		
1450043161731526658	WCR0201-100RFI	天二科技-EVER OHMS	贴片电阻		
1450034656567984135	CRCW251244R2FKEG	威世-VISHAY	贴片电阻	"{""元器件封装"": ""2512"", ""大小/尺寸:"": ""0.248 L x 0.124 W (6.30mm x 3.15mm)"", ""封装/尺寸"": ""2512 (6432 Metric)"", ""工作温度最大值(℃)"": ""155°C"", ""工作温度最小值(℃)"": ""-55°C"", ""成分:"": ""Thick Film"", ""故障率:"": ""--"", ""温度系数(ppm/℃)"": ""±100ppm/°C"", ""特性:"": ""Automotive AEC-Q200"", ""电阻精度(%)"": ""±1%"", ""电阻阻值(Ω)"": ""44.2 Ohms"", ""端子数:"": ""2"", ""系列:"": ""CRCW"", ""额定功率(W)"": ""1W"", ""高度 - 安装(最大值):"": ""0.028 (0.70mm)""}"	电阻阻值(Ω):44.2 Ohms;元器件封装:2512;电阻精度(%):±1%;额定功率(W):1W;温度系数(ppm/℃):±100ppm/°C;工作温度最小值(℃):-55°C;工作温度最大值(℃):155°C;
1450036270523580420	CRCW08051M00FKEA	威世-VISHAY	贴片电阻	"{""元器件封装"": ""0805"", ""制造商"": ""Vishay Dale"", ""功率(W)"": ""0.125W,1/8W"", ""基本产品编号"": ""CRCW0805"", ""大小/尺寸"": ""0.079 长 x 0.049 宽(2.00mm x 1.25mm)"", ""大小/尺寸:"": ""0.079 L x 0.049 W (2.00mm x 1.25mm)"", ""封装/外壳"": ""0805(2012 公制)"", ""封装/尺寸"": ""0805 (2012 Metric)"", ""工作温度最大值(℃)"": ""155°C"", ""工作温度最小值(℃)"": ""-55°C"", ""成分"": ""厚膜"", ""成分:"": ""Thick Film"", ""故障率"": ""-"", ""故障率:"": ""--"", ""温度系数(ppm/℃)"": ""±100ppm/°C"", ""特性"": ""汽车级AEC-Q200"", ""电阻精度(%)"": ""±1%"", ""电阻阻值(Ω)"": ""1 MOhms"", ""端子数"": ""2"", ""等级"": ""AEC-Q200"", ""系列"": ""CRCW"", ""零件状态"": ""在售"", ""额定功率(W)"": ""0.125W, 1/8W"", ""高度 - 安装(最大值):"": ""0.020 (0.50mm)"", ""高度-安装(最大值)"": ""0.020(0.50mm)""}"	电阻阻值(Ω):1 MOhms;元器件封装:0805;电阻精度(%):±1%;额定功率(W):0.125W, 1/8W;温度系数(ppm/℃):±100ppm/°C;工作温度最小值(℃):-55°C;工作温度最大值(℃):155°C;
1450036275070205955	WSH2818R0250FEA	威世-VISHAY	贴片电阻	"{""元器件封装"": ""Nonstandard"", ""制造商"": ""Vishay Dale"", ""功率(W)"": ""5W"", ""大小/尺寸"": ""0.280 长 x 0.181 宽(7.10mm x 4.60mm)"", ""大小/尺寸:"": ""0.280 L x 0.181 W (7.10mm x 4.60mm)"", ""封装/外壳"": ""非标准"", ""封装/尺寸"": ""Nonstandard"", ""工作温度最大值(℃)"": ""170°C"", ""工作温度最小值(℃)"": ""-65°C"", ""成分"": ""金属元素"", ""成分:"": ""Metal Element"", ""故障率"": ""-"", ""故障率:"": ""--"", ""温度系数(ppm/℃)"": ""±75ppm/°C"", ""特性"": ""汽车级 AEC-Q200,电流检测,防潮,防脉冲"", ""电阻精度(%)"": ""±1%"", ""电阻阻值(Ω)"": ""25 mOhms"", ""端子数"": ""2"", ""等级"": ""AEC-Q200"", ""系列"": ""WSH2818"", ""零件状态"": ""停产"", ""额定功率(W)"": ""5W"", ""高度 - 安装(最大值):"": ""0.055 (1.39mm)"", ""高度-安装(最大值)"": ""0.055(1.39mm)""}"	电阻阻值(Ω):25 mOhms;元器件封装:Nonstandard;电阻精度(%):±1%;额定功率(W):5W;温度系数(ppm/℃):±75ppm/°C;工作温度最小值(℃):-65°C;工作温度最大值(℃):170°C;
1450036276378828802	LTO100F20R00FTE3	威世-VISHAY	插件电阻	"{""元器件封装"": ""TO-247"", ""制造商"": ""Vishay Sfernice"", ""大小/尺寸:"": ""--"", ""封装/尺寸"": ""TO-247"", ""成分:"": ""Thick Film"", ""故障率:"": ""--"", ""最大工作温度(℃)"": ""175°C"", ""最小工作温度(℃)"": ""-55°C"", ""温度系数(ppm/℃)"": ""--"", ""特性:"": ""--"", ""电阻精度(%)"": ""±1%"", ""电阻阻值(Ω)"": ""20Ohms"", ""端子数:"": ""--"", ""系列"": ""*"", ""零件状态"": ""在售"", ""额定功率(W)"": ""100W"", ""高度 - 安装(最大值):"": ""--""}"	电阻阻值(Ω):20Ohms;元器件封装:TO-247;电阻精度(%):±1%;额定功率(W):100W;最小工作温度(℃):-55°C;最大工作温度(℃):175°C;
1450036287405654023	CRCW0805100RFKEA	威世-VISHAY	贴片电阻	"{""元器件封装"": ""0805"", ""制造商"": ""Vishay Dale"", ""功率(W)"": ""0.125W,1/8W"", ""基本产品编号"": ""CRCW0805"", ""大小/尺寸"": ""0.079 长 x 0.049 宽(2.00mm x 1.25mm)"", ""大小/尺寸:"": ""0.079 L x 0.049 W (2.00mm x 1.25mm)"", ""封装/外壳"": ""0805(2012 公制)"", ""封装/尺寸"": ""0805 (2012 Metric)"", ""工作温度最大值(℃)"": ""155°C"", ""工作温度最小值(℃)"": ""-55°C"", ""成分"": ""厚膜"", ""成分:"": ""Thick Film"", ""故障率"": ""-"", ""故障率:"": ""--"", ""温度系数(ppm/℃)"": ""±100ppm/°C"", ""特性"": ""汽车级AEC-Q200"", ""电阻精度(%)"": ""±1%"", ""电阻阻值(Ω)"": ""100 Ohms"", ""端子数"": ""2"", ""等级"": ""AEC-Q200"", ""系列"": ""CRCW"", ""零件状态"": ""在售"", ""额定功率(W)"": ""0.125W, 1/8W"", ""高度 - 安装(最大值):"": ""0.020 (0.50mm)"", ""高度-安装(最大值)"": ""0.020(0.50mm)""}"	电阻阻值(Ω):100 Ohms;元器件封装:0805;电阻精度(%):±1%;额定功率(W):0.125W, 1/8W;温度系数(ppm/℃):±100ppm/°C;工作温度最小值(℃):-55°C;工作温度最大值(℃):155°C;
1465930630564204545	RL2004-582-97-D1	安费诺-Amphenol	NTC热敏电阻		
1465930630677450754	RL2003-62.4-73-D1	安费诺-Amphenol	NTC热敏电阻	"{""25°C时欧姆阻值"": ""100"", ""B0/50"": ""-"", ""B25/100"": ""-"", ""B25/75"": ""-"", ""B25/85"": ""3468K"", ""B值容差"": ""-"", ""B常数(K)"": ""-"", ""元器件封装"": ""圆片式,5.6mm 直径 x 3.0mm 宽"", ""封装/外壳"": ""圆片式,5.6mm 直径 x 3.0mm 宽"", ""最大工作温度(℃)"": ""150°C"", ""最小工作温度(℃)"": ""-50°C"", ""电阻容差(%)"": ""±10%"", ""长度-引线"": ""1.50(38.00mm)"", ""零件状态"": ""在售""}"	元器件封装:圆片式，5.6mm 直径 x 3.0mm 宽;电阻容差(%):±10%;最小工作温度(℃):-50°C;最大工作温度(℃):150°C;
1465930630715199489	RL1005-5744-103-D1	安费诺-Amphenol	NTC热敏电阻		
1465930630815862785	RL4004-175-97-D1	安费诺-Amphenol	NTC热敏电阻		
1465930631054938114	RL3004-6.56-59-D1	安费诺-Amphenol	NTC热敏电阻		
1495690187240411137	FRC0805F5100TS	富捷-FOJAN	贴片电阻	"{""元器件封装"": ""0805"", ""工作温度范围"": ""-55℃~+155℃"", ""最大工作电压"": ""150V"", ""温度系数(ppm/℃)"": ""±100ppm/℃"", ""电阻类型"": ""厚膜电阻"", ""电阻精度(%)"": ""±1%"", ""电阻阻值(Ω)"": ""510Ω"", ""额定功率(W)"": ""125mW""}"	电阻阻值(Ω):510Ω;元器件封装:0805;电阻精度(%):±1%;额定功率(W):125mW;温度系数(ppm/℃):±100ppm/℃;
1495690187294937090	FRC0603F43R0TS	富捷-FOJAN	贴片电阻		
1495690187366240258	FRC0603F24R0TS	富捷-FOJAN	贴片电阻		
1495690206211248129	FRC2512J473 TS	富捷-FOJAN	贴片电阻	"{""元器件封装"": ""2512"", ""工作温度范围"": ""-55℃~+155℃"", ""最大工作电压"": ""200V"", ""温度系数(ppm/℃)"": ""±100ppm/℃"", ""电阻类型"": ""厚膜电阻"", ""电阻精度(%)"": ""±5%"", ""电阻阻值(Ω)"": ""47kΩ"", ""额定功率(W)"": ""1W""}"	电阻阻值(Ω):47kΩ;元器件封装:2512;电阻精度(%):±5%;额定功率(W):1W;温度系数(ppm/℃):±100ppm/℃;
1495690206282551298	FRC0603J101 TS	富捷-FOJAN	贴片电阻		
1469172669187637251	MELF-MFR02041/4WS2.2KΩFT50	帝谷-Thunder Component	贴片电阻	"{""元器件封装"": ""MELF"", ""工作温度范围"": ""-"", ""温度系数(ppm/℃)"": ""-"", ""电阻精度(%)"": ""±1%"", ""电阻阻值(Ω)"": ""2.2kΩ"", ""额定功率(W)"": ""250mW""}"	电阻阻值(Ω):2.2kΩ;元器件封装:MELF;电阻精度(%):±1%;额定功率(W):250mW;
1469173076639105026	MELF-MFR02041/4WS2.49KΩFT50	帝谷-Thunder Component	贴片电阻	"{""元器件封装"": ""MELF"", ""工作温度范围"": ""-"", ""温度系数(ppm/℃)"": ""-"", ""电阻精度(%)"": ""±1%"", ""电阻阻值(Ω)"": ""2.49kΩ"", ""额定功率(W)"": ""250mW""}"	电阻阻值(Ω):2.49kΩ;元器件封装:MELF;电阻精度(%):±1%;额定功率(W):250mW;
1469173741889273858	MELF-MFR02041/4WS220ΩFT50	帝谷-Thunder Component	贴片电阻	"{""元器件封装"": ""MELF"", ""工作温度范围"": ""-"", ""温度系数(ppm/℃)"": ""-"", ""电阻精度(%)"": ""±1%"", ""电阻阻值(Ω)"": ""220Ω"", ""额定功率(W)"": ""250mW""}"	电阻阻值(Ω):220Ω;元器件封装:MELF;电阻精度(%):±1%;额定功率(W):250mW;
1469179838742151170	MELF-MFR02041/4WS15.4ΩFT50	帝谷-Thunder Component	贴片电阻	"{""元器件封装"": ""MELF"", ""工作温度范围"": ""-"", ""温度系数(ppm/℃)"": ""-"", ""电阻精度(%)"": ""±1%"", ""电阻阻值(Ω)"": ""15.4Ω"", ""额定功率(W)"": ""250mW""}"	电阻阻值(Ω):15.4Ω;元器件封装:MELF;电阻精度(%):±1%;额定功率(W):250mW;
1469180714303111169	MELF-MFR02041/4WS332KΩFT50	帝谷-Thunder Component	贴片电阻	"{""元器件封装"": ""MELF"", ""工作温度范围"": ""-"", ""温度系数(ppm/℃)"": ""-"", ""电阻精度(%)"": ""±1%"", ""电阻阻值(Ω)"": ""332kΩ"", ""额定功率(W)"": ""250mW""}"	电阻阻值(Ω):332kΩ;元器件封装:MELF;电阻精度(%):±1%;额定功率(W):250mW;
1468875501805543427	WMF21-10D9MPAP6BB20	幸亚电阻-Tyohm	NTC热敏电阻	"{""B值(0℃/50℃)"": ""-"", ""B值(25℃/100℃)"": ""-"", ""B值(25℃/75℃)"": ""-"", ""B值(25℃/85℃)"": ""-"", ""B常数(K)"": ""2800K"", ""B常数容差(%)"": ""-"", ""R25阻值(kΩ)"": ""10Ω"", ""元器件封装"": ""径向引线"", ""最大功率(mW)"": ""-"", ""最大工作温度(℃)"": ""+170℃"", ""最大稳态电流(25℃)"": ""2A"", ""最小工作温度(℃)"": ""-40℃"", ""电阻容差(%)"": ""±20%""}"	元器件封装:径向引线;B常数(K):2800K;R25阻值(kΩ):10Ω;电阻容差(%):±20%;最小工作温度(℃):-40℃;最大工作温度(℃):+170℃;
1468875618784681985	WMF21-5D10MSUP8CB3.5	幸亚电阻-Tyohm	NTC热敏电阻		
1468876800974430210	WMF21-8D7MGUP6BB3.3	幸亚电阻-Tyohm	NTC热敏电阻		
1468876903911038979	WMF21-10D7MPUP6BB4.5	幸亚电阻-Tyohm	NTC热敏电阻		
1468877059410665474	WMF21-10D7MPSP6BB4	幸亚电阻-Tyohm	NTC热敏电阻		
1453290602454917122	AECR0402F110RK9	开步睿思-RESI	贴片电阻	"{""元器件封装"": ""0402"", ""电阻精度(%)"": ""±1%"", ""电阻阻值(Ω)"": ""110Ω"", ""额定功率(W)"": ""0.063W""}"	电阻阻值(Ω):110Ω;元器件封装:0402;电阻精度(%):±1%;额定功率(W):0.063W;
1453290602522025985	AECR0402F100RK9	开步睿思-RESI	贴片电阻	"{""元器件封装"": ""0402"", ""工作温度范围"": ""-55℃~+125℃"", ""最大工作电压"": ""50V"", ""温度系数(ppm/℃)"": ""±100ppm/℃"", ""电阻类型"": ""厚膜电阻"", ""电阻精度(%)"": ""±1%"", ""电阻阻值(Ω)"": ""100Ω"", ""额定功率(W)"": ""63mW""}"	电阻阻值(Ω):100Ω;元器件封装:0402;电阻精度(%):±1%;额定功率(W):63mW;温度系数(ppm/℃):±100ppm/℃;
1453290602522025987	AECR0402F100KK9	开步睿思-RESI	贴片电阻	"{""元器件封装"": ""-"", ""封装/尺寸"": ""0402"", ""工作温度范围"": ""-55℃~+125℃"", ""最大工作电压"": ""50V"", ""温度系数(ppm/℃)"": ""±100ppm/℃"", ""电阻宽"": ""-"", ""电阻直径"": ""-"", ""电阻类型"": ""厚膜电阻"", ""电阻精度(%)"": ""±1%"", ""电阻长"": ""-"", ""电阻阻值(Ω)"": ""100kΩ"", ""电阻高"": ""-"", ""额定功率(W)"": ""63mW""}"	电阻阻值(Ω):100kΩ;电阻精度(%):±1%;额定功率(W):63mW;温度系数(ppm/℃):±100ppm/℃;
1453290602782072833	AECR0402F10K0K9	开步睿思-RESI	贴片电阻		
1453290602975010818	AECR0402F10R0K9	开步睿思-RESI	贴片电阻	"{""元器件封装"": ""0402"", ""工作温度范围"": ""-55℃~+125℃"", ""最大工作电压"": ""50V"", ""温度系数(ppm/℃)"": ""±100ppm/℃"", ""电阻类型"": ""厚膜电阻"", ""电阻精度(%)"": ""±1%"", ""电阻阻值(Ω)"": ""10Ω"", ""额定功率(W)"": ""63mW""}"	电阻阻值(Ω):10Ω;元器件封装:0402;电阻精度(%):±1%;额定功率(W):63mW;温度系数(ppm/℃):±100ppm/℃;
1465651640905555970	SM-42TA202	日本电产-NIDEC	可调电阻	"{""元器件封装"": ""-"", ""制造商"": ""Nidec Copal Electronics"", ""功率(W)"": ""0.25W,1/4W"", ""匝数"": ""11"", ""大小/尺寸"": ""方形 - 0.189 长 x 0.181 宽 x 0.146 高(4.80mm x 4.60mm x 3.70mm)"", ""总电阻值(kΩ)"": ""2 kOhms"", ""总电阻值公差(%)"": ""±10%"", ""温度系数(ppm/℃)"": ""±100ppm/°C"", ""电阻材料"": ""金属陶瓷"", ""端接样式"": ""J 引线"", ""系列"": ""SM42"", ""调节类型"": ""侧面调节"", ""零件状态"": ""在售""}"	总电阻值(kΩ):2 kOhms;温度系数(ppm/℃):±100ppm/°C;总电阻值公差(%):±10%;
1465651685084160001	ST2TA101	日本电产-NIDEC	可调电阻	"{""元器件封装"": ""-"", ""制造商"": ""Nidec Copal Electronics"", ""功率(W)"": ""0.1W,1/10W"", ""匝数"": ""1"", ""大小/尺寸"": ""方形 - 0.110 x 0.094 表面 x 0.067 高(2.80mm x 2.40mm x 1.70mm)"", ""总电阻值(kΩ)"": ""100 Ohms"", ""总电阻值公差(%)"": ""±20%"", ""温度系数(ppm/℃)"": ""±150ppm/°C"", ""电阻材料"": ""金属陶瓷"", ""端接样式"": ""J 引线"", ""系列"": ""ST2"", ""调节类型"": ""顶部调节"", ""零件状态"": ""在售""}"	总电阻值(kΩ):100 Ohms;温度系数(ppm/℃):±150ppm/°C;总电阻值公差(%):±20%;
1465651685130297345	ST2TA102	日本电产-NIDEC	可调电阻		
1465651685608448001	ST2TA104	日本电产-NIDEC	可调电阻	"{""元器件封装"": ""-"", ""制造商"": ""Nidec Copal Electronics"", ""功率(W)"": ""0.1W,1/10W"", ""匝数"": ""1"", ""大小/尺寸"": ""方形 - 0.110 x 0.094 表面 x 0.067 高(2.80mm x 2.40mm x 1.70mm)"", ""总电阻值(kΩ)"": ""100 kOhms"", ""总电阻值公差(%)"": ""±20%"", ""温度系数(ppm/℃)"": ""±150ppm/°C"", ""电阻材料"": ""金属陶瓷"", ""端接样式"": ""J 引线"", ""系列"": ""ST2"", ""调节类型"": ""顶部调节"", ""零件状态"": ""在售""}"	总电阻值(kΩ):100 kOhms;温度系数(ppm/℃):±150ppm/°C;总电阻值公差(%):±20%;
1465651686162096130	ST2TA103	日本电产-NIDEC	可调电阻	"{""元器件封装"": ""-"", ""制造商"": ""Nidec Copal Electronics"", ""功率(W)"": ""0.1W,1/10W"", ""匝数"": ""1"", ""大小/尺寸"": ""方形 - 0.110 x 0.094 表面 x 0.067 高(2.80mm x 2.40mm x 1.70mm)"", ""总电阻值(kΩ)"": ""10 kOhms"", ""总电阻值公差(%)"": ""±20%"", ""温度系数(ppm/℃)"": ""±150ppm/°C"", ""电阻材料"": ""金属陶瓷"", ""端接样式"": ""J 引线"", ""系列"": ""ST2"", ""调节类型"": ""顶部调节"", ""零件状态"": ""在售""}"	总电阻值(kΩ):10 kOhms;温度系数(ppm/℃):±150ppm/°C;总电阻值公差(%):±20%;
1450374683005038594	RTT06R030FTP	旺诠-RALEC	贴片电阻	"{""元器件封装"": ""-"", ""封装/尺寸"": ""1206"", ""温度系数(ppm/℃)"": ""-"", ""电阻精度(%)"": ""±1%"", ""电阻阻值(Ω)"": ""0.03Ω"", ""额定功率(W)"": ""250mW""}"	电阻阻值(Ω):0.03Ω;电阻精度(%):±1%;额定功率(W):250mW;
1450374683072147457	RTT05R033FTP	旺诠-RALEC	贴片电阻		
1450374721307422722	RTT011003FTH	旺诠-RALEC	贴片电阻		
1450374721370337282	RTT02122JTH	旺诠-RALEC	贴片电阻	"{""元器件封装"": ""-"", ""封装/尺寸"": ""0402"", ""温度系数(ppm/℃)"": ""±100ppm/℃"", ""电阻精度(%)"": ""±5%"", ""电阻阻值(Ω)"": ""1.2kΩ"", ""额定功率(W)"": ""1/16W""}"	电阻阻值(Ω):1.2kΩ;电阻精度(%):±5%;额定功率(W):1/16W;温度系数(ppm/℃):±100ppm/℃;
1450374721500360706	RTT025762FTH	旺诠-RALEC	贴片电阻	"{""元器件封装"": ""-"", ""封装/尺寸"": ""0402"", ""工作温度范围"": ""-55℃~+155℃"", ""最大工作电压"": ""50V"", ""温度系数(ppm/℃)"": ""±100ppm/℃"", ""电阻类型"": ""厚膜电阻"", ""电阻精度(%)"": ""±1%"", ""电阻阻值(Ω)"": ""57.6kΩ"", ""额定功率(W)"": ""1/16W""}"	电阻阻值(Ω):57.6kΩ;电阻精度(%):±1%;额定功率(W):1/16W;温度系数(ppm/℃):±100ppm/℃;
1450036463688056833	NCP15XH103F0SRC	村田-muRata	NTC热敏电阻	"{""B0/50:"": ""--"", ""B25/100:"": ""3455K"", ""B25/75:"": ""--"", ""B25/85:"": ""3434K"", ""B常数(K)"": ""3380K"", ""B常数容差(%)"": ""±1%"", ""R25阻值(kΩ)"": ""10k"", ""元器件封装"": ""0402"", ""封装/尺寸"": ""0402 (1005 Metric)"", ""最大功率(mW)"": ""100mW"", ""最大工作温度(℃)"": ""125°C"", ""最小工作温度(℃)"": ""-40°C"", ""电阻容差(%)"": ""±1%"", ""系列:"": ""NCP15"", ""长度 - 引线:"": ""--""}"	元器件封装:0402;B常数(K):3380K;R25阻值(kΩ):10k;最大功率(mW):100mW;电阻容差(%):±1%;最小工作温度(℃):-40°C;最大工作温度(℃):125°C;B常数容差(%):±1%;
1450036491638898689	NCP18XH103F03RB	村田-muRata	NTC热敏电阻	"{""B0/50:"": ""--"", ""B25/100:"": ""3455K"", ""B25/75:"": ""--"", ""B25/85:"": ""3434K"", ""B常数(K)"": ""3380K"", ""B常数容差(%)"": ""±1%"", ""R25阻值(kΩ)"": ""10k"", ""元器件封装"": ""0603"", ""封装/尺寸"": ""0603 (1608 Metric)"", ""最大功率(mW)"": ""100mW"", ""最大工作温度(℃)"": ""125°C"", ""最小工作温度(℃)"": ""-40°C"", ""电阻容差(%)"": ""±1%"", ""系列:"": ""NCP18"", ""长度 - 引线:"": ""--""}"	元器件封装:0603;B常数(K):3380K;R25阻值(kΩ):10k;最大功率(mW):100mW;电阻容差(%):±1%;最小工作温度(℃):-40°C;最大工作温度(℃):125°C;B常数容差(%):±1%;
1450036493069156353	NCU18XH103F6SRB	村田-muRata	NTC热敏电阻	"{""B0/50:"": ""--"", ""B25/100:"": ""3455K"", ""B25/75:"": ""--"", ""B25/85:"": ""3434K"", ""B常数(K)"": ""3380K"", ""B常数容差(%)"": ""±1%"", ""R25阻值(kΩ)"": ""10k"", ""元器件封装"": ""0603"", ""封装/尺寸"": ""0603 (1608 Metric)"", ""最大功率(mW)"": ""100mW"", ""最大工作温度(℃)"": ""125°C"", ""最小工作温度(℃)"": ""-40°C"", ""电阻容差(%)"": ""±1%"", ""系列:"": ""NCU"", ""长度 - 引线:"": ""--""}"	元器件封装:0603;B常数(K):3380K;R25阻值(kΩ):10k;最大功率(mW):100mW;电阻容差(%):±1%;最小工作温度(℃):-40°C;最大工作温度(℃):125°C;B常数容差(%):±1%;
1450036493069156357	NCP21XV103J03RA	村田-muRata	NTC热敏电阻	"{""B0/50"": ""-"", ""B25/100"": ""3944K"", ""B25/75"": ""-"", ""B25/85"": ""3934K"", ""B常数(K)"": ""3900K"", ""B常数容差(%)"": ""±3%"", ""R25阻值(kΩ)"": ""10k"", ""元器件封装"": ""0805"", ""安装类型"": ""表面贴装型"", ""封装/外壳"": ""0805（2012 公制）"", ""最大功率(mW)"": ""200mW"", ""最大工作温度(℃)"": ""125°C"", ""最小工作温度(℃)"": ""-40°C"", ""电阻容差(%)"": ""±5%"", ""长度 - 引线"": ""-""}"	THERMISTOR NTC 10KOHM 3900K 0805
1450036580063215618	NCP15WF104F03RC	村田-muRata	NTC热敏电阻	"{""B0/50:"": ""--"", ""B25/100:"": ""4334K"", ""B25/75:"": ""--"", ""B25/85:"": ""4311K"", ""B常数(K)"": ""4250K"", ""B常数容差(%)"": ""±1%"", ""R25阻值(kΩ)"": ""100k"", ""元器件封装"": ""0402"", ""封装/尺寸"": ""0402 (1005 Metric)"", ""最大功率(mW)"": ""100mW"", ""最大工作温度(℃)"": ""125°C"", ""最小工作温度(℃)"": ""-40°C"", ""电阻容差(%)"": ""±1%"", ""系列:"": ""NCP15"", ""长度 - 引线:"": ""--""}"	元器件封装:0402;B常数(K):4250K;R25阻值(kΩ):100k;最大功率(mW):100mW;电阻容差(%):±1%;最小工作温度(℃):-40°C;最大工作温度(℃):125°C;B常数容差(%):±1%;
1450034656899334156	ERJ-PA3J2R2V	松下-PANASONIC	贴片电阻	"{""元器件封装"": ""0603"", ""大小/尺寸:"": ""0.063 L x 0.031 W (1.60mm x 0.80mm)"", ""封装/尺寸"": ""0603 (1608 Metric)"", ""工作温度最大值(℃)"": ""155°C"", ""工作温度最小值(℃)"": ""-55°C"", ""成分:"": ""Thick Film"", ""故障率:"": ""--"", ""温度系数(ppm/℃)"": ""±200ppm/°C"", ""特性:"": ""Automotive AEC-Q200, Pulse Withstanding"", ""电阻精度(%)"": ""±5%"", ""电阻阻值(Ω)"": ""2.2 Ohms"", ""端子数:"": ""2"", ""系列:"": ""ERJ"", ""额定功率(W)"": ""0.25W, 1/4W"", ""高度 - 安装(最大值):"": ""0.022 (0.55mm)""}"	电阻阻值(Ω):2.2 Ohms;元器件封装:0603;电阻精度(%):±5%;额定功率(W):0.25W, 1/4W;温度系数(ppm/℃):±200ppm/°C;工作温度最小值(℃):-55°C;工作温度最大值(℃):155°C;
1450034657029357570	ERJ-3EKF1002V	松下-PANASONIC	贴片电阻	"{""元器件封装"": ""0603"", ""大小/尺寸:"": ""0.063 L x 0.031 W (1.60mm x 0.80mm)"", ""封装/尺寸"": ""0603 (1608 Metric)"", ""工作温度最大值(℃)"": ""155°C"", ""工作温度最小值(℃)"": ""-55°C"", ""成分:"": ""Thick Film"", ""故障率:"": ""--"", ""温度系数(ppm/℃)"": ""±100ppm/°C"", ""特性:"": ""Automotive AEC-Q200"", ""电阻精度(%)"": ""±1%"", ""电阻阻值(Ω)"": ""10 kOhms"", ""端子数:"": ""2"", ""系列:"": ""ERJ"", ""额定功率(W)"": ""0.1W, 1/10W"", ""高度 - 安装(最大值):"": ""0.022 (0.55mm)""}"	电阻阻值(Ω):10 kOhms;元器件封装:0603;电阻精度(%):±1%;额定功率(W):0.1W, 1/10W;温度系数(ppm/℃):±100ppm/°C;工作温度最小值(℃):-55°C;工作温度最大值(℃):155°C;
1450034657029357574	ERJ-3EKF2700V	松下-PANASONIC	贴片电阻	"{""元器件封装"": ""0603"", ""功率（W）"": ""0.1W，1/10W"", ""大小/尺寸"": ""0.063\"" 长 x 0.031\"" 宽（1.60mm x 0.80mm）"", ""封装/外壳"": ""0603（1608 公制）"", ""封装/尺寸"": ""0603"", ""工作温度最大值(℃)"": ""155°C"", ""工作温度最小值(℃)"": ""-55°C"", ""成分"": ""厚膜"", ""故障率"": ""-"", ""温度系数(ppm/℃)"": ""±100ppm/°C"", ""特性"": ""汽车级AEC-Q200"", ""电阻精度(%)"": ""±1%"", ""电阻阻值(Ω)"": ""270 Ohms"", ""端子数"": ""2"", ""等级"": ""AEC-Q200"", ""高度 - 安装（最大值）"": ""0.022\""（0.55mm）""}"	RES SMD 270 OHM 1% 1/10W 0603
1450035882659512322	ERJP06F2201V	松下-PANASONIC	贴片电阻	"{""元器件封装"": ""-"", ""封装/尺寸"": ""--"", ""工作温度最大值(℃)"": ""155°C"", ""工作温度最小值(℃)"": ""-55°C"", ""电阻精度(%)"": ""1 %"", ""电阻阻值(Ω)"": ""2.2 kOhm"", ""额定功率:"": ""0.25 W""}"	电阻阻值(Ω):2.2 kOhm;电阻精度(%):1 %;工作温度最小值(℃):-55°C;工作温度最大值(℃):155°C;
1450035882659512325	ERJ1GN0R00C	松下-PANASONIC	贴片电阻	"{""元器件封装"": ""-"", ""封装/尺寸"": ""--"", ""工作温度最大值(℃)"": ""125°C"", ""工作温度最小值(℃)"": ""-55°C"", ""温度系数(ppm/℃)"": ""-"", ""电阻精度(%)"": ""--"", ""电阻阻值(Ω)"": ""0 Ohm"", ""额定功率(W)"": ""0.05W"", ""额定功率:"": ""--""}"	电阻阻值(Ω):0 Ohm;额定功率(W):0.05W;工作温度最小值(℃):-55°C;工作温度最大值(℃):125°C;
1453300109222420481	HoT(0.45*1.5)-8.2-0R-I	毫欧-Milliohm	贴片电阻	"{""元器件封装"": ""-"", ""封装/尺寸"": ""-"", ""温度系数(ppm/℃)"": ""-"", ""电阻精度(%)"": ""-"", ""电阻阻值(Ω)"": ""0Ω"", ""额定功率(W)"": ""-""}"	电阻阻值(Ω):0Ω;
1469172110028193794	HoLTT0603-1/10W-10K-1%	毫欧-Milliohm	贴片电阻	"{""元器件封装"": ""0603"", ""工作温度范围"": ""-55℃~+155℃"", ""最大工作电压"": ""75V"", ""温度系数(ppm/℃)"": ""±100ppm/℃"", ""电阻类型"": ""厚膜电阻"", ""电阻精度(%)"": ""±1%"", ""电阻阻值(Ω)"": ""10kΩ"", ""额定功率(W)"": ""100mW""}"	电阻阻值(Ω):10kΩ;元器件封装:0603;电阻精度(%):±1%;额定功率(W):100mW;温度系数(ppm/℃):±100ppm/℃;
1469172357118836737	HoCR0805-1/3W-100R-1%	毫欧-Milliohm	贴片电阻	"{""元器件封装"": ""0805"", ""工作温度范围"": ""-55℃~+155℃"", ""最大工作电压"": ""150V"", ""温度系数(ppm/℃)"": ""±100ppm/℃"", ""电阻类型"": ""陶瓷电阻"", ""电阻精度(%)"": ""±1%"", ""电阻阻值(Ω)"": ""100Ω"", ""额定功率(W)"": ""1/3W""}"	电阻阻值(Ω):100Ω;元器件封装:0805;电阻精度(%):±1%;额定功率(W):1/3W;温度系数(ppm/℃):±100ppm/℃;
1469172665093996545	HoLTT2512-1W-33K-1%	毫欧-Milliohm	贴片电阻	"{""元器件封装"": ""2512"", ""工作温度范围"": ""-55℃~+155℃"", ""最大工作电压"": ""200V"", ""温度系数(ppm/℃)"": ""±100ppm/℃"", ""电阻类型"": ""厚膜电阻"", ""电阻精度(%)"": ""±1%"", ""电阻阻值(Ω)"": ""33kΩ"", ""额定功率(W)"": ""1W""}"	电阻阻值(Ω):33kΩ;元器件封装:2512;电阻精度(%):±1%;额定功率(W):1W;温度系数(ppm/℃):±100ppm/℃;
1469172678733873153	HoJLR2512-3W-330mR-1%	毫欧-Milliohm	贴片电阻	"{""元器件封装"": ""2512"", ""工作温度范围"": ""-50℃~+170℃"", ""温度系数(ppm/℃)"": ""±50ppm/℃"", ""电阻精度(%)"": ""±1%"", ""电阻阻值(Ω)"": ""330mΩ"", ""额定功率(W)"": ""3W""}"	电阻阻值(Ω):330mΩ;元器件封装:2512;电阻精度(%):±1%;额定功率(W):3W;温度系数(ppm/℃):±50ppm/℃;
1450034893491634177	WR04X1961FTL	泰科-TE Connectivity	贴片电阻	"{""元器件封装"": ""0402"", ""大小/尺寸:"": ""--"", ""封装/尺寸"": ""0402"", ""工作温度最大值(℃)"": ""155°C"", ""工作温度最小值(℃)"": ""-55°C"", ""成分:"": ""Thin Film"", ""故障率:"": ""--"", ""温度系数(ppm/℃)"": ""--"", ""特性:"": ""--"", ""电阻精度(%)"": ""±1%"", ""电阻阻值(Ω)"": ""1.72KOhms"", ""端子数:"": ""--"", ""系列:"": ""--"", ""额定功率(W)"": ""0.063 (1/16)W"", ""高度 - 安装(最大值):"": ""--""}"	电阻阻值(Ω):1.72KOhms;元器件封装:0402;电阻精度(%):±1%;额定功率(W):0.063 (1/16)W;工作温度最小值(℃):-55°C;工作温度最大值(℃):155°C;
1450036053489319938	GA10K3MCD1	泰科-TE Connectivity	NTC热敏电阻	"{""B0/50:"": ""--"", ""B25/100:"": ""--"", ""B25/75:"": ""--"", ""B25/85:"": ""3976K"", ""B常数(K)"": ""--"", ""B常数容差(%)"": ""±0.5%"", ""R25阻值(kΩ)"": ""10k"", ""元器件封装"": ""Bead"", ""封装/尺寸"": ""Bead"", ""最大功率(mW)"": ""--"", ""最大工作温度(℃)"": ""125°C"", ""最小工作温度(℃)"": ""-40°C"", ""电阻容差(%)"": ""±0.2°C"", ""系列:"": ""--"", ""长度 - 引线:"": ""5.87 (149.00mm)""}"	元器件封装:Bead;R25阻值(kΩ):10k;电阻容差(%):±0.2°C;最小工作温度(℃):-40°C;最大工作温度(℃):125°C;B常数容差(%):±0.5%;
1450036225422229505	SMW310RJT	泰科-TE Connectivity	贴片电阻	"{""元器件封装"": ""4122"", ""功率(W)"": ""3W"", ""大小/尺寸"": ""0.413 长 x 0.217 宽(10.50mm x 5.50mm)"", ""大小/尺寸:"": ""0.413 L x 0.217 W (10.50mm x 5.50mm)"", ""封装/外壳"": ""4122(10555 公制),J 形引线"", ""封装/尺寸"": ""4122 (10555 Metric), J-Lead"", ""工作温度最大值(℃)"": ""280°C"", ""工作温度最小值(℃)"": ""-80°C"", ""成分"": ""绕线"", ""成分:"": ""Wirewound"", ""故障率"": ""-"", ""故障率:"": ""--"", ""温度系数(ppm/℃)"": ""±200ppm/°C"", ""特性"": ""阻燃涂层,安全"", ""电阻精度(%)"": ""±5%"", ""电阻阻值(Ω)"": ""10 Ohms"", ""端子数"": ""2"", ""系列:"": ""SMW, CGS"", ""零件状态"": ""在售"", ""额定功率(W)"": ""3W"", ""高度 - 安装(最大值):"": ""0.209 (5.30mm)"", ""高度-安装(最大值)"": ""0.209(5.30mm)""}"	电阻阻值(Ω):10 Ohms;元器件封装:4122;电阻精度(%):±5%;额定功率(W):3W;温度系数(ppm/℃):±200ppm/°C;工作温度最小值(℃):-80°C;工作温度最大值(℃):280°C;
1450036229641699336	7-1879215-9	泰科-TE Connectivity	贴片电阻	"{""元器件封装"": ""0402"", ""大小/尺寸:"": ""--"", ""封装/尺寸"": ""0402"", ""工作温度最大值(℃)"": ""155°C"", ""工作温度最小值(℃)"": ""-55°C"", ""成分:"": ""Thin Film"", ""故障率:"": ""--"", ""温度系数(ppm/℃)"": ""--"", ""特性:"": ""--"", ""电阻精度(%)"": ""±0.1%"", ""电阻阻值(Ω)"": ""30.1KOhms"", ""端子数:"": ""--"", ""系列:"": ""--"", ""额定功率(W)"": ""0.063 (1/16)W"", ""高度 - 安装(最大值):"": ""--""}"	电阻阻值(Ω):30.1KOhms;元器件封装:0402;电阻精度(%):±0.1%;额定功率(W):0.063 (1/16)W;工作温度最小值(℃):-55°C;工作温度最大值(℃):155°C;
1450036238042890243	SBCHE4150RJ	泰科-TE Connectivity	插件电阻	"{""元器件封装"": ""Axial"", ""大小/尺寸:"": ""0.315 x 0.276 Rectangular x 0.787 L (8.00mm x 7.00mm x 20.00mm)"", ""封装/尺寸"": ""Axial"", ""成分:"": ""Wirewound"", ""故障率:"": ""--"", ""最大工作温度(℃)"": ""350°C"", ""最小工作温度(℃)"": ""-55°C"", ""温度系数(ppm/℃)"": ""±200ppm/°C"", ""特性:"": ""Flame Proof, Safety"", ""电阻精度(%)"": ""±5%"", ""电阻阻值(Ω)"": ""150 Ohms"", ""端子数:"": ""2"", ""系列:"": ""SBC, CGS"", ""额定功率(W)"": ""4W"", ""高度 - 安装(最大值):"": ""--""}"	电阻阻值(Ω):150 Ohms;元器件封装:Axial;电阻精度(%):±5%;额定功率(W):4W;温度系数(ppm/℃):±200ppm/°C;最小工作温度(℃):-55°C;最大工作温度(℃):350°C;
1452929415598837761	B57254V5104F360	爱普科斯-EPCOS	NTC热敏电阻	"{""B0/50"": ""- "", ""B25/100"": ""4334K "", ""B25/75"": ""- "", ""B25/85"": ""4311K "", ""B常数(K)"": ""4250K "", ""B常数容差(%)"": ""±1% "", ""R25阻值(kΩ)"": ""100k "", ""元器件封装"": ""0402"", ""制造商"": ""EPCOS - TDK Electronics "", ""封装/外壳"": ""0402(1005 公制) "", ""最大功率(mW)"": ""150 mW "", ""最大工作温度(℃)"": ""150°C"", ""最小工作温度(℃)"": ""-40°C"", ""电阻容差(%)"": ""±1% "", ""系列"": ""Automotive, AEC-Q200, B572xxV5 "", ""长度 - 引线"": ""- "", ""零件状态"": ""在售 ""}"	元器件封装:0402;B常数(K):4250K ;R25阻值(kΩ):100k ;最大功率(mW):150 mW ;电阻容差(%):±1% ;最小工作温度(℃):-40°C;最大工作温度(℃):150°C;B常数容差(%):±1% ;
1452929415665946625	B57351V5103J060	爱普科斯-EPCOS	NTC热敏电阻	"{""B0/50"": ""-"", ""B25/100"": ""4000K"", ""B25/75"": ""-"", ""B25/85"": ""3980K"", ""B常数(K)"": ""3940K"", ""B常数容差(%)"": ""±3%"", ""R25阻值(kΩ)"": ""10k"", ""元器件封装"": ""0603"", ""制造商"": ""EPCOS - TDK Electronics"", ""包装"": ""卷带（TR） , 剪切带（CT） , Digi-Reel® 得捷定制卷带"", ""安装类型"": ""表面贴装型"", ""封装/外壳"": ""0603（1608 公制）"", ""最大功率(mW)"": ""180 mW"", ""最大工作温度(℃)"": ""150°C"", ""最小工作温度(℃)"": ""-40°C"", ""电阻容差(%)"": ""±5%"", ""类别 "": ""传感器，变送器 , 温度传感器 - NTC 热敏电阻器"", ""系列"": ""Automotive, AEC-Q200"", ""长度 - 引线"": ""-"", ""零件状态"": ""在售""}"	NTC热敏电阻器10k0603（1608公制）
1452929415665946626	B57250V2104F360	爱普科斯-EPCOS	NTC热敏电阻	"{""B0/50"": ""-"", ""B25/100"": ""4334K"", ""B25/75"": ""-"", ""B25/85"": ""4311K"", ""B常数(K)"": ""4250K"", ""B常数容差(%)"": ""±1%"", ""R25阻值(kΩ)"": ""100k"", ""元器件封装"": ""0402"", ""制造商"": ""EPCOS - TDK Electronics"", ""包装"": ""卷带（TR）"", ""安装类型"": ""表面贴装型"", ""封装/外壳"": ""0402（1005 公制）"", ""最大功率(mW)"": ""150 mW"", ""最大工作温度(℃)"": ""125°C"", ""最小工作温度(℃)"": ""-55°C"", ""电阻容差(%)"": ""±1%"", ""类别 "": ""传感器，变送器 , 温度传感器 - NTC 热敏电阻器"", ""系列"": ""-"", ""零件状态"": ""在售""}"	NTC热敏电阻器100k0402（1005公制）
1452929415665946630	B57250V2473F560	爱普科斯-EPCOS	NTC热敏电阻	"{""B0/50"": ""-"", ""B25/100"": ""4131K"", ""B25/75"": ""-"", ""B25/85"": ""4108K"", ""B常数(K)"": ""4050K"", ""B常数容差(%)"": ""±1%"", ""R25阻值(kΩ)"": ""47k"", ""元器件封装"": ""0402"", ""制造商"": ""EPCOS - TDK Electronics"", ""包装"": ""卷带（TR） , 剪切带（CT） , Digi-Reel® 得捷定制卷带"", ""安装类型"": ""表面贴装型"", ""封装/外壳"": ""0402（1005 公制）"", ""最大功率(mW)"": ""150 mW"", ""最大工作温度(℃)"": ""125°C"", ""最小工作温度(℃)"": ""-55°C"", ""电阻容差(%)"": ""±1%"", ""类别 "": ""传感器，变送器 , 温度传感器 - NTC 热敏电阻器"", ""系列"": ""-"", ""零件状态"": ""在售""}"	NTC热敏电阻器47k0402（1005公制）
1452929415867273218	B57354V5104H160	爱普科斯-EPCOS	NTC热敏电阻	"{""B0/50"": ""-"", ""B25/100"": ""4334K"", ""B25/75"": ""-"", ""B25/85"": ""4311K"", ""B常数(K)"": ""4250K"", ""B常数容差(%)"": ""±2%"", ""R25阻值(kΩ)"": ""100k"", ""元器件封装"": ""0603"", ""制造商"": ""EPCOS - TDK Electronics"", ""包装"": ""卷带（TR）"", ""安装类型"": ""表面贴装型"", ""封装/外壳"": ""0603（1608 公制）"", ""最大功率(mW)"": ""180 W"", ""最大工作温度(℃)"": ""150°C"", ""最小工作温度(℃)"": ""-40°C"", ""电阻容差(%)"": ""±3%"", ""类别 "": ""传感器，变送器 , 温度传感器 - NTC 热敏电阻器"", ""系列"": ""Automotive, AEC-Q200, B573xxV5"", ""长度 - 引线"": ""-"", ""零件状态"": ""在售""}"	NTC热敏电阻器100k0603（1608公制）
1450036485091590148	MCR03EZPFX4701	罗姆-ROHM	贴片电阻	"{""元器件封装"": ""0603"", ""大小/尺寸:"": ""0.063 L x 0.031 W (1.60mm x 0.80mm)"", ""封装/尺寸"": ""0603 (1608 Metric)"", ""工作温度最大值(℃)"": ""155°C"", ""工作温度最小值(℃)"": ""-55°C"", ""成分:"": ""Thick Film"", ""故障率:"": ""--"", ""温度系数(ppm/℃)"": ""±100ppm/°C"", ""特性:"": ""Automotive AEC-Q200"", ""电阻精度(%)"": ""±1%"", ""电阻阻值(Ω)"": ""4.7 kOhms"", ""端子数:"": ""2"", ""系列:"": ""MCR"", ""额定功率(W)"": ""0.1W, 1/10W"", ""高度 - 安装(最大值):"": ""0.022 (0.55mm)""}"	电阻阻值(Ω):4.7 kOhms;元器件封装:0603;电阻精度(%):±1%;额定功率(W):0.1W, 1/10W;温度系数(ppm/℃):±100ppm/°C;工作温度最小值(℃):-55°C;工作温度最大值(℃):155°C;
1450036485221613570	MCR03EZPFX10R0	罗姆-ROHM	贴片电阻	"{""元器件封装"": ""0603"", ""工作温度范围"": ""-55℃~+155℃"", ""最大工作电压"": ""50V"", ""温度系数(ppm/℃)"": ""±100ppm/℃"", ""电阻类型"": ""厚膜电阻"", ""电阻精度(%)"": ""±1%"", ""电阻阻值(Ω)"": ""10Ω"", ""额定功率(W)"": ""100mW""}"	电阻阻值(Ω):10Ω;元器件封装:0603;电阻精度(%):±1%;额定功率(W):100mW;温度系数(ppm/℃):±100ppm/℃;
1450036485288722434	MCR03EZPFX1000	罗姆-ROHM	贴片电阻	"{""元器件封装"": ""0603"", ""温度系数(ppm/℃)"": ""±100ppm/℃"", ""电阻精度(%)"": ""±1%"", ""电阻阻值(Ω)"": ""100Ω"", ""额定功率(W)"": ""0.1W""}"	电阻阻值(Ω):100Ω;元器件封装:0603;电阻精度(%):±1%;额定功率(W):0.1W;温度系数(ppm/℃):±100ppm/℃;
1450036485351636994	MCR01MZPJ000	罗姆-ROHM	贴片电阻	"{""元器件封装"": ""0402"", ""工作温度范围"": ""-55℃~+155℃"", ""最大工作电压"": ""50V"", ""温度系数(ppm/℃)"": ""-"", ""电阻精度(%)"": ""±5%"", ""电阻阻值(Ω)"": ""0Ω"", ""额定功率(W)"": ""63mW""}"	电阻阻值(Ω):0Ω;元器件封装:0402;电阻精度(%):±5%;额定功率(W):63mW;
1450036485477466114	MCR03EZPFX1003	罗姆-ROHM	贴片电阻	"{""元器件封装"": ""0603"", ""功率（W）"": ""0.1W，1/10W"", ""大小/尺寸"": ""0.063\"" 长 x 0.031\"" 宽（1.60mm x 0.80mm）"", ""封装/外壳"": ""0603（1608 公制）"", ""封装/尺寸"": ""0603"", ""工作温度最大值(℃)"": ""155°C"", ""工作温度最小值(℃)"": ""-55°C"", ""成分"": ""厚膜"", ""故障率"": ""-"", ""温度系数(ppm/℃)"": ""±100ppm/°C"", ""特性"": ""汽车级AEC-Q200"", ""电阻精度(%)"": ""±1%"", ""电阻阻值(Ω)"": ""100 kOhms"", ""端子数"": ""2"", ""等级"": ""AEC-Q200"", ""高度 - 安装（最大值）"": ""0.022\""（0.55mm）""}"	RES SMD 100K OHM 1% 1/10W 0603
1464559823061585921	PS222J2	美国力特-Littelfuse	NTC热敏电阻	"{""B0/50"": ""3890K"", ""B25/100"": ""-"", ""B25/75"": ""-"", ""B25/85"": ""-"", ""B常数(K)"": ""-"", ""B常数容差(%)"": ""-"", ""R25阻值(kΩ)"": ""2.252k"", ""元器件封装"": ""圆珠，环氧树脂"", ""安装类型"": ""自由悬挂"", ""封装/外壳"": ""圆珠，环氧树脂"", ""最大功率(mW)"": ""30mW"", ""最大工作温度(℃)"": ""150°C"", ""最小工作温度(℃)"": ""-80°C"", ""电阻容差(%)"": ""±0.1°C"", ""长度 - 引线"": ""1.50\""（38.00mm）""}"	THERM NTC 2.252KOHM 3890K BEAD
1464559823116111873	PS302J2	美国力特-Littelfuse	NTC热敏电阻	"{""B0/50"": ""3892K"", ""B25/100"": ""-"", ""B25/75"": ""-"", ""B25/85"": ""-"", ""B常数(K)"": ""-"", ""B常数容差(%)"": ""-"", ""R25阻值(kΩ)"": ""3k"", ""元器件封装"": ""圆珠，环氧树脂"", ""安装类型"": ""自由悬挂"", ""封装/外壳"": ""圆珠，环氧树脂"", ""最大功率(mW)"": ""30mW"", ""最大工作温度(℃)"": ""150°C"", ""最小工作温度(℃)"": ""-80°C"", ""电阻容差(%)"": ""±0.1°C"", ""长度 - 引线"": ""1.50\""（38.00mm）""}"	THERMISTOR NTC 3KOHM 3892K BEAD
1464559823766228993	PS502J2	美国力特-Littelfuse	NTC热敏电阻	"{""B0/50"": ""3892K"", ""B25/100"": ""-"", ""B25/75"": ""-"", ""B25/85"": ""-"", ""B常数(K)"": ""-"", ""B常数容差(%)"": ""-"", ""R25阻值(kΩ)"": ""5k"", ""元器件封装"": ""圆珠，环氧树脂"", ""安装类型"": ""自由悬挂"", ""封装/外壳"": ""圆珠，环氧树脂"", ""最大功率(mW)"": ""30mW"", ""最大工作温度(℃)"": ""150°C"", ""最小工作温度(℃)"": ""-80°C"", ""电阻容差(%)"": ""±0.1°C"", ""长度 - 引线"": ""1.50\""（38.00mm）""}"	THERMISTOR NTC 5KOHM 3892K BEAD
1464559824554758145	PS503J2	美国力特-Littelfuse	NTC热敏电阻	"{""25°C时欧姆阻值"": ""50k"", ""B0/50"": ""3892K"", ""B25/100"": ""-"", ""B25/75"": ""-"", ""B25/85"": ""-"", ""B值容差"": ""-"", ""B常数(K)"": ""-"", ""元器件封装"": ""圆珠,环氧树脂"", ""制造商"": ""Littelfuse Inc."", ""功率-最大值"": ""30 mW"", ""封装/外壳"": ""圆珠,环氧树脂"", ""最大工作温度(℃)"": ""150°C"", ""最小工作温度(℃)"": ""-80°C"", ""电阻容差(%)"": ""±0.1°C"", ""系列"": ""PS"", ""长度-引线"": ""1.50(38.00mm)"", ""零件状态"": ""在售""}"	元器件封装:圆珠，环氧树脂;电阻容差(%):±0.1°C;最小工作温度(℃):-80°C;最大工作温度(℃):150°C;
1464559827956338689	PT222J2	美国力特-Littelfuse	NTC热敏电阻	"{""25°C时欧姆阻值"": ""2.252k"", ""B0/50"": ""3892K"", ""B25/100"": ""-"", ""B25/75"": ""-"", ""B25/85"": ""-"", ""B值容差"": ""-"", ""B常数(K)"": ""-"", ""元器件封装"": ""圆珠,环氧树脂"", ""制造商"": ""Littelfuse Inc."", ""功率-最大值"": ""30 mW"", ""封装/外壳"": ""圆珠,环氧树脂"", ""最大工作温度(℃)"": ""150°C"", ""最小工作温度(℃)"": ""-80°C"", ""电阻容差(%)"": ""±0.2°C"", ""系列"": ""PT"", ""长度-引线"": ""1.50(38.00mm)"", ""零件状态"": ""在售""}"	元器件封装:圆珠，环氧树脂;电阻容差(%):±0.2°C;最小工作温度(℃):-80°C;最大工作温度(℃):150°C;
1454018322537193473	RR6432(2512)L10R0FT	美隆-SUP	贴片电阻	"{""偏差"": """", ""元器件封装"": ""-"", ""封装/外壳"": """", ""电阻阻值(Ω)"": """", ""额定功率(W)"": """"}"	电阻阻值(Ω):;额定功率(W):;
1454018322537193475	RR6432(2512)L1R20FT	美隆-SUP	贴片电阻		
1454018322537193478	RR1608(0603)L1741FT	美隆-SUP	贴片电阻		
1454018322537193479	RR6432(2512)L392JT	美隆-SUP	贴片电阻		
1455021411058651141	RR4532(1812)L472JT	美隆-SUP	贴片电阻	"{""元器件封装"": ""1812"", ""电阻精度(%)"": ""±5%"", ""电阻阻值(Ω)"": ""4.7kΩ""}"	电阻阻值(Ω):4.7kΩ;元器件封装:1812;电阻精度(%):±5%;
1469172001525743617	0402 ±1% 3R	翔胜-VO	贴片电阻	"{""元器件封装"": ""0402"", ""工作温度范围"": ""-55℃~+155℃"", ""最大工作电压"": ""50V"", ""温度系数(ppm/℃)"": ""±400ppm/℃"", ""电阻类型"": ""厚膜电阻"", ""电阻精度(%)"": ""±1%"", ""电阻阻值(Ω)"": ""3Ω"", ""额定功率(W)"": ""62.5mW""}"	电阻阻值(Ω):3Ω;元器件封装:0402;电阻精度(%):±1%;额定功率(W):62.5mW;温度系数(ppm/℃):±400ppm/℃;
1469172250860339204	0805 ±5% 1M5	翔胜-VO	贴片电阻		
1469172469480046595	0805 ±1% 4K7	翔胜-VO	贴片电阻		
1469172473548521473	0603 ±5% 1M	翔胜-VO	贴片电阻		
1469172673805565957	0603 ±1% 4K7	翔胜-VO	贴片电阻		
1450036378799538179	742C163100JP	西迪斯-CTS	排阻	"{""元器件封装"": ""2506"", ""制造商"": ""CTS Resistor Products"", ""单位元件功率"": ""62.5mW"", ""大小 / 尺寸"": ""0.252 长 x 0.063 宽(6.40mm x 1.60mm)"", ""大小/尺寸:"": ""0.252 L x 0.063 W (6.40mm x 1.60mm)"", ""封装/外壳"": ""2506,凹陷,长边端子"", ""封装/尺寸"": ""2506, Concave, Long Side Terminals"", ""应用"": ""-"", ""引脚数"": ""16"", ""最大工作温度(℃)"": ""125°C"", ""最小工作温度(℃)"": ""-55°C"", ""温度系数"": ""±200ppm/°C"", ""温度系数:"": ""±200ppm/°C"", ""电路类型"": ""隔离"", ""电路类型:"": ""Isolated"", ""电阻个数"": ""8"", ""电阻匹配比:"": ""--"", ""电阻匹配比漂移:"": ""--"", ""电阻器匹配率"": ""-"", ""电阻器匹配率漂移"": ""-"", ""电阻精度(%)"": ""±5%"", ""电阻阻值(Ω)"": ""--"", ""系列"": ""742"", ""零件状态"": ""在售"", ""高度 - 安装(最大值)"": ""0.028(0.70mm)"", ""高度 - 安装(最大值):"": ""0.028 (0.70mm)""}"	元器件封装:2506;电阻个数:8;电阻精度(%):±5%;单位元件功率:62.5mW;最小工作温度(℃):-55°C;最大工作温度(℃):125°C;
1450036804177461250	742C163103JP	西迪斯-CTS	排阻	"{""元器件封装"": ""2506"", ""制造商"": ""CTS Resistor Products"", ""单位元件功率"": ""62.5mW"", ""大小/尺寸"": ""0.252 长 x 0.063 宽(6.40mm x 1.60mm)"", ""大小/尺寸:"": ""0.252 L x 0.063 W (6.40mm x 1.60mm)"", ""封装/外壳"": ""2506,凹陷,长边端子"", ""封装/尺寸"": ""2506, Concave, Long Side Terminals"", ""应用"": ""-"", ""引脚数"": ""16"", ""最大工作温度(℃)"": ""125°C"", ""最小工作温度(℃)"": ""-55°C"", ""温度系数"": ""±200ppm/°C"", ""温度系数:"": ""±200ppm/°C"", ""电路类型"": ""隔离"", ""电路类型:"": ""Isolated"", ""电阻(欧姆)"": ""10k"", ""电阻个数"": ""8"", ""电阻匹配比:"": ""--"", ""电阻匹配比漂移:"": ""--"", ""电阻器匹配率"": ""-"", ""电阻器匹配率漂移"": ""-"", ""电阻精度(%)"": ""±5%"", ""电阻阻值(Ω)"": ""--"", ""系列"": ""742"", ""零件状态"": ""在售"", ""高度 - 安装(最大值):"": ""0.028 (0.70mm)"", ""高度-安装(最大值)"": ""0.028(0.70mm)""}"	元器件封装:2506;电阻个数:8;电阻精度(%):±5%;单位元件功率:62.5mW;最小工作温度(℃):-55°C;最大工作温度(℃):125°C;
1450036804311678983	73L4R10J	西迪斯-CTS	贴片电阻	"{""元器件封装"": ""1206"", ""大小/尺寸:"": ""0.126 L x 0.063 W (3.20mm x 1.60mm)"", ""封装/尺寸"": ""1206 (3216 Metric)"", ""工作温度最大值(℃)"": ""125°C"", ""工作温度最小值(℃)"": ""-55°C"", ""成分:"": ""Thick Film"", ""故障率:"": ""--"", ""温度系数(ppm/℃)"": ""±200ppm/°C"", ""特性:"": ""Current Sense"", ""电阻精度(%)"": ""±5%"", ""电阻阻值(Ω)"": ""100 mOhms"", ""端子数:"": ""2"", ""系列:"": ""73L4"", ""额定功率(W)"": ""0.25W, 1/4W"", ""高度 - 安装(最大值):"": ""0.028 (0.70mm)""}"	电阻阻值(Ω):100 mOhms;元器件封装:1206;电阻精度(%):±5%;额定功率(W):0.25W, 1/4W;温度系数(ppm/℃):±200ppm/°C;工作温度最小值(℃):-55°C;工作温度最大值(℃):125°C;
1450036804835966978	73L3R10J	西迪斯-CTS	贴片电阻	"{""元器件封装"": ""0805"", ""大小/尺寸:"": ""0.079 L x 0.049 W (2.00mm x 1.25mm)"", ""封装/尺寸"": ""0805 (2012 Metric)"", ""工作温度最大值(℃)"": ""125°C"", ""工作温度最小值(℃)"": ""-55°C"", ""成分:"": ""Thick Film"", ""故障率:"": ""--"", ""温度系数(ppm/℃)"": ""±200ppm/°C"", ""特性:"": ""Current Sense"", ""电阻精度(%)"": ""±5%"", ""电阻阻值(Ω)"": ""100 mOhms"", ""端子数:"": ""2"", ""系列:"": ""73L3"", ""额定功率(W)"": ""0.125W, 1/8W"", ""高度 - 安装(最大值):"": ""0.026 (0.65mm)""}"	电阻阻值(Ω):100 mOhms;元器件封装:0805;电阻精度(%):±5%;额定功率(W):0.125W, 1/8W;温度系数(ppm/℃):±200ppm/°C;工作温度最小值(℃):-55°C;工作温度最大值(℃):125°C;
1450036804903075841	742C083220JP	西迪斯-CTS	排阻	"{""元器件封装"": ""1206"", ""制造商"": ""CTS Resistor Products"", ""单位元件功率"": ""62.5mW"", ""大小/尺寸"": ""0.126 长 x 0.063 宽(3.20mm x 1.60mm)"", ""大小/尺寸:"": ""0.126 L x 0.063 W (3.20mm x 1.60mm)"", ""封装/外壳"": ""1206(3216 公制),凹面,长边端子"", ""封装/尺寸"": ""1206 (3216 Metric), Concave, Long Side Terminals"", ""应用"": ""-"", ""引脚数"": ""8"", ""最大工作温度(℃)"": ""125°C"", ""最小工作温度(℃)"": ""-55°C"", ""温度系数"": ""±200ppm/°C"", ""温度系数:"": ""±200ppm/°C"", ""电路类型"": ""隔离"", ""电路类型:"": ""Isolated"", ""电阻(欧姆)"": ""22"", ""电阻个数"": ""4"", ""电阻匹配比:"": ""--"", ""电阻匹配比漂移:"": ""--"", ""电阻器匹配率"": ""-"", ""电阻器匹配率漂移"": ""-"", ""电阻精度(%)"": ""±5%"", ""电阻阻值(Ω)"": ""--"", ""系列"": ""742"", ""零件状态"": ""在售"", ""高度 - 安装(最大值):"": ""0.028 (0.70mm)"", ""高度-安装(最大值)"": ""0.028(0.70mm)""}"	元器件封装:1206;电阻个数:4;电阻精度(%):±5%;单位元件功率:62.5mW;最小工作温度(℃):-55°C;最大工作温度(℃):125°C;
1450037604647796737	RMC1/16-331JTP	釜屋電機-KAMAYA	贴片电阻	"{""ESD保护:"": ""--"", ""元器件封装"": ""0603"", ""封装/尺寸"": ""0603"", ""工作温度最大值(℃)"": ""155°C"", ""工作温度最小值(℃)"": ""70°C"", ""电阻精度(%)"": ""5%"", ""电阻阻值(Ω)"": ""330"", ""端接方式:"": ""Pad"", ""额定功率(W)"": ""0.1 (1/10)""}"	电阻阻值(Ω):330;元器件封装:0603;电阻精度(%):5%;额定功率(W):0.1 (1/10);工作温度最小值(℃):70°C;工作温度最大值(℃):155°C;
1450037604710711298	RMC1/16-473JTP	釜屋電機-KAMAYA	贴片电阻		
1450037604840734723	RMC1/16K752FTP	釜屋電機-KAMAYA	贴片电阻	"{""元器件封装"": ""0603"", ""温度系数(ppm/℃)"": ""±100ppm/℃"", ""电阻精度(%)"": ""±1%"", ""电阻阻值(Ω)"": ""7.5kΩ"", ""额定功率(W)"": ""0.1W""}"	电阻阻值(Ω):7.5kΩ;元器件封装:0603;电阻精度(%):±1%;额定功率(W):0.1W;温度系数(ppm/℃):±100ppm/℃;
1450037604907843587	RMC1/16K473FTP	釜屋電機-KAMAYA	贴片电阻		
1450037604907843589	RMC1/16-201JTP	釜屋電機-KAMAYA	贴片电阻		
1450373219583012867	RS-05K102JT	风华-FH	贴片电阻	"{""元器件封装"": ""-"", ""封装/尺寸"": ""0805"", ""工作温度范围"": ""-55℃~+155℃"", ""最大工作电压"": ""150V"", ""温度系数(ppm/℃)"": ""±100ppm/℃"", ""电阻精度(%)"": ""±5%"", ""电阻阻值(Ω)"": ""1kΩ"", ""额定功率(W)"": ""125mW""}"	电阻阻值(Ω):1kΩ;电阻精度(%):±5%;额定功率(W):125mW;温度系数(ppm/℃):±100ppm/℃;
1450373221088768003	RS-05K511JT	风华-FH	贴片电阻	"{""元器件封装"": ""-"", ""封装/尺寸"": ""0805"", ""工作温度范围"": ""-55℃~+155℃"", ""最大工作电压"": ""150V"", ""温度系数(ppm/℃)"": ""±100ppm/℃"", ""电阻精度(%)"": ""±5%"", ""电阻阻值(Ω)"": ""510Ω"", ""额定功率(W)"": ""125mW""}"	电阻阻值(Ω):510Ω;电阻精度(%):±5%;额定功率(W):125mW;温度系数(ppm/℃):±100ppm/℃;
1450373223244640258	RS-05K10R0FT	风华-FH	贴片电阻		
1450373245298290690	RS-06K101JT	风华-FH	贴片电阻	"{""元器件封装"": ""-""}"	
1450373245558337538	RS-06K104JT	风华-FH	贴片电阻		
1469172101622808578	RCT0291KJLF	香港电阻-HKR	贴片电阻	"{""元器件封装"": ""0402"", ""温度系数(ppm/℃)"": ""-"", ""电阻精度(%)"": ""±5%"", ""电阻阻值(Ω)"": ""91kΩ"", ""额定功率(W)"": ""1/16W""}"	电阻阻值(Ω):91kΩ;元器件封装:0402;电阻精度(%):±5%;额定功率(W):1/16W;
1469172449305444353	RCT0224RJLF	香港电阻-HKR	贴片电阻	"{""元器件封装"": ""0402"", ""温度系数(ppm/℃)"": ""-"", ""电阻精度(%)"": ""±5%"", ""电阻阻值(Ω)"": ""24Ω"", ""额定功率(W)"": ""1/16W""}"	电阻阻值(Ω):24Ω;元器件封装:0402;电阻精度(%):±5%;额定功率(W):1/16W;
1469172467894599681	RCT2047RJLF	香港电阻-HKR	贴片电阻	"{""元器件封装"": ""2010"", ""温度系数(ppm/℃)"": ""-"", ""电阻精度(%)"": ""±5%"", ""电阻阻值(Ω)"": ""47Ω"", ""额定功率(W)"": ""0.5W""}"	电阻阻值(Ω):47Ω;元器件封装:2010;电阻精度(%):±5%;额定功率(W):0.5W;
1469172706462416897	RCT02174KFLF	香港电阻-HKR	贴片电阻	"{""元器件封装"": ""0402"", ""温度系数(ppm/℃)"": ""-"", ""电阻精度(%)"": ""±1%"", ""电阻阻值(Ω)"": ""174kΩ"", ""额定功率(W)"": ""1/16W""}"	电阻阻值(Ω):174kΩ;元器件封装:0402;电阻精度(%):±1%;额定功率(W):1/16W;
1469172800872005633	RCT032K7FLF	香港电阻-HKR	贴片电阻	"{""元器件封装"": ""0603"", ""温度系数(ppm/℃)"": ""-"", ""电阻精度(%)"": ""±1%"", ""电阻阻值(Ω)"": ""2.7kΩ"", ""额定功率(W)"": ""0.1W""}"	电阻阻值(Ω):2.7kΩ;元器件封装:0603;电阻精度(%):±1%;额定功率(W):0.1W;
