tag,n,tag_type,tag_normalized,note
连接器,1089181,,,
光电二极管,769342,,,
电阻器,536877,,,
二极管,421046,,,
电容器,374233,,,
晶体,353473,,,
PC,351401,,,
测试,339443,,,
振荡器,330700,,,
驱动,316889,,,
开关,306208,,,
机械,305559,,,
输出元件,285998,,,
局域网,273389,,,
谐振器,258727,,,
内存集成电路,221534,,,
光电,194193,,,
时钟,174078,,,
电感器,162332,,,
晶体管,149969,,,
逻辑集成电路,138093,,,
CD,125908,,,
静态存储器,104258,,,
外围集成电路,100799,,,
端子和端子排,92760,,,
转换器,92309,,,
可编程只读存储器,90296,,,
电源电路,85827,,,
放大器,80026,,,
稳压器,77277,,,
存储,76827,,,
栅,75743,,,
调节器,75109,,,
电动程控只读存储器,69336,,,
连接器支架,65463,,,
射频感应器,65230,,,
输入元件,58720,,,
电可擦编程只读存储器,57338,,,
齐纳二极管,55049,,,
石英晶振,54956,,,
微控制器,54239,,,
触发器,50084,,,
LTE,48811,,,
栅极,46539,,,
功率感应器,46297,,,
信息通信管理,43840,,,
闪存,43184,,,
动态存储器,42367,,,
整流二极管,41835,,,
光纤,41672,,,
驱动器,40823,,,
电视,40569,,,
射频,40218,,,
编码器,39599,,,
脉冲,36954,,,
继电器,36416,,,
接口集成电路,36056,,,
微波,34880,,,
微控制器和处理器,33305,,,
固定电感器,32742,,,
传感器,32086,,,
集管和边缘连接器,30936,,,
电路保护,29239,,,
通信,28234,,,
运算放大器,28185,,,
双倍数据速率,26363,,,
瞬态抑制器,25948,,,
控制器,24834,,,
可编程逻辑,24380,,,
稳压二极管,24326,,,
插座,22928,,,
电阻器网络,22877,,,
电容器网络,22779,,,
换能器,22332,,,
电信集成电路,22251,,,
监视器,21826,,,
功效,21655,,,
监控,20691,,,
商用集成电路,20094,,,
线性稳压器IC,20093,,,
电源管理电路,18622,,,
高压,18089,,,
变压器,17898,,,
开关式稳压器或控制器,17810,,,
开关式控制器,17810,,,
总线收发器,17336,,,
电信,17287,,,
先进先出芯片,16674,,,
铝电解电容器,16154,,,
异步传输模式,15935,,,
衰减器,15898,,,
放大器电路,15768,,,
固定电容器,15564,,,
ATM,15448,,,
延迟线,15264,,,
信号电路,15233,,,
快速恢复二极管,15229,,,
三端双向交流开关,15177,,,
功率场效应晶体管,15063,,,
电源连接器,14893,,,
ISM频段,14627,,,
小信号双极晶体管,14488,,,
压控振荡器,14453,,,
总线驱动器,14348,,,
瞄准线,14228,,,
驱动程序和接口,13761,,,
温度传感,13096,,,
DC-DC转换器,12569,,,
电池,12518,,,
比较器,12179,,,
模拟IC,11779,,,
参考电压源,11494,,,
微处理器,11246,,,
可见光 LED,10906,,,
激光二极管,10718,,,
锁存器,9787,,,
触发装置,9663,,,
桥式整流二极管,9469,,,
OTP只读存储器,9244,,,
复用器,9201,,,
过滤器,9041,,,
装置,9025,,,
复位电路,8644,,,
双极性晶体管,8609,,,
翘板开关,8360,,,
电位器,7826,,,
模数转换器,7426,,,
消费电路,7352,,,
大电流电感器,7267,,,
电熔丝,7221,,,
军用连接器配件,6989,,,
功率放大器,6982,,,
电动机控制,6877,,,
可控硅,6871,,,
石英晶体,6753,,,
变容二极管,6689,,,
计数器,6558,,,
旋转开关,6440,,,
线路驱动器或接收器,6428,,,
解复用器,6246,,,
固定电阻器,6186,,,
D 型连接器,6159,,,
解码器,6123,,,
射频和微波,6074,,,
超快恢复二极管,6029,,,
功率继电器,5758,,,
陶瓷电容器,5702,,,
IOT,5697,,,
温度补偿晶振,5688,,,
功率双极晶体管,5603,,,
肖特基二极管,5603,,,
断路器,5568,,,
电机,5557,,,
圆形连接器,5471,,,
薄膜电容器,5394,,,
电信电路,5367,,,
接线终端,5240,,,
温度补偿,5234,,,
高功率电源,5143,,,
可控硅整流器,5056,,,
复用器或开关,4707,,,
隔离技术,4689,,,
分离技术,4689,,,
压力传感器,4643,,,
显示器,4570,,,
过滤器扼流圈,4482,,,
现场可编程门阵列,4366,,,
压敏电阻,4330,,,
电子,4279,,,
可编程逻辑器件,4261,,,
光电晶体管,4168,,,
固态继电器,4165,,,
数模转换器,4137,,,
功率控制,4132,,,
时钟驱动器,4041,,,
小信号场效应晶体管,3844,,,
数字电位计,3797,,,
半导体,3772,,,
时钟发生器,3737,,,
信号继电器,3713,,,
远程控制,3612,,,
快速软恢复二极管,3526,,,
跳线,3514,,,
数据线路滤波器,3499,,,
音频放大器,3494,,,
互连器件,3459,,,
温度传感器,3446,,,
数据传输,3427,,,
计算机,3261,,,
软恢复二极管,3196,,,
射频放大器,3159,,,
移位寄存器,3110,,,
电源开关,3074,,,
视频放大器,3047,,,
以太网,3016,,,
超快速恢复二极管,2882,,,
微波放大器,2732,,,
军事,2695,,,
钽电容器,2670,,,
局域网（LAN）标准,2666,,,
功率因数校正,2634,,,
峰值线圈,2556,,,
数字信号处理器,2429,,,
光学位置编码器,2396,,,
有原始数据的样本ROM,2331,,,
共模扼流圈,2281,,,
按钮开关,2227,,,
微调电位器,2195,,,
恒温晶体振荡器,2154,,,
非线性电阻器,2119,,,
射频线圈,2055,,,
显示驱动器,2050,,,
外围驱动器,2009,,,
过载保护,1978,,,
电信连接器和数据通信连接器,1949,,,
运动控制电子器件,1935,,,
快恢复二极管,1921,,,
双向触发二极管,1905,,,
开关式稳压器,1874,,,
达林顿晶体管,1873,,,
晶体振荡器,1855,,,
有源晶体振荡电路,1810,,,
编解码器,1786,,,
医疗,1750,,,
泵,1745,,,
光纤放大器,1741,,,
FPC连接器,1737,,,
超快软恢复二极管,1737,,,
RC网络,1735,,,
数字晶体管,1722,,,
以太网：16G BASE-T,1696,,,
射频小信号双极晶体管,1685,,,
限位开关,1675,,,
快动开关,1604,,,
并行 IO 端口,1571,,,
硅浪涌保护器,1542,,,
瞬态抑制二极管,1520,,,
栅极驱动,1511,,,
无线,1509,,,
电平转换器,1506,,,
MOSFET 驱动器,1450,,,
电脑,1449,,,
FFC连接器,1439,,,
通信控制器,1379,,,
光电集成电路,1368,,,
拨动开关,1368,,,
uPs集成电路,1360,,,
uCs集成电路,1360,,,
军用圆形连接器,1339,,,
限制器,1331,,,
高压大电源,1271,,,
个人通信,1261,,,
电源滤波器,1218,,,
场效应晶体管,1197,,,
仪表放大器,1192,,,
圆形适配器,1171,,,
风扇,1171,,,
PCN,1162,,,
串行 IO控制器,1154,,,
斩波器,1152,,,
可变电阻器,1125,,,
高效整流二极管,1123,,,
便携式,1081,,,
计时器或实时时钟,1078,,,
膜电阻器,1073,,,
综合业务数字网,1070,,,
蜂窝,1068,,,
电话,1036,,,
图像传感器,1023,,,
预分频器,1013,,,
运算电路,1000,,,
升压转换器,999,,,
光电器件,995,,,
录像机,986,,,
有源滤波器,984,,,
工具和机器,983,,,
医疗器械,977,,,
耐热支撑装置,971,,,
插槽和芯片载体,914,,,
高电压电源,897,,,
航空,895,,,
线缆,885,,,
射频场效应晶体管,871,,,
有线电视,862,,,
过程控制系统,846,,,
PCS,846,,,
风机,833,,,
电源变压器,829,,,
可变电感器,817,,,
多谐振动器,810,,,
遥控,805,,,
通用开关,802,,,
锁相环或频率合成电路,791,,,
网络接口,776,,,
接收机,764,,,
射频双极晶体管,760,,,
仪表,753,,,
数据通信变压器,752,,,
脉冲通信变压器,752,,,
快速恢复能力电源,747,,,
SAW 滤波器,744,,,
拨码开关,740,,,
陶瓷滤波器,725,,,
电信保护电路,719,,,
微波混频二极管,687,,,
PIN 二极管,687,,,
连续波,685,,,
微波耦合器,684,,,
射频耦合器,684,,,
集成电源管理电路,682,,,
调制解调器,678,,,
超快速恢复能力电源,666,,,
稳流二极管,652,,,
滑动开关,604,,,
总线控制器,602,,,
全球定位系统,597,,,
电力变压器,594,,,
光纤适配器,585,,,
无绳技术,579,,,
AK系列,579,,,
金属膜电阻器,578,,,
ATM集成电路,576,,,
SDH 集成电路,576,,,
SONET集成电路,576,,,
散热片,575,,,
信号二极管,568,,,
闪光灯,555,,,
微波分光器,553,,,
射频分光器,553,,,
射频合路器,553,,,
微波合路器,553,,,
射频小信号场效应晶体管,551,,,
缓冲放大器,549,,,
射频开关,542,,,
PCB连接器,533,,,
GSM,514,,,
倍频器,511,,,
红外 LED,509,,,
接近传感器,507,,,
射频衰减器,507,,,
小信号肖特基二极管,500,,,
联轴器,498,,,
软恢复能力电源,497,,,
小键盘开关,491,,,
便携式设备,490,,,
微波衰减器,489,,,
双极型晶体管,489,,,
显示控制器,488,,,
手机,488,,,
多路机架连接器和面板连接器,486,,,
电信变压器,479,,,
音频控制集成电路,474,,,
超快速软恢复二极管,471,,,
过电流保护,463,,,
多功能外围设备,461,,,
微波开关,435,,,
插槽式开关,424,,,
网络电阻器,423,,,
模拟波形发生功能,421,,,
阵列电阻器,417,,,
微波混频器,403,,,
DCS,402,,,
光纤连接器,402,,,
分布式控制系统,402,,,
射频混频器,401,,,
数据通信,401,,,
配套器件,399,,,
组合线路连接器,388,,,
接收器集成电路,376,,,
温度相关电阻器NTC,371,,,
温度相关电阻器PTC,371,,,
蜂窝电话电路,369,,,
三端稳压器,362,,,
磁场传感器,350,,,
遥测,346,,,
中继器,345,,,
按动滚轮开关,344,,,
摄像机,331,,,
云母电容器,330,,,
单部分卡边缘连接器,330,,,
射频变压器,323,,,
高压超快恢复二极管,321,,,
软启动,320,,,
电话电路,318,,,
总线通信,305,,,
高压大功率快速软恢复电源,305,,,
线性位置传感器,303,,,
高压快速恢复二极管,302,,,
指轮滚轮开关,301,,,
多相元件,301,,,
晶体滤波器,293,,,
通用无源滤波器,292,,,
SMPS 变压器,291,,,
音频合成器集成电路,287,,,
LORA,285,,,
数据判读及分析中心,276,,,
混合电路,276,,,
脉冲发生器,274,,,
通信设备,271,,,
蓝牙,269,,,
射频连接器,267,,,
音频连接器,267,,,
小信号开关二极管,266,,,
RCA 连接器,266,,,
灯具,261,,,
移动电话,260,,,
线绕电阻器,259,,,
磁簧继电器,251,,,
发射机,247,,,
无线局域网,246,,,
射频 BNC 连接器,235,,,
数字传输接口,227,,,
色度信号转换器,226,,,
服务器,223,,,
射频适配器,223,,,
电动机起动,218,,,
三相整流桥,218,,,
模拟计算功能,213,,,
遥控器,213,,,
DVD,212,,,
数码相机,202,,,
DSP 外围设备,202,,,
普通整流桥,200,,,
射频下变频器,200,,,
射频上变频器,192,,,
微波上变频器,186,,,
微波下变频器,186,,,
隔离放大器,184,,,
键锁开关,177,,,
WLAN,177,,,
调谐器集成电路,175,,,
布线,174,,,
模拟特殊功能转换器,173,,,
空调,173,,,
汽车音响,173,,,
音频变压器,171,,,
输出应用,168,,,
雷达,166,,,
射频调制器,162,,,
偏转集成电路,161,,,
陶瓷谐振器,160,,,
DIN 连接器,153,,,
电流感应变压器,150,,,
矩形连接器,150,,,
驱动电子器件,146,,,
微波解调器,141,,,
射频解调器,141,,,
微波调制器,141,,,
汽车点火,140,,,
射频端接器,138,,,
微波端接器,138,,,
普通整流二极管,138,,,
远程控制集成电路,133,,,
电压倍频二极管,130,,,
加热元件,128,,,
数字传输控制器,127,,,
超快速软恢复能力电源,126,,,
快速恢复大电源,125,,,
内存控制器,125,,,
游戏,120,,,
电信信令电路,115,,,
以太网：10/100 BASE-T,113,,,
采样保持电路,112,,,
WLL,112,,,
电信滤波器,108,,,
高压超快速软恢复二极管,107,,,
非常快速的恢复二极管,105,,,
高压扼流圈,103,,,
贺卡,101,,,
电流互感器,100,,,
闹钟,100,,,
快速软恢复高电源,99,,,
旋律IC,98,,,
矩形适配器,94,,,
高压超快恢复电源,94,,,
梳状发生器,93,,,
模拟传输接口,93,,,
无绳电话集成电路,90,,,
MOSFET栅极驱动,86,,,
阶跃恢复二极管,85,,,
电信转换电路,83,,,
中断控制器,83,,,
数据总线接口,83,,,
射频SMA连接器,81,,,
语音合成,81,,,
射频SSMA 连接器,81,,,
智能腕表,81,,,
寻呼；传讯,81,,,
可控硅开关,80,,,
PCB 适配器,80,,,
数据分配系统,80,,,
钢铁,78,,,
消磁,77,,,
电压发生器,74,,,
微波倍频器,73,,,
射频倍频器,73,,,
光纤 ST 连接器,72,,,
以太网：10 BASE-T,71,,,
延时继电器,71,,,
射频移相器,71,,,
微波移相器,71,,,
射频TNC 连接器,70,,,
噪声抑制集成电路,70,,,
旋转位置传感器,69,,,
射频继电器,67,,,
金属条电阻器,67,,,
以太网：15G BASE-T,67,,,
电缆调制解调器,66,,,
射频 N 型连接器,64,,,
图文电视集成电路,64,,,
玩具,63,,,
无源滤波器,63,,,
特殊电容器,62,,,
低压音频,60,,,
服务器主板节能技术,59,,,
谐波发生器,58,,,
射频检测器,57,,,
叠加集成电路,55,,,
超快速软恢复高功率电源,53,,,
特殊开关,53,,,
晶闸管触发器,53,,,
稳定二极管,52,,,
逆变变压器,51,,,
单结晶体管,50,,,
次级存储控制器,50,,,
工业以太网,49,,,
微波检测器,46,,,
射频MMCX 连接器,45,,,
射频MCX连接器,45,,,
光纤 SC 连接器,44,,,
监视和遥测,44,,,
磁簧开关,44,,,
钟表,44,,,
ESD二极管,42,,,
功率超快恢复二极管,42,,,
时钟集成电路,42,,,
直流电源插头或插座,41,,,
手表,39,,,
令牌环网,39,,,
位置转换器,39,,,
智能手机,38,,,
光纤 FC 连接器,38,,,
可编程单结晶体管,38,,,
100磅,37,,,
专用微波二极管,37,,,
ZIGBEE,37,,,
无线模块,37,,,
算术处理器,36,,,
击穿二极管,35,,,
压控时钟 SAW 振荡器,34,,,
100BX,33,,,
高压中功率电源,32,,,
薄膜电阻器,32,,,
超快恢复大功率电源,32,,,
10BT,32,,,
个人电脑,32,,,
以太网：10/100 BASE-TX,32,,,
卡拉OK,32,,,
接插线,31,,,
超高速恢复二极管,30,,,
答录机,30,,,
红外传感器,29,,,
高压快速软恢复二极管,29,,,
手持设备,28,,,
金属釉膜电阻器,28,,,
金属厚膜电阻器,27,,,
射频天线,26,,,
SAW 谐振器,25,,,
LPWA,25,,,
轻型重量,25,,,
微波天线,25,,,
高压快速恢复大电源,24,,,
IC逆变器EL灯驱动器,24,,,
门铃,23,,,
汽车仪表,23,,,
压电陶瓷滤波器,22,,,
高帧率高马力,22,,,
信号机,21,,,
射频SSMB 连接器,21,,,
电话座,21,,,
射频SMB连接器,21,,,
光纤网络连接器,21,,,
信号器,21,,,
白色LED灯,20,,,
数字钟,20,,,
碳膜电阻器,20,,,
高压超快速恢复二极管,19,,,
光纤开关,19,,,
网络电容器,19,,,
阵列电容器,19,,,
RS-485、RS-232数据接口,19,,,
超软恢复二极管,18,,,
寻呼电路,18,,,
电信加密电路,17,,,
信号分离器集成电路,17,,,
模拟表,17,,,
光敏电阻,16,,,
非常快速的软恢复二极管,16,,,
移动系统,15,,,
射频 C 型连接器,15,,,
以太网：13G BASE-T,15,,,
图形处理器,15,,,
快速软恢复中等电源,14,,,
DMA 控制器,14,,,
噪声发生器,14,,,
以太网：10BT/100BX,14,,,
通用无线电,13,,,
WIMAX,13,,,
RS-232数据接口,13,,,
两部分板连接器,13,,,
蜂窝式,13,,,
射频限幅器,12,,,
微波限幅器,12,,,
化工,12,,,
SAW滤波器,12,,,
熔断电阻器,12,,,
SHV 连接器,12,,,
超高压,12,,,
配电盘,12,,,
以太网：11G BASE-T,12,,,
以太网：14G BASE-T,12,,,
反激控制,12,,,
异步传输的局域网（LAN）标准,11,,,
中频变压器,11,,,
射频SMC连接器,11,,,
高压快速恢复电源,11,,,
快速晶闸管,11,,,
射频SSMC连接器,11,,,
介质谐振器,10,,,
同轴谐振振荡器,10,,,
RPMA,10,,,
快速软恢复能力电源,10,,,
电信交换系统,10,,,
SIGFOX,10,,,
调谐介质谐振振荡器,10,,,
收音机时钟,10,,,
10/100 PC卡,10,,,
内存管理单元,10,,,
压电陶瓷谐振器,9,,,
系统接口逻辑集成电路,9,,,
卤素灯,9,,,
位片处理器,9,,,
板堆叠连接器,9,,,
超高速软恢复二极管,9,,,
语音集成电路,8,,,
模拟时钟,8,,,
按钮和信息提示,8,,,
以太网：10/100/1000 BASE-T,8,,,
自耦变压器,7,,,
教育玩具,7,,,
射频环形器,7,,,
单锂离子电池,7,,,
箔电阻器,7,,,
反射物体传感器,7,,,
星局域网,7,,,
声卡,7,,,
微波环行器,7,,,
射频隔离器,7,,,
微波隔离器,7,,,
手提电话,6,,,
金属箔电阻器,6,,,
娱乐玩具,6,,,
机器人技术,6,,,
问答游戏,6,,,
电气、电子设备内部接线,6,,,
电气电子设备内部接线,6,,,
通信接收机和发射机,6,,,
游戏机,6,,,
特殊继电器,6,,,
乐器,6,,,
高功率软恢复电源,5,,,
超快速软恢复大功率电源,5,,,
TI的电源Demo板,5,,,
电磁铁,5,,,
无线本地环路,5,,,
基座驱动,5,,,
栅驱动,5,,,
压控正弦波STW 振荡器,5,,,
电话拨号器,5,,,
手持终端,5,,,
射频盲插连接器,5,,,
压控正弦波SAW 振荡器,5,,,
低压应用,4,,,
射频 SC 连接器,4,,,
单个低压差线性稳定器,4,,,
射频三轴连接器,4,,,
射频四轴连接器,4,,,
PC波表合成,4,,,
射频双轴连接器,4,,,
电站,4,,,
数据线隔离,4,,,
模拟定时器,4,,,
业务集成平台（富士通）,4,,,
VCD卡拉OK,4,,,
仪表和控制使用,3,,,
音乐键盘,3,,,
压电陶瓷鉴频器,3,,,
以太网：100 BASE-T,3,,,
舰载,3,,,
高压软恢复二极管,3,,,
数字传输支持,3,,,
多媒体电脑,3,,,
便携式卡拉OK,3,,,
超快恢复中等功率电源,3,,,
MOSFET驱动器,3,,,
可变电容器,3,,,
汽车电路,3,,,
以太网：10/1000 BASE-T,2,,,
梯队神经元芯片,2,,,
配线架,2,,,
电气系统,2,,,
音乐钟,2,,,
光纤耦合器,2,,,
超高速大功率高压电源,2,,,
增压控制,2,,,
秒表,2,,,
射频UHF连接器,2,,,
以太网：10BT/100TX,2,,,
PC声卡,2,,,
特殊行业,2,,,
对讲机,2,,,
以太网：12G BASE-T,2,,,
多点低压差线性稳压器,2,,,
栅控开关,2,,,
仪器仪表,1,,,
高压音频,1,,,
工业机械,1,,,
留言电话,1,,,
三相整流桥模块,1,,,
普通晶闸管模块,1,,,
输入应用,1,,,
工业和消费照明设备,1,,,
计算机外设电话拨号器,1,,,
多点通信系统,1,,,
内部接线,1,,,
适用于中型机械，应力自由移动,1,,,
人类的语言,1,,,
串行通信接口标准,1,,,
声表面波滤波器,1,,,
固定时钟 SAW 振荡器,1,,,
以太网：1000 BASE-T,1,,,
连接不同的网络设备,1,,,
红外LED,1,,,
动物的声音,1,,,
数据网络,1,,,
以太网：10G BASE-T,1,,,
音乐的声音,1,,,
中压电源,1,,,
微处理器芯片组,1,,,
计算机外围设备,1,,,
开关柜,1,,,
