key,covered_ids,std_attr_cn,std_attr_code,unit_std,db_type,precision,value_domain,l2_scope,is_l2_common,description_prompt,note
生命周期,6057405,,,,,,,,,,
Reach Compliance Code,6057293,,,,,,,,,,
风险等级,6044973,,,,,,,,,,
Base Number Matches,5589971,,,,,,,,,,
是否Rohs认证,4491024,,,,,,,,,,
表面贴装,3913962,,,,,,,,,,
最高工作温度,3874533,,,,,,,,,,
包装说明,3783518,,,,,,,,,,
最低工作温度,3641767,,,,,,,,,,
IHS 制造商,3349045,,,,,,,,,,
JESD-609代码,3265359,,,,,,,,,,
ECCN代码,3205438,,,,,,,,,,
端子数量,3149634,,,,,,,,,,
HTS代码,3109873,,,,,,,,,,
端子面层,2766075,,,,,,,,,,
是否无铅,2761757,,,,,,,,,,
封装形状,2666527,,,,,,,,,,
封装形式,2654334,,,,,,,,,,
其他特性,2197594,,,,,,,,,,
端子位置,2188219,,,,,,,,,,
封装主体材料,2057697,,,,,,,,,,
技术,2006835,,,,,,,,,,
端子形式,1993422,,,,,,,,,,
JESD-30 代码,1989886,,,,,,,,,,
制造商序列号,1866931,,,,,,,,,,
认证状态,1853168,,,,,,,,,,
子类别,1703784,,,,,,,,,,
安装特点,1688974,,,,,,,,,,
端子节距,1652073,,,,,,,,,,
功能数量,1460317,,,,,,,,,,
Is Samacsys,1450493,,,,,,,,,,
峰值回流温度（摄氏度）,1434135,,,,,,,,,,
处于峰值回流温度下的最长时间,1434132,,,,,,,,,,
针数,1330047,,,,,,,,,,
零件包装代码,1228044,,,,,,,,,,
长度,1202919,,,,,,,,,,
温度等级,1133539,,,,,,,,,,
宽度,1131897,,,,,,,,,,
封装代码,1058602,,,,,,,,,,
连接器类型,1028227,,,,,,,,,,
包装方法,1019809,,,,,,,,,,
配置,943523,,,,,,,,,,
座面最大高度,921266,,,,,,,,,,
端子形状,914548,,,,,,,,,,
端接类型,907593,,,,,,,,,,
安装类型,865125,,,,,,,,,,
元件数量,801530,,,,,,,,,,
联系完成配合,787569,,,,,,,,,,
MIL 符合性,767792,,,,,,,,,,
DIN 符合性,766701,,,,,,,,,,
IEC 符合性,765845,,,,,,,,,,
触点总数,762953,,,,,,,,,,
触点性别,762436,,,,,,,,,,
选件,728444,,,,,,,,,,
湿度敏感等级,715786,,,,,,,,,,
封装等效代码,705283,,,,,,,,,,
容差,671784,,,,,,,,,,
物理尺寸,669237,,,,,,,,,,
滤波功能,661098,,,,,,,,,,
混合触点,658169,,,,,,,,,,
触点材料,652773,,,,,,,,,,
联系完成终止,614606,,,,,,,,,,
标称供电电压,602117,,,,,,,,,,
二极管类型,591340,,,,,,,,,,
温度系数,588616,,,,,,,,,,
电源,582433,,,,,,,,,,
标称供电电压 (Vsup),580555,,,,,,,,,,
频率稳定性,564424,,,,,,,,,,
电阻器类型,554260,,,,,,,,,,
最大供电电压 (Vsup),542358,,,,,,,,,,
最小供电电压 (Vsup),542253,,,,,,,,,,
额定功率耗散 (P),540568,,,,,,,,,,
极性,528298,,,,,,,,,,
二极管元件材料,524303,,,,,,,,,,
电阻,510338,,,,,,,,,,
装载的行数,498721,,,,,,,,,,
安装方式,474994,,,,,,,,,,
最大供电电压,473193,,,,,,,,,,
构造,463302,,,,,,,,,,
参考标准,462503,,,,,,,,,,
最小供电电压,460230,,,,,,,,,,
工作电压,449717,,,,,,,,,,
系列,446538,,,,,,,,,,
标称工作频率,435136,,,,,,,,,,
模拟集成电路 - 其他类型,422822,,,,,,,,,,
封装长度,422016,,,,,,,,,,
尺寸代码,421521,,,,,,,,,,
额定温度,414807,,,,,,,,,,
Factory Lead Time,409990,,,,,,,,,,
外壳连接,390575,,,,,,,,,,
主体/外壳类型,379226,,,,,,,,,,
电容,378986,,,,,,,,,,
主体宽度,376866,,,,,,,,,,
JEDEC-95代码,368963,,,,,,,,,,
最大功率耗散,367513,,,,,,,,,,
插接信息,348772,,,,,,,,,,
电容器类型,344752,,,,,,,,,,
工作模式,341721,,,,,,,,,,
额定（直流）电压（URdc）,340955,,,,,,,,,,
介电材料,336505,,,,,,,,,,
最大压摆率,335583,,,,,,,,,,
振荡器类型,333949,,,,,,,,,,
外壳材料,333216,,,,,,,,,,
最大输入电压,331504,,,,,,,,,,
正容差,329878,,,,,,,,,,
负容差,329736,,,,,,,,,,
最小输入电压,328581,,,,,,,,,,
频率调整-机械,314245,,,,,,,,,,
组织,304224,,,,,,,,,,
老化,298438,,,,,,,,,,
最长下降时间,292065,,,,,,,,,,
绝缘体材料,286732,,,,,,,,,,
最大对称度,282156,,,,,,,,,,
字数代码,277511,,,,,,,,,,
字数,277510,,,,,,,,,,
内存宽度,277228,,,,,,,,,,
内存密度,276547,,,,,,,,,,
封装宽度,274193,,,,,,,,,,
封装高度,273706,,,,,,,,,,
内存集成电路类型,272104,,,,,,,,,,
最大重复峰值反向电压,270417,,,,,,,,,,
最长上升时间,268686,,,,,,,,,,
空壳,264795,,,,,,,,,,
最大工作频率,263646,,,,,,,,,,
晶体/谐振器类型,261107,,,,,,,,,,
最大电压容差,260759,,,,,,,,,,
输出次数,259151,,,,,,,,,,
最小工作频率,256885,,,,,,,,,,
频率容差,254209,,,,,,,,,,
驱动电平,249597,,,,,,,,,,
串联电阻,241997,,,,,,,,,,
Brand Name,240718,,,,,,,,,,
并行/串行,228912,,,,,,,,,,
最长访问时间,228078,,,,,,,,,,
工作测试电流,225583,,,,,,,,,,
标称参考电压,225039,,,,,,,,,,
高度,224385,,,,,,,,,,
标称输出电压,223741,,,,,,,,,,
主体长度或直径,223514,,,,,,,,,,
标称输入电压,223197,,,,,,,,,,
最大输出电流,222721,,,,,,,,,,
可靠性,222718,,,,,,,,,,
触点样式,222376,,,,,,,,,,
输出负载,220783,,,,,,,,,,
UL 易燃性代码,215618,,,,,,,,,,
主体高度,215445,,,,,,,,,,
主体深度,214065,,,,,,,,,,
主体长度,214064,,,,,,,,,,
输出特性,213833,,,,,,,,,,
光电设备类型,204958,,,,,,,,,,
插接触点节距,199553,,,,,,,,,,
绝缘电阻,199349,,,,,,,,,,
外壳尺寸,199229,,,,,,,,,,
触点模式,196489,,,,,,,,,,
负载电容,188083,,,,,,,,,,
微调/可调输出,187403,,,,,,,,,,
外壳面层,185294,,,,,,,,,,
最大输出电压,185219,,,,,,,,,,
最小输出电压,180768,,,,,,,,,,
极性/信道类型,177630,,,,,,,,,,
触点电阻,176186,,,,,,,,,,
电感器类型,175932,,,,,,,,,,
额定电流（信号）,174651,,,,,,,,,,
逻辑集成电路类型,171781,,,,,,,,,,
最大总功率输出,169949,,,,,,,,,,
屏蔽,167867,,,,,,,,,,
电镀厚度,165558,,,,,,,,,,
标称电感 (L),165357,,,,,,,,,,
晶体管元件材料,162148,,,,,,,,,,
直流电阻,158801,,,,,,,,,,
形状/尺寸说明,157343,,,,,,,,,,
最大负载调整率,157316,,,,,,,,,,
端子长度,154767,,,,,,,,,,
最小击穿电压,152287,,,,,,,,,,
电感器应用,152137,,,,,,,,,,
制造商包装代码,151859,,,,,,,,,,
耦合类型,151224,,,,,,,,,,
最大待机电流,150177,,,,,,,,,,
信道数量,150082,,,,,,,,,,
最大额定电流,146265,,,,,,,,,,
PCB接触模式,145419,,,,,,,,,,
封装直径,145332,,,,,,,,,,
开关类型,143391,,,,,,,,,,
引线直径,142914,,,,,,,,,,
连接器数,141878,,,,,,,,,,
PCB行数,139750,,,,,,,,,,
测试频率,138225,,,,,,,,,,
介电耐压,137781,,,,,,,,,,
最大非重复峰值反向功率耗散,135314,,,,,,,,,,
晶体管应用,131642,,,,,,,,,,
最大触点电流（直流）,129421,,,,,,,,,,
最大触点电压（直流）,129047,,,,,,,,,,
端口数量,128725,,,,,,,,,,
触点（直流）最大额定R负载,128607,,,,,,,,,,
安装选项1,127582,,,,,,,,,,
绝缘体颜色,127510,,,,,,,,,,
漏电流,126526,,,,,,,,,,
开关功能,125574,,,,,,,,,,
电气寿命,125189,,,,,,,,,,
引线长度,125131,,,,,,,,,,
开关动作,124154,,,,,,,,,,
uPs/uCs/外围集成电路类型,122959,,,,,,,,,,
最大触点电流（交流）,122087,,,,,,,,,,
最大触点电压（交流）,121993,,,,,,,,,,
触点（交流）最大额定R负载,121657,,,,,,,,,,
传播延迟（tpd）,121600,,,,,,,,,,
最大正向电流,121525,,,,,,,,,,
位数,120172,,,,,,,,,,
执行器类型,117729,,,,,,,,,,
相数,117557,,,,,,,,,,
纹波电流,116040,,,,,,,,,,
最大时钟频率,113859,,,,,,,,,,
Delta切线,112779,,,,,,,,,,
输出极性,110642,,,,,,,,,,
额定电流,110086,,,,,,,,,,
应用,109532,,,,,,,,,,
最大非重复峰值正向电流,109242,,,,,,,,,,
匹配触点行间距,109130,,,,,,,,,,
最大击穿电压,106784,,,,,,,,,,
可调阈值,106542,,,,,,,,,,
颜色,103661,,,,,,,,,,
型芯材料,102969,,,,,,,,,,
温度特性代码,102020,,,,,,,,,,
自谐振频率,100757,,,,,,,,,,
最大集电极电流 (IC),99901,,,,,,,,,,
端子和端子排类型,98986,,,,,,,,,,
形状,97730,,,,,,,,,,
直径,97348,,,,,,,,,,
PCB触点行间距,97315,,,,,,,,,,
调节器类型,96047,,,,,,,,,,
多层,95413,,,,,,,,,,
外部数据总线宽度,94011,,,,,,,,,,
最大插入力,92193,,,,,,,,,,
集电极-发射极最大电压,91919,,,,,,,,,,
最小直流电流增益 (hFE),91512,,,,,,,,,,
位大小,91061,,,,,,,,,,
总高度,91022,,,,,,,,,,
后壳类型,90755,,,,,,,,,,
峰值波长,90203,,,,,,,,,,
标称输出电压 1,89517,,,,,,,,,,
地址总线宽度,88897,,,,,,,,,,
I/O 线路数量,88566,,,,,,,,,,
最小输出电压 1,88397,,,,,,,,,,
最大输出电压 1,88321,,,,,,,,,,
最大电网调整率,88245,,,,,,,,,,
速度,87966,,,,,,,,,,
I/O 类型,87336,,,,,,,,,,
尺寸,86946,,,,,,,,,,
额定电压,86702,,,,,,,,,,
最大输出电流 1,83120,,,,,,,,,,
最小质量因数（标称电感时）,83116,,,,,,,,,,
最大时钟频率 (fCLK),81406,,,,,,,,,,
密封,81231,,,,,,,,,,
网络类型,81048,,,,,,,,,,
透镜类型,80910,,,,,,,,,,
最大正向电压 (VF),80114,,,,,,,,,,
负载电容（CL）,79162,,,,,,,,,,
最大功率耗散 (Abs),78896,,,,,,,,,,
标称发光强度,77818,,,,,,,,,,
ESR,77401,,,,,,,,,,
具有ADC,71379,,,,,,,,,,
视角,71363,,,,,,,,,,
FET 技术,71299,,,,,,,,,,
PWM 通道,71246,,,,,,,,,,
DMA 通道,71086,,,,,,,,,,
标称过渡频率 (fT),70889,,,,,,,,,,
ROM可编程性,69760,,,,,,,,,,
最大I（ol）,69323,,,,,,,,,,
连接器支架类型,68574,,,,,,,,,,
DAC 通道,67584,,,,,,,,,,
认证,67531,,,,,,,,,,
最大供电电流 (Isup),67514,,,,,,,,,,
Prop。Delay @ Nom-Sup,66518,,,,,,,,,,
最大回动电压 1,65203,,,,,,,,,,
耐用性,65074,,,,,,,,,,
最大控制电压,64648,,,,,,,,,,
最小控制电压,64635,,,,,,,,,,
安装选项2,63963,,,,,,,,,,
触发设备类型,63529,,,,,,,,,,
最大动态阻抗,63463,,,,,,,,,,
大小写代码,63236,,,,,,,,,,
工作温度TJ-Max,62841,,,,,,,,,,
最大反向电流,62034,,,,,,,,,,
最大反向恢复时间,61444,,,,,,,,,,
控制模式,61202,,,,,,,,,,
最大钳位电压,61177,,,,,,,,,,
线规,59245,,,,,,,,,,
编程电压,58634,,,,,,,,,,
最小漏源击穿电压,58325,,,,,,,,,,
最大切换频率,57068,,,,,,,,,,
频率偏移/牵引率,56860,,,,,,,,,,
最大漏极电流 (ID),56197,,,,,,,,,,
滤波器类型,55595,,,,,,,,,,
最大漏源导通电阻,55372,,,,,,,,,,
最小待机电流,55003,,,,,,,,,,
切换器配置,54580,,,,,,,,,,
输入次数,54266,,,,,,,,,,
极化密钥,54021,,,,,,,,,,
效率（主输出）,53974,,,,,,,,,,
连接类型,53861,,,,,,,,,,
筛选级别,53741,,,,,,,,,,
最大线径,53097,,,,,,,,,,
最小线径,52324,,,,,,,,,,
设备插槽类型,51870,,,,,,,,,,
击穿电压标称值,51767,,,,,,,,,,
第一元件电阻,50775,,,,,,,,,,
通路数,50150,,,,,,,,,,
层数,50097,,,,,,,,,,
环境特性,50042,,,,,,,,,,
ROM（单词）,50012,,,,,,,,,,
触点数,49694,,,,,,,,,,
撤离力-最小值,49347,,,,,,,,,,
使用的设备类型,49284,,,,,,,,,,
接触器设计,48797,,,,,,,,,,
行数,48473,,,,,,,,,,
RAM（字节）,47570,,,,,,,,,,
控制技术,46385,,,,,,,,,,
安全认证,46204,,,,,,,,,,
类型,45876,,,,,,,,,,
紧固方法,45832,,,,,,,,,,
工作温度TJ-Min,45160,,,,,,,,,,
接口集成电路类型,44795,,,,,,,,,,
最大电源电流（ICC）,44784,,,,,,,,,,
射频/微波设备类型,43050,,,,,,,,,,
放大器类型,42038,,,,,,,,,,
标称工作波长,41829,,,,,,,,,,
光纤设备类型,41580,,,,,,,,,,
串行总线类型,41464,,,,,,,,,,
断态重复峰值电压,41269,,,,,,,,,,
可调性,41247,,,,,,,,,,
额定（AC）电压（URac）,40509,,,,,,,,,,
重复峰值反向电压,40463,,,,,,,,,,
最长写入周期时间 (tWC),40229,,,,,,,,,,
CPU系列,39870,,,,,,,,,,
耐久性,39459,,,,,,,,,,
引线间距,39027,,,,,,,,,,
最大直流栅极触发电流,38353,,,,,,,,,,
最大输入失调电压,38249,,,,,,,,,,
标称回动电压 1,37896,,,,,,,,,,
末端触点材料,37882,,,,,,,,,,
可输出,36632,,,,,,,,,,
供电电压上限,36498,,,,,,,,,,
最大绝对输入电压,36415,,,,,,,,,,
输出阻抗,36280,,,,,,,,,,
最大工作波长,36197,,,,,,,,,,
最小工作波长,36191,,,,,,,,,,
最大脉冲漏极电流 (IDM),36071,,,,,,,,,,
最大通态电流,35659,,,,,,,,,,
转换器类型,35477,,,,,,,,,,
特性阻抗,35473,,,,,,,,,,
位置数,35023,,,,,,,,,,
最大均方根通态电流,34950,,,,,,,,,,
标称负供电电压 (Vsup),34502,,,,,,,,,,
最大漏极电流 (Abs) (ID),34157,,,,,,,,,,
数据轮询,33976,,,,,,,,,,
切换位,33941,,,,,,,,,,
访问模式,33861,,,,,,,,,,
触发器类型,33804,,,,,,,,,,
T代码,33670,,,,,,,,,,
命令用户界面,33531,,,,,,,,,,
最大绝缘电压,33462,,,,,,,,,,
线性度,33439,,,,,,,,,,
光纤类型,33364,,,,,,,,,,
末端触点镀层,32890,,,,,,,,,,
数据保留时间-最小值,32853,,,,,,,,,,
电路保护类型,32622,,,,,,,,,,
Samacsys Image,32508,,,,,,,,,,
PCB Footprint,32508,,,,,,,,,,
Samacsys Footprint Name,32508,,,,,,,,,,
Schematic Symbol,32508,,,,,,,,,,
Samacsys Status,32508,,,,,,,,,,
Samacsys Thumbnail Image,32508,,,,,,,,,,
Samacsys Package Category,32508,,,,,,,,,,
Samacsys Pin Count,32508,,,,,,,,,,
Samacsys PartID,32508,,,,,,,,,,
Samacsys Released Date,32508,,,,,,,,,,
Samacsys Confidence,32508,,,,,,,,,,
Samacsys Part Category,32508,,,,,,,,,,
最大输入功率 (CW),32421,,,,,,,,,,
可编程逻辑类型,32414,,,,,,,,,,
最大平均偏置电流 (IIB),32257,,,,,,,,,,
PCB 孔数,31482,,,,,,,,,,
板上安装选件,31439,,,,,,,,,,
特殊特征,31105,,,,,,,,,,
最小 fmax,30871,,,,,,,,,,
备用内存宽度,30648,,,,,,,,,,
最大电压驻波比,30353,,,,,,,,,,
内置特性,30190,,,,,,,,,,
中心触点镀层,29892,,,,,,,,,,
开关段数量,29793,,,,,,,,,,
刷新周期,29641,,,,,,,,,,
计数方向,29631,,,,,,,,,,
通信标准,29542,,,,,,,,,,
执行器材料,29422,,,,,,,,,,
最大正向电压,29236,,,,,,,,,,
执行器长度,29029,,,,,,,,,,
标称压摆率,28796,,,,,,,,,,
执行器角度,28496,,,,,,,,,,
继电器类型,28384,,,,,,,,,,
最大直流栅极触发电压,28376,,,,,,,,,,
最大插入损耗,28253,,,,,,,,,,
触点功能,27731,,,,,,,,,,
架构,27627,,,,,,,,,,
标称共模抑制比,27620,,,,,,,,,,
中心触点材料,27589,,,,,,,,,,
电信集成电路类型,26980,,,,,,,,,,
元件功耗,26948,,,,,,,,,,
部门数/规模,26894,,,,,,,,,,
部门规模,26854,,,,,,,,,,
自我刷新,26778,,,,,,,,,,
启动块,26734,,,,,,,,,,
传输类型,26422,,,,,,,,,,
雪崩能效等级（Eas）,26065,,,,,,,,,,
标称均一增益带宽,25979,,,,,,,,,,
分度角,25556,,,,,,,,,,
最大维持电流,25520,,,,,,,,,,
边界扫描,25444,,,,,,,,,,
施密特触发器,25365,,,,,,,,,,
继电器功能,25314,,,,,,,,,,
传感器/换能器类型,25213,,,,,,,,,,
喷头长度,24888,,,,,,,,,,
触点/输出电源类型,24653,,,,,,,,,,
额定分断能力,24522,,,,,,,,,,
线圈/输入电源类型,24461,,,,,,,,,,
控制类型,24380,,,,,,,,,,
写保护,24360,,,,,,,,,,
保护,24262,,,,,,,,,,
额定电压（交流）,24230,,,,,,,,,,
低功率模式,24088,,,,,,,,,,
工作时间,24005,,,,,,,,,,
商用集成电路类型,23969,,,,,,,,,,
套管直径,23878,,,,,,,,,,
低-失调,23865,,,,,,,,,,
频率补偿,23841,,,,,,,,,,
上升时间,23414,,,,,,,,,,
VCEsat-Max,23349,,,,,,,,,,
线圈电阻,23236,,,,,,,,,,
继电器动作,23212,,,,,,,,,,
最小阈值电流,23143,,,,,,,,,,
颜色@波长,23127,,,,,,,,,,
输出电平,23006,,,,,,,,,,
释放时间,22870,,,,,,,,,,
电阻容差,22852,,,,,,,,,,
电阻器/电容器网络类型,22795,,,,,,,,,,
电容器元件数量,22749,,,,,,,,,,
电阻器元件数量,22749,,,,,,,,,,
电容正容差,22748,,,,,,,,,,
电容负容差,22748,,,,,,,,,,
端子材料,22469,,,,,,,,,,
最大线性误差 (EL),22453,,,,,,,,,,
25C 时的最大偏置电流 (IIB),22309,,,,,,,,,,
最小电压增益,22123,,,,,,,,,,
片上程序ROM宽度,21944,,,,,,,,,,
2D Presentation,21723,,,,,,,,,,
3D View,21723,,,,,,,,,,
Samacsys Description,21405,,,,,,,,,,
负供电电压上限,21190,,,,,,,,,,
输入特性,21007,,,,,,,,,,
阻容元件数量,20922,,,,,,,,,,
最大线圈电压（直流）,20885,,,,,,,,,,
电路直流最大电压,20847,,,,,,,,,,
封装形状/形式,20637,,,,,,,,,,
电路RMS最大电压,20603,,,,,,,,,,
最大操作力,20599,,,,,,,,,,
最大能量吸收容量,20575,,,,,,,,,,
通态非重复峰值电流,20415,,,,,,,,,,
线圈工作电压（直流）,20349,,,,,,,,,,
阈值电压标称,20335,,,,,,,,,,
熔断特性,20224,,,,,,,,,,
终端性别,20077,,,,,,,,,,
最大漏电流,19963,,,,,,,,,,
驱动器位数,19214,,,,,,,,,,
输出类型,19196,,,,,,,,,,
线圈功率,19159,,,,,,,,,,
就绪/忙碌,18807,,,,,,,,,,
触点排列,18772,,,,,,,,,,
数据速率,18744,,,,,,,,,,
差分输出,18329,,,,,,,,,,
热敏电阻器应用,18272,,,,,,,,,,
格式,18135,,,,,,,,,,
接口标准,18008,,,,,,,,,,
关态电压最小值的临界上升速率,17926,,,,,,,,,,
最大接收延迟,17869,,,,,,,,,,
变压器类型,17816,,,,,,,,,,
执行器颜色,17738,,,,,,,,,,
低-偏置,17716,,,,,,,,,,
最大暗电源,17693,,,,,,,,,,
电阻定律,17465,,,,,,,,,,
电压温度Coeff-Max,17311,,,,,,,,,,
最大工作电流,17293,,,,,,,,,,
触点（直流）最大额定功率R负载,16835,,,,,,,,,,
电容器温度系数,16770,,,,,,,,,,
最大频率@ Nom-Sup,16673,,,,,,,,,,
功耗环境最大值,16469,,,,,,,,,,
线圈释放电压（直流）,16446,,,,,,,,,,
焦耳积分标称,16415,,,,,,,,,,
Coll-Emtr Bkdn Voltage-Min,16302,,,,,,,,,,
可编程延迟线,16105,,,,,,,,,,
抽头/阶步数,16086,,,,,,,,,,
微功率,16005,,,,,,,,,,
集成缓存,15995,,,,,,,,,,
输出位码,15800,,,,,,,,,,
最大线圈电流（直流）,15781,,,,,,,,,,
膝阻抗最大值,15441,,,,,,,,,,
基于收集器的最大容量,15371,,,,,,,,,,
旋转角,15320,,,,,,,,,,
标称电流传输比,15232,,,,,,,,,,
总延迟标称（td）,15228,,,,,,,,,,
最大模拟输入电压,15223,,,,,,,,,,
接收器位数,15104,,,,,,,,,,
照明,14768,,,,,,,,,,
外壳,14688,,,,,,,,,,
输出格式,14672,,,,,,,,,,
额定电压（直流）,14651,,,,,,,,,,
电容器温度特性代码,14584,,,,,,,,,,
模拟输入通道数量,14560,,,,,,,,,,
输入调节,14246,,,,,,,,,,
反向测试电压,14202,,,,,,,,,,
最小绝缘电阻,14202,,,,,,,,,,
可配置逻辑块数量,14075,,,,,,,,,,
最小模拟输入电压,14054,,,,,,,,,,
显示高度,13948,,,,,,,,,,
导线横截面,13818,,,,,,,,,,
周期时间,13713,,,,,,,,,,
温度系数跟踪,13614,,,,,,,,,,
最大反向电压,13603,,,,,,,,,,
最大直流电阻,13546,,,,,,,,,,
最高频带,13503,,,,,,,,,,
标称电路换相断开时间,13271,,,,,,,,,,
宽带,13193,,,,,,,,,,
标称衰减,13181,,,,,,,,,,
可编程功率,12986,,,,,,,,,,
功率,12923,,,,,,,,,,
输出范围,12868,,,,,,,,,,
RAM（字数）,12804,,,,,,,,,,
最大输出低电流,12801,,,,,,,,,,
采样速率,12798,,,,,,,,,,
增益,12752,,,,,,,,,,
最大通态电阻 (Ron),12722,,,,,,,,,,
输出函数,12576,,,,,,,,,,
电源连接器额定值,12559,,,,,,,,,,
光谱宽度,12543,,,,,,,,,,
传播延迟,12292,,,,,,,,,,
最长接通时间,12240,,,,,,,,,,
自定义功能,12093,,,,,,,,,,
逻辑单元数量,11890,,,,,,,,,,
等效关口数量,11823,,,,,,,,,,
最大输出时钟频率,11809,,,,,,,,,,
材料,11665,,,,,,,,,,
重复峰值关态漏电流最大值,11659,,,,,,,,,,
最小摆率,11615,,,,,,,,,,
纹波电压（主输出）,11449,,,,,,,,,,
通用闪存接口,11422,,,,,,,,,,
响应时间,11331,,,,,,,,,,
专用输入次数,11311,,,,,,,,,,
采样并保持/跟踪并保持,11282,,,,,,,,,,
串行 I/O 数,11212,,,,,,,,,,
实输出次数,11068,,,,,,,,,,
反相输出次数,11065,,,,,,,,,,
最长断开时间,11053,,,,,,,,,,
压力传感模式,11032,,,,,,,,,,
电阻器温度系数,10878,,,,,,,,,,
标称二极管电容,10790,,,,,,,,,,
执行器行程,10757,,,,,,,,,,
标称光功率输出,10741,,,,,,,,,,
页面大小,10679,,,,,,,,,,
最大反馈电容 (Crss),10638,,,,,,,,,,
最小共模抑制比,10625,,,,,,,,,,
最小输出摆幅,10613,,,,,,,,,,
标称断态隔离度,10514,,,,,,,,,,
频带,10448,,,,,,,,,,
翻译,10427,,,,,,,,,,
I2C控制字节,10382,,,,,,,,,,
最大电压温度系数,10235,,,,,,,,,,
负载/预设输入,10210,,,,,,,,,,
端口类型,10194,,,,,,,,,,
触点时间,10170,,,,,,,,,,
执行器方向,10130,,,,,,,,,,
输出接口类型,10105,,,,,,,,,,
最大关闭时间（toff）,10088,,,,,,,,,,
片上数据RAM宽度,9968,,,,,,,,,,
输入位码,9889,,,,,,,,,,
主时钟/晶体标称频率,9863,,,,,,,,,,
发射极/检测器类型,9810,,,,,,,,,,
Same Edge Skew-Max（tskwd）,9737,,,,,,,,,,
最大输出电压 2,9671,,,,,,,,,,
最小输出电压 2,9664,,,,,,,,,,
标称线圈电压,9629,,,,,,,,,,
介质耐电压,9625,,,,,,,,,,
标称输出电压 2,9609,,,,,,,,,,
DMA 通道数量,9599,,,,,,,,,,
计时器数量,9496,,,,,,,,,,
连续突发长度,9480,,,,,,,,,,
重量,9466,,,,,,,,,,
交错的突发长度,9458,,,,,,,,,,
继电器样式,9389,,,,,,,,,,
线圈与触点之间的介电强度,9371,,,,,,,,,,
中心频率或截止频率 (fo/fc),9359,,,,,,,,,,
最大传输延迟,9355,,,,,,,,,,
断开触点之间的介电强度,9340,,,,,,,,,,
输入格式,9190,,,,,,,,,,
最长转换时间,9188,,,,,,,,,,
最大输出电流 2,9105,,,,,,,,,,
最大开启时间（吨）,9098,,,,,,,,,,
转弯数量,9090,,,,,,,,,,
最大压力范围,9007,,,,,,,,,,
通态电阻匹配规范,8988,,,,,,,,,,
最大回动电压 2,8932,,,,,,,,,,
CLB-Max的组合延迟,8901,,,,,,,,,,
最小压力范围,8842,,,,,,,,,,
标称负供电电压,8753,,,,,,,,,,
输入切换控制类型,8529,,,,,,,,,,
标称带宽,8272,,,,,,,,,,
外部中断装置数量,8165,,,,,,,,,,
切换,8038,,,,,,,,,,
标称输出峰值电流,7995,,,,,,,,,,
电源电压1-最大,7868,,,,,,,,,,
电源电压1-分钟,7743,,,,,,,,,,
最大精度 (%),7680,,,,,,,,,,
绝缘电压,7575,,,,,,,,,,
烘炉供电电压,7378,,,,,,,,,,
标称输出功率,7342,,,,,,,,,,
标称总电阻,7279,,,,,,,,,,
控制接口,7275,,,,,,,,,,
最小二极管电容比,7220,,,,,,,,,,
最小质量因数,7204,,,,,,,,,,
最大二极管电容,7191,,,,,,,,,,
标称安定时间 (tstl),7182,,,,,,,,,,
最大输入失调电流 (IIO),7155,,,,,,,,,,
输入功率,7150,,,,,,,,,,
预热功率,7076,,,,,,,,,,
二极管电容容差,7017,,,,,,,,,,
最大预行程,7002,,,,,,,,,,
标称温度系数,6868,,,,,,,,,,
接通时间,6824,,,,,,,,,,
class,6778,,,,,,,,,,
最大模拟输出电压,6750,,,,,,,,,,
标称断开时间 (toff),6741,,,,,,,,,,
断开时间,6726,,,,,,,,,,
电源电压1-Nom,6725,,,,,,,,,,
最大电阻器端电压,6714,,,,,,,,,,
最小模拟输出电压,6700,,,,,,,,,,
标称接通时间 (ton),6699,,,,,,,,,,
最小电阻器端电压,6694,,,,,,,,,,
高电平输入电流最大值,6638,,,,,,,,,,
区段数,6618,,,,,,,,,,
触点（交流）最大额定功率R负载,6615,,,,,,,,,,
军用连接器配件名称,6576,,,,,,,,,,
标称响应时间,6541,,,,,,,,,,
组装件名称,6522,,,,,,,,,,
负电源电压最大值（Vsup）,6519,,,,,,,,,,
输出,6517,,,,,,,,,,
连接器Side1,6498,,,,,,,,,,
连接器Side2,6497,,,,,,,,,,
负电源电压最小值（Vsup）,6473,,,,,,,,,,
灵敏度,6462,,,,,,,,,,
次级绕组数量,6456,,,,,,,,,,
数据速率（发送）,6381,,,,,,,,,,
数据速率（接收）,6366,,,,,,,,,,
Case Style,6329,,,,,,,,,,
第二/最后一个元素电阻,6241,,,,,,,,,,
导体数量,6158,,,,,,,,,,
变容二极管分类,6022,,,,,,,,,,
频率稳定性-电压,6015,,,,,,,,,,
复用显示功能,5961,,,,,,,,,,
最大电阻容差,5905,,,,,,,,,,
最长预热时间,5844,,,,,,,,,,
电压驻波比,5839,,,,,,,,,,
输出阻抗标称值（Z0）,5811,,,,,,,,,,
输出电流流向,5796,,,,,,,,,,
快速连接描述,5751,,,,,,,,,,
螺丝端子的描述,5749,,,,,,,,,,
帮派号码,5508,,,,,,,,,,
极数,5499,,,,,,,,,,
系统内可编程,5489,,,,,,,,,,
JTAG BST,5489,,,,,,,,,,
套管类型,5457,,,,,,,,,,
最大通态电压,5423,,,,,,,,,,
宏单元数,5390,,,,,,,,,,
当前传输比率-最小值,5389,,,,,,,,,,
目前评级,5369,,,,,,,,,,
输出电压 1,5194,,,,,,,,,,
最长响应时间,5058,,,,,,,,,,
输入阻抗,5031,,,,,,,,,,
插入损耗,5001,,,,,,,,,,
内置保护,4916,,,,,,,,,,
总剂量,4858,,,,,,,,,,
初级电感,4834,,,,,,,,,,
相位噪声,4834,,,,,,,,,,
偏移频率,4824,,,,,,,,,,
保险丝尺寸,4759,,,,,,,,,,
总线兼容性,4718,,,,,,,,,,
高边驱动器,4715,,,,,,,,,,
可焊性,4670,,,,,,,,,,
热敏指数,4667,,,,,,,,,,
匝数比 (Np:Ns),4659,,,,,,,,,,
正常位置,4608,,,,,,,,,,
门极-发射极最大电压,4588,,,,,,,,,,
最大转折电压,4580,,,,,,,,,,
最小回损,4568,,,,,,,,,,
红外线范围,4567,,,,,,,,,,
输入频率最大值（fmax）,4529,,,,,,,,,,
VA 额定值,4513,,,,,,,,,,
谐波失真,4460,,,,,,,,,,
面板安装,4388,,,,,,,,,,
中心点击功能2,4359,,,,,,,,,,
中心点击功能1,4359,,,,,,,,,,
输出电流 1,4342,,,,,,,,,,
最大断态直流电压,4293,,,,,,,,,,
输出电路类型,4244,,,,,,,,,,
电源电流,4157,,,,,,,,,,
最大数据传输速率,4145,,,,,,,,,,
主要评分,4143,,,,,,,,,,
最大线圈电压（交流）,4097,,,,,,,,,,
反向引出线,4066,,,,,,,,,,
Source Url Status Check Date,3997,,,,,,,,,,
数据输入模式,3943,,,,,,,,,,
线性度 (%),3841,,,,,,,,,,
预放电的额定值,3796,,,,,,,,,,
最大噪声指数,3766,,,,,,,,,,
产品条款数,3705,,,,,,,,,,
最大二极管正向电阻,3634,,,,,,,,,,
可洗性,3614,,,,,,,,,,
最大频率,3600,,,,,,,,,,
最小频率,3595,,,,,,,,,,
最大电网调整率 (%/V),3543,,,,,,,,,,
少数载流子标称寿命,3513,,,,,,,,,,
工作频率,3403,,,,,,,,,,
输出功率,3395,,,,,,,,,,
字符数,3366,,,,,,,,,,
显示模式,3351,,,,,,,,,,
标称偏移,3340,,,,,,,,,,
换向电压的临界上升率-最小值,3227,,,,,,,,,,
外壳代码,3204,,,,,,,,,,
标称数据速率,3182,,,,,,,,,,
总长度,3166,,,,,,,,,,
执行器完成,3131,,,,,,,,,,
桶式移位器,3131,,,,,,,,,,
输入类型,3102,,,,,,,,,,
最小发光强度,3077,,,,,,,,,,
最大负载调整率 (%),3065,,,,,,,,,,
线圈电流（交流）最大值,3065,,,,,,,,,,
最大电缆入口数,3048,,,,,,,,,,
最大频率时的衰减,3035,,,,,,,,,,
最大稳定时间,3020,,,,,,,,,,
内部总线架构,2999,,,,,,,,,,
半导体材料,2929,,,,,,,,,,
最大通态电阻,2925,,,,,,,,,,
MIN_(V),2859,,,,,,,,,,
Ippm_(A),2859,,,,,,,,,,
Vwm_(V),2859,,,,,,,,,,
Vc_(V),2859,,,,,,,,,,
Ir_(uA),2859,,,,,,,,,,
MAX_(V),2859,,,,,,,,,,
Ppk(W),2859,,,,,,,,,,
信息访问方法,2854,,,,,,,,,,
预放电时间-分钟,2853,,,,,,,,,,
最大变频损耗,2851,,,,,,,,,,
高电位,2850,,,,,,,,,,
电线和电缆名称,2803,,,,,,,,,,
开关数量,2796,,,,,,,,,,
最大信号电流,2756,,,,,,,,,,
调制灵敏度,2737,,,,,,,,,,
标称输入触发电流,2694,,,,,,,,,,
混合内存类型,2693,,,,,,,,,,
电感,2690,,,,,,,,,,
最小断态峰值电压,2629,,,,,,,,,,
通信协议,2607,,,,,,,,,,
最小功率增益 (Gp),2562,,,,,,,,,,
电路配置,2539,,,,,,,,,,
断开时间或延迟,2536,,,,,,,,,,
最大精度（摄氏度）,2512,,,,,,,,,,
最大测量范围（毫米）,2483,,,,,,,,,,
紫外线可擦,2451,,,,,,,,,,
ROM大小（位）,2448,,,,,,,,,,
门极发射器阈值电压最大值,2447,,,,,,,,,,
控制电压,2439,,,,,,,,,,
输入/输出阻抗,2435,,,,,,,,,,
端子类型,2367,,,,,,,,,,
最小电缆入口,2357,,,,,,,,,,
数据/时钟输入次数,2339,,,,,,,,,,
二极管电阻测试电流,2336,,,,,,,,,,
最小测量范围（毫米）,2335,,,,,,,,,,
最大阈值电流,2320,,,,,,,,,,
最小截止频率,2319,,,,,,,,,,
标称带宽 (3dB),2304,,,,,,,,,,
触点的结构,2281,,,,,,,,,,
控制电流,2262,,,,,,,,,,
负电源额定电压,2251,,,,,,,,,,
最大截止频率,2183,,,,,,,,,,
Maximum reverse current,2170,,,,,,,,,,
初级绕组数量,2139,,,,,,,,,,
直连,2129,,,,,,,,,,
触点数量：侧 2,2121,,,,,,,,,,
触点数量：侧 1,2120,,,,,,,,,,
二极管电阻测试频率,2097,,,,,,,,,,
数据编码/解码方法,2083,,,,,,,,,,
最小差分输入-输出电压,2042,,,,,,,,,,
最大差分输入-输出电压,2039,,,,,,,,,,
包装材料,2025,,,,,,,,,,
最小绝缘直径,1999,,,,,,,,,,
肖特基势垒类型,1997,,,,,,,,,,
输出电压2,1970,,,,,,,,,,
最小增益,1937,,,,,,,,,,
相关的军用规格后壳,1932,,,,,,,,,,
最短时间,1920,,,,,,,,,,
耐热支撑装置类型,1896,,,,,,,,,,
介电常数,1893,,,,,,,,,,
增益变化,1889,,,,,,,,,,
电路功能,1878,,,,,,,,,,
中断能力,1874,,,,,,,,,,
易失性,1874,,,,,,,,,,
模式,1836,,,,,,,,,,
最大衰减频率 (+/- delta f),1835,,,,,,,,,,
标称调节电流 (Ireg),1830,,,,,,,,,,
最大限制电压,1829,,,,,,,,,,
接收类型,1703,,,,,,,,,,
已加载的行名,1700,,,,,,,,,,
最长触点回跳时间,1693,,,,,,,,,,
输出电流2,1692,,,,,,,,,,
最大降落时间（tf）,1674,,,,,,,,,,
平均输入功率,1669,,,,,,,,,,
输出数据总线宽度,1667,,,,,,,,,,
频率容差 (MHz),1663,,,,,,,,,,
VR(V),1657,,,,,,,,,,
VZ(Min),1657,,,,,,,,,,
IR(uA),1657,,,,,,,,,,
VZ(Nom),1657,,,,,,,,,,
Pd（W）,1657,,,,,,,,,,
VZ(Max),1657,,,,,,,,,,
IZT(mA),1657,,,,,,,,,,
导体材料,1641,,,,,,,,,,
最小二极管电容,1602,,,,,,,,,,
滤波器,1598,,,,,,,,,,
Maximum recurrent peak reverse voltage,1579,,,,,,,,,,
标称槽宽,1559,,,,,,,,,,
阵列中的LED数量,1530,,,,,,,,,,
最大磁场范围,1489,,,,,,,,,,
应用程序,1467,,,,,,,,,,
Maximum instantaneous forward voltage,1454,,,,,,,,,,
电缆类型,1435,,,,,,,,,,
完成厚度,1422,,,,,,,,,,
最小磁场范围,1420,,,,,,,,,,
用于,1420,,,,,,,,,,
有源滤波器类型,1371,,,,,,,,,,
响应,1342,,,,,,,,,,
全向,1342,,,,,,,,,,
额定功率,1341,,,,,,,,,,
Peak forward surge current,1320,,,,,,,,,,
衰减@频率最小值,1312,,,,,,,,,,
输出锁存器或寄存器,1298,,,,,,,,,,
最大延迟,1287,,,,,,,,,,
标称 R0,1273,,,,,,,,,,
适配器类型,1267,,,,,,,,,,
传递特性,1259,,,,,,,,,,
ET产品最小值,1245,,,,,,,,,,
TRR(nS),1216,,,,,,,,,,
标称光电流,1196,,,,,,,,,,
最大衰减频率,1195,,,,,,,,,,
最大输入触发电流,1186,,,,,,,,,,
光纤尺寸,1183,,,,,,,,,,
偏振,1176,,,,,,,,,,
切换时间,1174,,,,,,,,,,
极和零点,1171,,,,,,,,,,
最大隔离度,1146,,,,,,,,,,
本体颜色,1144,,,,,,,,,,
最大反向漏电流,1138,,,,,,,,,,
收发器数量,1130,,,,,,,,,,
最小电感 (L),1124,,,,,,,,,,
工具和机器名称,1122,,,,,,,,,,
压伸定律,1120,,,,,,,,,,
Package,1093,,,,,,,,,,
像素大小,1087,,,,,,,,,,
中心频率或截止频率最大范围,1081,,,,,,,,,,
频带数量,1076,,,,,,,,,,
保险丝类,1075,,,,,,,,,,
最小隔离度,1071,,,,,,,,,,
阵列类型,1053,,,,,,,,,,
最大电容,1046,,,,,,,,,,
最小电容,1046,,,,,,,,,,
观察区域高度,1043,,,,,,,,,,
最长读取时间,1040,,,,,,,,,,
主体直径,1039,,,,,,,,,,
峰值浪涌电流,1036,,,,,,,,,,
标称滞后比,1026,,,,,,,,,,
脉冲输入最大功率,1025,,,,,,,,,,
闪存,1024,,,,,,,,,,
设备核心,1024,,,,,,,,,,
时钟速度,1024,,,,,,,,,,
核心架构,1024,,,,,,,,,,
内存,1024,,,,,,,,,,
接触（交流）最大额定负载I,1016,,,,,,,,,,
间隙大小,998,,,,,,,,,,
灵敏度（mV / V）,988,,,,,,,,,,
片上内存类型,954,,,,,,,,,,
功率变化,935,,,,,,,,,,
最小转折电压,924,,,,,,,,,,
解调类型,922,,,,,,,,,,
中心频率或截止频率最小范围,921,,,,,,,,,,
滞后,906,,,,,,,,,,
阶次,895,,,,,,,,,,
标称通态集电极电流,894,,,,,,,,,,
最大阻抗,890,,,,,,,,,,
能够,888,,,,,,,,,,
光谱带宽,883,,,,,,,,,,
最大输入功率,879,,,,,,,,,,
最大电感 (L),872,,,,,,,,,,
最小衰减频率,854,,,,,,,,,,
最大脉冲上升时间,848,,,,,,,,,,
ADC分辨率,842,,,,,,,,,,
最大电压增益,842,,,,,,,,,,
Adc通道,842,,,,,,,,,,
最大非线性,827,,,,,,,,,,
动态范围,824,,,,,,,,,,
TJ(℃）,820,,,,,,,,,,
线圈运行电压（AC）,815,,,,,,,,,,
标称电压增益,813,,,,,,,,,,
水平像素,802,,,,,,,,,,
最大输出频率,802,,,,,,,,,,
垂直像素,790,,,,,,,,,,
最小反向击穿电压,789,,,,,,,,,,
相关军用规格,782,,,,,,,,,,
底板数,776,,,,,,,,,,
设计用途,759,,,,,,,,,,
信号线数量,748,,,,,,,,,,
电磁干扰屏蔽,743,,,,,,,,,,
衰减频率（+/-Δf）-最小值,742,,,,,,,,,,
显示配置,738,,,,,,,,,,
最大上升时间（tr）,731,,,,,,,,,,
滞留,721,,,,,,,,,,
热身时间,717,,,,,,,,,,
VRRM (V),716,,,,,,,,,,
VF (V),716,,,,,,,,,,
IFSM (A),716,,,,,,,,,,
IF（A）,712,,,,,,,,,,
标称维持电流,710,,,,,,,,,,
观察区域长度,706,,,,,,,,,,
响应度,701,,,,,,,,,,
标称输出电压（调频）,671,,,,,,,,,,
负载电阻,656,,,,,,,,,,
位数/字符,639,,,,,,,,,,
初级类型,620,,,,,,,,,,
信道分离,618,,,,,,,,,,
带宽 (+/- delta f),610,,,,,,,,,,
Maximum average forward rectified current,601,,,,,,,,,,
熔断时间,594,,,,,,,,,,
线性编码,591,,,,,,,,,,
直流不平衡电流最大值,581,,,,,,,,,,
总深度,578,,,,,,,,,,
驱动类型,576,,,,,,,,,,
最小动态阻抗,573,,,,,,,,,,
@IVA(A),558,,,,,,,,,,
多匝,552,,,,,,,,,,
调节器方向,551,,,,,,,,,,
光学格式,530,,,,,,,,,,
导体表面处理,525,,,,,,,,,,
内置中频放大器,512,,,,,,,,,,
视频标准,508,,,,,,,,,,
最小连续输出功率,496,,,,,,,,,,
LO 可调谐,495,,,,,,,,,,
主体材料,488,,,,,,,,,,
最大增益公差,485,,,,,,,,,,
调制技术,482,,,,,,,,,,
驱动器接口标准,477,,,,,,,,,,
光谱响应 (nm),472,,,,,,,,,,
并联电容,471,,,,,,,,,,
IF(A),457,,,,,,,,,,
最小阻抗,456,,,,,,,,,,
输出电压标称（AM）,449,,,,,,,,,,
面层,449,,,,,,,,,,
标称上拉电阻,447,,,,,,,,,,
信噪比Nom（FM）,446,,,,,,,,,,
1dB压缩点,441,,,,,,,,,,
@ IF (A),437,,,,,,,,,,
@IF(A),433,,,,,,,,,,
主阻抗,428,,,,,,,,,,
独立键数量,423,,,,,,,,,,
输入连接器,423,,,,,,,,,,
插入损耗@最大频率,423,,,,,,,,,,
Storage Temperature Range,420,,,,,,,,,,
准时,418,,,,,,,,,,
插入损耗@频率-最小值,418,,,,,,,,,,
输出连接器,416,,,,,,,,,,
偏振模式,415,,,,,,,,,,
二次阻抗,412,,,,,,,,,,
输出兼容性,411,,,,,,,,,,
运营商类型,411,,,,,,,,,,
标称噪声指数,402,,,,,,,,,,
最大共模电压,402,,,,,,,,,,
显示格式,394,,,,,,,,,,
分区数量-最多,391,,,,,,,,,,
分区数量-最少,391,,,,,,,,,,
最小输出电流,383,,,,,,,,,,
鳍板方向,379,,,,,,,,,,
Collector-emitter breakdown voltage,376,,,,,,,,,,
Transition frequency,376,,,,,,,,,,
峰值一次电流,372,,,,,,,,,,
主机接口标准,367,,,,,,,,,,
最大输入频率（射频）,363,,,,,,,,,,
次级电感,360,,,,,,,,,,
最大中频频率,360,,,,,,,,,,
插入损耗（发送）,359,,,,,,,,,,
Datasheet Url,358,,,,,,,,,,
compound_id,358,,,,,,,,,,
插入损耗（接收）,357,,,,,,,,,,
Objectid,352,,,,,,,,,,
最大射频输入频率,351,,,,,,,,,,
最小中频频率,347,,,,,,,,,,
最小输入频率（射频）,345,,,,,,,,,,
帧速率,343,,,,,,,,,,
热阻,334,,,,,,,,,,
脉冲输入功率最小值,330,,,,,,,,,,
内存组织,329,,,,,,,,,,
电池馈电,328,,,,,,,,,,
晶体频率,328,,,,,,,,,,
额定电流（功率）,327,,,,,,,,,,
最小射频输入频率,326,,,,,,,,,,
破损率,325,,,,,,,,,,
接收中心频率,324,,,,,,,,,,
标称工作电压,323,,,,,,,,,,
发送中心频率,323,,,,,,,,,,
最大正输入电压,317,,,,,,,,,,
最小输出功率,316,,,,,,,,,,
电池供电,315,,,,,,,,,,
典型工作电流,315,,,,,,,,,,
主时钟,312,,,,,,,,,,
最大直流电压,311,,,,,,,,,,
触点（交流）最大额定M负载,311,,,,,,,,,,
每次显示的行数,307,,,,,,,,,,
每行字符数,307,,,,,,,,,,
DC current gain - Min,306,,,,,,,,,,
DC current gain - Max,306,,,,,,,,,,
频率微调,304,,,,,,,,,,
电池电量耗尽指示,304,,,,,,,,,,
字符字体类型,297,,,,,,,,,,
Collector Current - Continuous,295,,,,,,,,,,
警报,292,,,,,,,,,,
下变频增益-最小值,291,,,,,,,,,,
垂直像素数,291,,,,,,,,,,
水平像素数,291,,,,,,,,,,
IVA(A),279,,,,,,,,,,
端口终止,277,,,,,,,,,,
标称振荡器频率,273,,,,,,,,,,
端口配置,266,,,,,,,,,,
音频类型,265,,,,,,,,,,
气流量,265,,,,,,,,,,
引脚直径,263,,,,,,,,,,
主机数据传输速率最大值,263,,,,,,,,,,
最大相移,262,,,,,,,,,,
最大光输入功率,260,,,,,,,,,,
轮廓,260,,,,,,,,,,
消隐输出,259,,,,,,,,,,
最大噪声,259,,,,,,,,,,
混合,259,,,,,,,,,,
输入模式,257,,,,,,,,,,
最小相移,253,,,,,,,,,,
Timer Basic TM (16bit),251,,,,,,,,,,
Connectivity OP-AMP,251,,,,,,,,,,
Analog Interface 12bit ADC Units (CHs),251,,,,,,,,,,
Timer SysTick (24bit),251,,,,,,,,,,
Connectivity USART,251,,,,,,,,,,
Memory (Bytes) Flash,251,,,,,,,,,,
Connectivity Comp,251,,,,,,,,,,
Connectivity I2S,251,,,,,,,,,,
Connectivity SPI,251,,,,,,,,,,
Timer RTC,251,,,,,,,,,,
区块数量,251,,,,,,,,,,
Timer Advanced TM (16bit),251,,,,,,,,,,
Timer WDG,251,,,,,,,,,,
Connectivity I2C,251,,,,,,,,,,
Max Speed (MHz),251,,,,,,,,,,
I/O,251,,,,,,,,,,
Timer GPTM (16bit),251,,,,,,,,,,
Analog Interface 12bit DAC Units,251,,,,,,,,,,
Connectivity USB 2 FS,251,,,,,,,,,,
Timer GPTM (32bit),251,,,,,,,,,,
Memory (Bytes) SRAM,251,,,,,,,,,,
PSRR-Min,250,,,,,,,,,,
切换速度,249,,,,,,,,,,
串声,248,,,,,,,,,,
轴承类型,243,,,,,,,,,,
预期寿命,240,,,,,,,,,,
最小正切信号灵敏度,240,,,,,,,,,,
线性度（Cel）,233,,,,,,,,,,
运营商类型（2）,229,,,,,,,,,,
噪声,229,,,,,,,,,,
外套材料,220,,,,,,,,,,
Source Content uid,212,,,,,,,,,,
-,212,,,,,,,,,,
传输媒体,210,,,,,,,,,,
工作位置,208,,,,,,,,,,
灵敏度（mV / G）,206,,,,,,,,,,
灵敏度（V / lx.s）,206,,,,,,,,,,
线圈释放电压（AC）,204,,,,,,,,,,
标称采集时间,203,,,,,,,,,,
最大负输入电压,203,,,,,,,,,,
触点尺寸,203,,,,,,,,,,
最长采集时间,197,,,,,,,,,,
信道间隔,195,,,,,,,,,,
Beamwidth-H,186,,,,,,,,,,
输入功率最小值（CW）,186,,,,,,,,,,
束宽-E,184,,,,,,,,,,
变化控制机构,184,,,,,,,,,,
Status,183,,,,,,,,,,
Datasheet,183,,,,,,,,,,
Package  Type,183,,,,,,,,,,
正向电压最小值（VF）,182,,,,,,,,,,
窗口尺寸,180,,,,,,,,,,
Features,176,,,,,,,,,,
最小衰减,176,,,,,,,,,,
最小可调时间延迟,175,,,,,,,,,,
最大可调时间延迟,174,,,,,,,,,,
最小绝缘电压,167,,,,,,,,,,
最大次级负载,164,,,,,,,,,,
储备,148,,,,,,,,,,
最小负电源电压,147,,,,,,,,,,
接触节圆直径,143,,,,,,,,,,
@VR,141,,,,,,,,,,
TRR（nS),141,,,,,,,,,,
@IF（uA）,141,,,,,,,,,,
IF（mA）,141,,,,,,,,,,
最大下降率,140,,,,,,,,,,
最小输出频率,140,,,,,,,,,,
Vin  (max)(V),139,,,,,,,,,,
Vin  (min)(V),139,,,,,,,,,,
锁定直播画面,136,,,,,,,,,,
可重复性,134,,,,,,,,,,
最大负电源电压,133,,,,,,,,,,
电池类型,131,,,,,,,,,,
最大牵引值,130,,,,,,,,,,
最小牵引值,130,,,,,,,,,,
设备已开启,126,,,,,,,,,,
输出代码,121,,,,,,,,,,
RF输出最大频率,120,,,,,,,,,,
分辨率,120,,,,,,,,,,
DIN标准,119,,,,,,,,,,
输入代码,118,,,,,,,,,,
精度等级,116,,,,,,,,,,
参照点,114,,,,,,,,,,
ISDN访问速率,110,,,,,,,,,,
模拟输入最大值,108,,,,,,,,,,
最大输出功率,108,,,,,,,,,,
最小输出高电压,107,,,,,,,,,,
最大输出低电压,107,,,,,,,,,,
字符数组大小,105,,,,,,,,,,
RF输出频率-最小值,105,,,,,,,,,,
背景颜色数量,103,,,,,,,,,,
杜比类型,101,,,,,,,,,,
播放/录制模式,101,,,,,,,,,,
外部页面内存支持,100,,,,,,,,,,
视频输入处理器,100,,,,,,,,,,
Vout  (min)(V),97,,,,,,,,,,
Vout  (max)(V),97,,,,,,,,,,
Output  Adj.  Method,96,,,,,,,,,,
晶体频率标称,92,,,,,,,,,,
带宽,91,,,,,,,,,,
每帧的行数,90,,,,,,,,,,
IAV(V),89,,,,,,,,,,
Frequency,88,,,,,,,,,,
40dB Band Width(KHz),86,,,,,,,,,,
3dB Band Width(KHz),86,,,,,,,,,,
6dB Band Width(KHz),86,,,,,,,,,,
Stop Band Attenuation(dB),86,,,,,,,,,,
50dB Band Width(KHz),86,,,,,,,,,,
Ripple,86,,,,,,,,,,
Iq  (typ)(mA),85,,,,,,,,,,
杜比水平规范,81,,,,,,,,,,
最大峰点电流,81,,,,,,,,,,
Freq  (typ)(kHz),81,,,,,,,,,,
电池尺寸,80,,,,,,,,,,
OUTLINE,79,,,,,,,,,,
最大测量范围（度）,79,,,,,,,,,,
F(KN),79,,,,,,,,,,
总抵抗力,78,,,,,,,,,,
最大传输功率,78,,,,,,,,,,
IFM(A),77,,,,,,,,,,
VFM(V),77,,,,,,,,,,
后壳线缆夹,75,,,,,,,,,,
Freq  (min)(kHz),74,,,,,,,,,,
Freq  (max)(kHz),74,,,,,,,,,,
压力,73,,,,,,,,,,
Preset Vout(V),73,,,,,,,,,,
Pd（mW）,70,,,,,,,,,,
R2(KΩ）,70,,,,,,,,,,
IC (mA),70,,,,,,,,,,
R1/R2_TYPE,70,,,,,,,,,,
R1(KΩ）,70,,,,,,,,,,
最小谷点电流,68,,,,,,,,,,
运营商类型（3）,68,,,,,,,,,,
最大基极间静态电阻,67,,,,,,,,,,
最小本征偏离比,67,,,,,,,,,,
最大发射极电流,67,,,,,,,,,,
最小基极间静态电阻,67,,,,,,,,,,
最大本征偏离比,67,,,,,,,,,,
语言数量,66,,,,,,,,,,
Insertion Loss(dB),65,,,,,,,,,,
Bandwidth-1_5dB,65,,,,,,,,,,
上转换增益-最小值,65,,,,,,,,,,
Center Frequency(MHz),65,,,,,,,,,,
标准,64,,,,,,,,,,
电池化学特性,64,,,,,,,,,,
内部存储页数,64,,,,,,,,,,
电压,64,,,,,,,,,,
最大基极间电压,63,,,,,,,,,,
Current Limit  (typ)(A),63,,,,,,,,,,
D(±0_1),62,,,,,,,,,,
Model Number,62,,,,,,,,,,
T(±0_05),62,,,,,,,,,,
d(±0_2),62,,,,,,,,,,
Staic Capacitance (PF)±30%,62,,,,,,,,,,
Resonant Frequency(KHz),62,,,,,,,,,,
Resonant Impedance(Ω Max),62,,,,,,,,,,
Sound Carrier(dB),61,,,,,,,,,,
输出电流标称,61,,,,,,,,,,
PC-SC Distance(MHz),61,,,,,,,,,,
Color Carrier(dB),61,,,,,,,,,,
F(MHz),61,,,,,,,,,,
Ron_HS  (typ)(mOhm),60,,,,,,,,,,
Ron_LS  (typ)(mOhm),60,,,,,,,,,,
Number of  Outputs,60,,,,,,,,,,
Iout  (max)(A),60,,,,,,,,,,
Ext  Sync,60,,,,,,,,,,
容量,58,,,,,,,,,,
Dimensions(mm),56,,,,,,,,,,
Stability in Temperature(%),56,,,,,,,,,,
Frequency Accuracy(%),56,,,,,,,,,,
Pd(W),56,,,,,,,,,,
Frequency Range(MHz),56,,,,,,,,,,
Aging For Ten Years(%),56,,,,,,,,,,
Valley Current-Min,55,,,,,,,,,,
峰值电流最大值,55,,,,,,,,,,
Gate trigger voltage,55,,,,,,,,,,
IFSM(KA),54,,,,,,,,,,
最大总误差,51,,,,,,,,,,
最大谐波电平,50,,,,,,,,,,
轴数,49,,,,,,,,,,
ITSM(KA),48,,,,,,,,,,
触点数量,45,,,,,,,,,,
每像素最大位数,45,,,,,,,,,,
输出平坦度,44,,,,,,,,,,
横截面积,43,,,,,,,,,,
谐振频率标称,43,,,,,,,,,,
触点类型,41,,,,,,,,,,
最长地址转换时间,41,,,,,,,,,,
可寻址页面数量,41,,,,,,,,,,
触点（交流）最大额定功率M负载,40,,,,,,,,,,
移除工具,37,,,,,,,,,,
阳极到阴极的最大电压,36,,,,,,,,,,
IRRM(MA),36,,,,,,,,,,
最小测量范围（度）,35,,,,,,,,,,
Accuracy(+/- %),35,,,,,,,,,,
插入工具,34,,,,,,,,,,
输出价值最小值,33,,,,,,,,,,
PACKAGE,33,,,,,,,,,,
@VGS(V),33,,,,,,,,,,
VTH(GS),33,,,,,,,,,,
Rds_max(Ω）,33,,,,,,,,,,
V(BR)DS_min(V),33,,,,,,,,,,
ID_max(A),33,,,,,,,,,,
超噪比,32,,,,,,,,,,
匹配联系人,31,,,,,,,,,,
parentfamilyid,30,,,,,,,,,,
功率输出密度,29,,,,,,,,,,
最小输出电压灵敏度,28,,,,,,,,,,
OVP,27,,,,,,,,,,
HV Start-up,27,,,,,,,,,,
Peak load Application,27,,,,,,,,,,
Switching Frequency_Peak(kHz),27,,,,,,,,,,
UVLO OFF(V),27,,,,,,,,,,
Brown-in/out,27,,,,,,,,,,
VDD OVP(V),27,,,,,,,,,,
Feedback Regulation Mode,27,,,,,,,,,,
Programmable Burst/Green-mode,27,,,,,,,,,,
UVLO ON(V),27,,,,,,,,,,
CCM/Valley Multi-mode,27,,,,,,,,,,
External OTP,27,,,,,,,,,,
Switching Frequency_Normal(kHz),27,,,,,,,,,,
IT(A),26,,,,,,,,,,
VTM(V),26,,,,,,,,,,
IGT(mA）,26,,,,,,,,,,
IT(Av)(A),26,,,,,,,,,,
组成部分 1 的部件说明,25,,,,,,,,,,
芯片组的组成部分 1,25,,,,,,,,,,
Iq  (typ)(uA),25,,,,,,,,,,
信号/输出频率,25,,,,,,,,,,
传真率,24,,,,,,,,,,
唯一插入编号,24,,,,,,,,,,
分光比/耦合比,24,,,,,,,,,,
Vref(V),23,,,,,,,,,,
Io(mA),23,,,,,,,,,,
IPP(A),23,,,,,,,,,,
Cj(pF),23,,,,,,,,,,
VC(V),23,,,,,,,,,,
其他说明,23,,,,,,,,,,
VBR(V),23,,,,,,,,,,
VRWM(V),23,,,,,,,,,,
category,23,,,,,,,,,,
IT(mA),23,,,,,,,,,,
Pd(mW),23,,,,,,,,,,
Current Limit  (typ)(mA),22,,,,,,,,,,
Vdropout @   rated current   (typ)(mV),22,,,,,,,,,,
IGT(MA),22,,,,,,,,,,
Iout  (max)(mA),22,,,,,,,,,,
IT（Av）,22,,,,,,,,,,
Charge Pump,22,,,,,,,,,,
Cout  (min)(uF),22,,,,,,,,,,
Cout  Type,22,,,,,,,,,,
Bias Rail,22,,,,,,,,,,
最大跟踪速率,20,,,,,,,,,,
最大角精度,20,,,,,,,,,,
前后比率,20,,,,,,,,,,
电路终端,20,,,,,,,,,,
芯片组的组成部分 2,19,,,,,,,,,,
组成部分 2 的部件说明,19,,,,,,,,,,
有效面积,18,,,,,,,,,,
切向信号灵敏度-最小值,18,,,,,,,,,,
Test Current IT(mA),17,,,,,,,,,,
VCL(V),17,,,,,,,,,,
额定电流 (Ip:Is),17,,,,,,,,,,
Reverse Breakdown  Voltage VBR(V) @IT,17,,,,,,,,,,
Typical IR@ 85,17,,,,,,,,,,
Ipp(A),17,,,,,,,,,,
Max_ Reverse Leakage,17,,,,,,,,,,
Stand-off Voltage Vso(V),17,,,,,,,,,,
最大切换电压,16,,,,,,,,,,
背光,16,,,,,,,,,,
截止电压,15,,,,,,,,,,
像素格式,14,,,,,,,,,,
防水等级,14,,,,,,,,,,
最小开关电压,14,,,,,,,,,,
RF(mΩ),13,,,,,,,,,,
流体类型,13,,,,,,,,,,
Vs  (typ)(V),13,,,,,,,,,,
AEC Qualified,12,,,,,,,,,,
Package Outlines,12,,,,,,,,,,
Condition2_IC (mA),12,,,,,,,,,,
PD (W) max.,12,,,,,,,,,,
类别,12,,,,,,,,,,
备用联系人功能,12,,,,,,,,,,
Condition1_VCE (V),12,,,,,,,,,,
调制类型,12,,,,,,,,,,
IC (A),12,,,,,,,,,,
符合RoHS,12,,,,,,,,,,
hFE  max,12,,,,,,,,,,
VCE (sat) (V),12,,,,,,,,,,
符合Reach,12,,,,,,,,,,
最大插塞直径,12,,,,,,,,,,
Condition2_IB (mA),12,,,,,,,,,,
Condition1_IC (mA),12,,,,,,,,,,
fT (MHz) min.,12,,,,,,,,,,
V(BR)CEO (V) min.,12,,,,,,,,,,
hFE  min,12,,,,,,,,,,
Ron  (typ)(mOhm),11,,,,,,,,,,
调谐范围,11,,,,,,,,,,
Pc（W）,11,,,,,,,,,,
偏压,11,,,,,,,,,,
Input  Source,11,,,,,,,,,,
Battery Charge Voltage  (max)(V),11,,,,,,,,,,
Number  of  Outputs,11,,,,,,,,,,
Battery Charge Current  (max)(A),11,,,,,,,,,,
IC(A),11,,,,,,,,,,
风评,10,,,,,,,,,,
最小响应度,10,,,,,,,,,,
接口,10,,,,,,,,,,
Number  of  LED  Drivers,9,,,,,,,,,,
Number  of  Negative  Outputs,9,,,,,,,,,,
Number  of  Buck  Converters,9,,,,,,,,,,
芯片组的成分3,9,,,,,,,,,,
Number  of  Channels,9,,,,,,,,,,
Number  of  Boost  Converters,9,,,,,,,,,,
激励频率,9,,,,,,,,,,
成分3的部分描述,9,,,,,,,,,,
Number  of  LDO  Regulators,9,,,,,,,,,,
频率响应,9,,,,,,,,,,
暗电阻,8,,,,,,,,,,
对角线尺寸,8,,,,,,,,,,
Iocp  Adjustable,8,,,,,,,,,,
Current  Limit  (typ)(A),8,,,,,,,,,,
Safety,8,,,,,,,,,,
FLAG  Indicator,8,,,,,,,,,,
Vcc  (typ)(V),7,,,,,,,,,,
Repetitive peak off-state voltages,7,,,,,,,,,,
最小探测灵敏度,7,,,,,,,,,,
Anti-resonant Frequency(fa),7,,,,,,,,,,
I2t(A2S),7,,,,,,,,,,
Resonant Resistance,7,,,,,,,,,,
IC,7,,,,,,,,,,
@VAK(V),7,,,,,,,,,,
Number of  Phases,7,,,,,,,,,,
Delta F(Fa-Fr),7,,,,,,,,,,
@IDRM(uA),7,,,,,,,,,,
Gate trigger current,7,,,,,,,,,,
On-State Current,7,,,,,,,,,,
Center Frequency (fn)(KHz),7,,,,,,,,,,
Accuracy  (Vout&gt;=1V)(+/- %),7,,,,,,,,,,
直流发射极电流（PNP）-最大值,6,,,,,,,,,,
Vs  (max)(V),6,,,,,,,,,,
直流发射极电流（NPN）-最大值,6,,,,,,,,,,
光敏面积,6,,,,,,,,,,
VID  Table  Support,6,,,,,,,,,,
Number of  MOSFET  Drivers,6,,,,,,,,,,
标准充电电流,6,,,,,,,,,,
MSL等级,6,,,,,,,,,,
从发射器到基本电压限制（NPN）-最大值,6,,,,,,,,,,
Vs  (min)(V),6,,,,,,,,,,
Built-in  DAC  Generator,6,,,,,,,,,,
从发射极到基本电压极限（PNP）-最大值,6,,,,,,,,,,
最大视频电阻,5,,,,,,,,,,
备用联系人来源,5,,,,,,,,,,
参考编号,5,,,,,,,,,,
军用连接器配件,5,,,,,,,,,,
外部尺寸,4,,,,,,,,,,
谐振电阻,4,,,,,,,,,,
CC Pins,4,,,,,,,,,,
Power Role,4,,,,,,,,,,
开路输出电压,4,,,,,,,,,,
芯片组的成分4,4,,,,,,,,,,
旋转度,4,,,,,,,,,,
PWM Controller,4,,,,,,,,,,
标称频率,4,,,,,,,,,,
激励功率,4,,,,,,,,,,
成分4的零件描述,4,,,,,,,,,,
VBUS Discharge,4,,,,,,,,,,
Internal Power Path,4,,,,,,,,,,
Max Output Voltage(V),4,,,,,,,,,,
绿色产品,4,,,,,,,,,,
PD Version,4,,,,,,,,,,
Syn. Rectifier,4,,,,,,,,,,
Alternate Mode,4,,,,,,,,,,
Data Role,4,,,,,,,,,,
Iq (Typ)(μA),4,,,,,,,,,,
峰值电压最大值,4,,,,,,,,,,
Policy Manager,4,,,,,,,,,,
频差,4,,,,,,,,,,
External Power Path Control,4,,,,,,,,,,
MCU Integrated,4,,,,,,,,,,
Realtime VBUS Monitoring,4,,,,,,,,,,
标准充电时间,4,,,,,,,,,,
工作温度,4,,,,,,,,,,
Dead Battery Support,4,,,,,,,,,,
谷点最大电压,4,,,,,,,,,,
Isource/Isink  (max)(A),3,,,,,,,,,,
Built-in  Power  MOSFETs,3,,,,,,,,,,
Memory  Supported,3,,,,,,,,,,
Iout  (typ)(mA),3,,,,,,,,,,
Isd  (typ)(uA),3,,,,,,,,,,
Voffset  (typ)(mV),3,,,,,,,,,,
Ipeak  (typ)(mA),3,,,,,,,,,,
PSRR  (typ)(dB),3,,,,,,,,,,
插入工具源,3,,,,,,,,,,
Slew  Rate(V/us),3,,,,,,,,,,
Standby Current  (typ)(mA),3,,,,,,,,,,
VTT Output Tolerance  (max)(+/- mV),3,,,,,,,,,,
CMRR  (typ)(dB),3,,,,,,,,,,
AVOL  (typ)(dB),3,,,,,,,,,,
Vds  (max)(V),3,,,,,,,,,,
Fsw,2,,,,,,,,,,
Number  of  Series  Cells,2,,,,,,,,,,
Dimming  Control,2,,,,,,,,,,
SW  Freq  (typ)(kHz),2,,,,,,,,,,
Efficiency,2,,,,,,,,,,
Supply Voltage,2,,,,,,,,,,
Reset  Delay  Time  (typ)(ms),2,,,,,,,,,,
Topology,2,,,,,,,,,,
Accuracy(±%),2,,,,,,,,,,
Reset  Time-out  Period  (typ)(ms),2,,,,,,,,,,
Iout  (max)/channel(mA),2,,,,,,,,,,
Supply  Voltage  (min)(V),2,,,,,,,,,,
Number  of  LEDs  (max)(pcs),2,,,,,,,,,,
Supply  Voltage  (max)(V),2,,,,,,,,,,
VTH  (max)(V),2,,,,,,,,,,
Communication  Interface,2,,,,,,,,,,
中心频率标称（fo）,2,,,,,,,,,,
光电阻,2,,,,,,,,,,
Reset  Active  Type,2,,,,,,,,,,
VTH  (min)(V),2,,,,,,,,,,
备用联系人,2,,,,,,,,,,
Temperature,2,,,,,,,,,,
移除工具源,2,,,,,,,,,,
开关电压,2,,,,,,,,,,
LGATE Fall Time  (typ)(ns),1,,,,,,,,,,
Ron  (typ)(Ohm),1,,,,,,,,,,
LGATE Source Resistance  (typ)(Ohm),1,,,,,,,,,,
Disable  Pin,1,,,,,,,,,,
Number of  Channels,1,,,,,,,,,,
Amplifier Ratio,1,,,,,,,,,,
UGATE Source Resistance  (typ)(Ohm),1,,,,,,,,,,
LGATE Sink Resistance  (typ)(Ohm),1,,,,,,,,,,
UGATE Rise Time  (typ)(ns),1,,,,,,,,,,
UGATE Sink Resistance  (typ)(Ohm),1,,,,,,,,,,
Freq  Adj,1,,,,,,,,,,
SW Current Limit  (typ)(A),1,,,,,,,,,,
输入通道数量,1,,,,,,,,,,
"Drain to Source Breakdown Voltage, BVDSS(V)",1,,,,,,,,,,
Max. Vce(V),1,,,,,,,,,,
UGATE Fall Time  (typ)(ns),1,,,,,,,,,,
"Driver Supply Voltage, V15V, Max(V)",1,,,,,,,,,,
"MCU supply voltage, V5V, Min(V)",1,,,,,,,,,,
"Drain-to-Source On-Resistance, Max RDS_ON(ohm)",1,,,,,,,,,,
"Driver Supply Voltage, V15V, Min(V)",1,,,,,,,,,,
Built-In  Bootstrap  Diode,1,,,,,,,,,,
ADC resolution(bits),1,,,,,,,,,,
输出通道数量,1,,,,,,,,,,
LGATE Rise Time  (typ)(ns),1,,,,,,,,,,
Channel Number,1,,,,,,,,,,
"Maximum Gate-to-Source Voltage, Max VGS(+-V)",1,,,,,,,,,,
"System Frequency, fSCLK(MHz)",1,,,,,,,,,,
定时延迟,1,,,,,,,,,,
"MCU supply voltage, V5V, Max(V)",1,,,,,,,,,,
Number  of  Phases,1,,,,,,,,,,
