category2,n,l1_code,l2_code,note
集管和边缘连接器,524985,,,
固定电容器,299439,,,
固定电阻器,293128,,,
石英晶体,260098,,,
齐纳二极管,246179,,,
XO,244958,,,
电源模块,210307,,,
固定电感器,187991,,,
瞬态抑制器,171065,,,
整流二极管,150692,,,
D 型连接器,128619,,,
其他互连器件,128596,,,
电源管理电路,119252,,,
可见光 LED,108050,,,
SRAM,105978,,,
端子和端子排,100435,,,
线性稳压器IC,97884,,,
军用圆形连接器,87844,,,
微控制器,84041,,,
开关式稳压器或控制器,69518,,,
小信号双极晶体管,63139,,,
阵列/网络电阻器,56915,,,
总线驱动器/收发器,54533,,,
插槽和芯片载体,51978,,,
闪存,51535,,,
EEPROM,51173,,,
功率场效应晶体管,49801,,,
其他振荡器,48921,,,
金属膜电阻器,47875,,,
可控硅整流器,46793,,,
VCXO,44753,,,
DRAM,40815,,,
光学位置编码器,40625,,,
电源连接器,39610,,,
非线性电阻器,37943,,,
线绕电阻器,37470,,,
数据线路滤波器,37261,,,
栅极,36713,,,
其他模拟IC,36177,,,
运算放大器,33919,,,
其他圆形连接器,33017,,,
薄膜电阻器,31803,,,
按钮开关,30590,,,
旋转开关,29924,,,
其他稳压器,29690,,,
光耦合器,29001,,,
电熔丝,28714,,,
TCXO,28251,,,
桥式整流二极管,26732,,,
快动/限位开关,26056,,,
功率/信号继电器,25793,,,
光纤发射器,25368,,,
功率双极晶体管,24204,,,
拨动开关,24031,,,
电信连接器和数据通信连接器,23918,,,
军用连接器配件,23898,,,
组装件,23434,,,
线缆,23288,,,
电阻器/电容器网络,23030,,,
翘板开关,22390,,,
TCVCXO,21124,,,
其他晶体管,20704,,,
线路驱动器或接收器,20382,,,
薄膜电容器,19920,,,
现场可编程门阵列,19776,,,
小信号场效应晶体管,19119,,,
其他光纤连接器,18036,,,
延迟线,17918,,,
可变电阻器,16556,,,
模数转换器,16080,,,
复用器或开关,15708,,,
LED 显示器,15662,,,
触发器/锁存器,15489,,,
FIFO,15290,,,
射频/微波衰减器,14626,,,
圆形适配器,14200,,,
时钟发生器,13766,,,
可编程逻辑器件,13633,,,
TRIAC,12960,,,
射频/微波放大器,12819,,,
参考电压源,12464,,,
钽电容器,12195,,,
时钟驱动器,12040,,,
微处理器,11925,,,
固态继电器,11811,,,
压力传感器,11803,,,
多路机架连接器和面板连接器,11487,,,
铝电解电容器,11411,,,
陶瓷电容器,11318,,,
金属箔电阻器,11235,,,
计数器,10838,,,
OTP ROM,10805,,,
IGBT,9968,,,
其他商用集成电路,9910,,,
变容二极管,9908,,,
数模转换器,9808,,,
复用器/解复用器,9590,,,
其他 uPs/uCs/外围集成电路,9100,,,
数字电位计,9083,,,
单部分卡边缘连接器,8874,,,
音频/视频放大器,8457,,,
稳压二极管,8307,,,
其他光电器件,8168,,,
其他电信集成电路,8122,,,
显示驱动器,8071,,,
光纤收发器,7862,,,
射频小信号双极晶体管,7782,,,
其他内存集成电路,7683,,,
外围驱动器,7613,,,
其他光纤器件,7517,,,
金属釉/厚膜电阻器,7314,,,
电力/电源变压器,6948,,,
移位寄存器,6658,,,
运动控制电子器件,6486,,,
电源滤波器,6356,,,
解码器/驱动器,6331,,,
比较器,6167,,,
运算电路,5914,,,
音频/RCA 连接器,5765,,,
MOSFET 驱动器,5707,,,
SAW 滤波器,5652,,,
硅浪涌保护器,5379,,,
断路器,5097,,,
OCVCXO,4935,,,
微波混频二极管,4924,,,
组合线路连接器,4842,,,
EPROM,4754,,,
串行 IO/通信控制器,4576,,,
金属条电阻器,4476,,,
电位器,4472,,,
PIN 二极管,4428,,,
ATM/SONET/SDH 集成电路,4269,,,
其他接口集成电路,4268,,,
电信保护电路,4243,,,
锁相环或频率合成电路,4227,,,
OCXO,4202,,,
激光二极管,4194,,,
脉冲/数据通信变压器,4160,,,
温度传感器,4137,,,
并行 IO 端口,4061,,,
光电集成电路,4011,,,
温度相关电阻器（NTC / PTC）,4002,,,
数字信号处理器,3600,,,
网络接口,3567,,,
陶瓷谐振器,3492,,,
计时器或实时时钟,3327,,,
拨码开关,3308,,,
压控振荡器,3305,,,
小键盘开关,3296,,,
工具和机器,3296,,,
射频小信号场效应晶体管,3207,,,
陶瓷滤波器,3161,,,
预分频器/多谐振动器,3142,,,
射频/微波混频器,3120,,,
其他继电器,3114,,,
射频场效应晶体管,3048,,,
射频/微波耦合器,2943,,,
接近传感器,2927,,,
光纤发送器,2921,,,
可变电感器,2831,,,
电信变压器,2697,,,
阵列/网络电容器,2684,,,
射频/微波分光器/合路器,2607,,,
线性位置传感器,2594,,,
红外 LED,2523,,,
射频变压器,2497,,,
金属氧化物膜电阻器,2490,,,
磁场传感器,2427,,,
其他射频连接器,2378,,,
通用无源滤波器,2367,,,
显示器,2361,,,
DSP 外围设备,2300,,,
MASK ROM,2201,,,
信号二极管,2164,,,
其他逻辑集成电路,2144,,,
光纤放大器,2067,,,
光纤接收器,2051,,,
射频/微波开关,2042,,,
有源滤波器,2025,,,
射频双极晶体管,2010,,,
电压倍频二极管,2009,,,
压敏电阻,1995,,,
矩形适配器,1948,,,
总线控制器,1946,,,
介质谐振器,1923,,,
射频适配器,1886,,,
稳流二极管,1830,,,
音频合成器集成电路,1815,,,
其他矩形连接器,1789,,,
插槽式开关,1744,,,
射频/微波天线,1743,,,
多功能外围设备,1715,,,
编解码器,1693,,,
射频/微波端接器,1620,,,
射频继电器,1555,,,
光纤适配器,1554,,,
SMPS 变压器,1544,,,
图像传感器,1525,,,
电话电路,1501,,,
电平转换器,1501,,,
滑动开关,1492,,,
其他传感器/换能器,1361,,,
蜂窝电话电路,1337,,,
音频控制集成电路,1318,,,
光电二极管,1290,,,
其他无源滤波器,1265,,,
熔断电阻器,1218,,,
其他二极管,1212,,,
DIN 连接器,1211,,,
射频 BNC 连接器,1206,,,
显示控制器,1192,,,
光电晶体管,1180,,,
模拟波形发生功能,1171,,,
接收器集成电路,1168,,,
总线终端器,1161,,,
散热片,1158,,,
射频 SMA/SSMA 连接器,1121,,,
特殊开关,1100,,,
风扇/风机,1083,,,
数字传输接口,1075,,,
仪表放大器,1067,,,
驱动电子器件,1029,,,
指轮/按动滚轮开关,1023,,,
其他转换器,1007,,,
晶体滤波器,998,,,
光电配件,991,,,
键锁开关,949,,,
模拟传输接口,919,,,
磁簧继电器,822,,,
金属合金电阻器,819,,,
微调电位器,808,,,
可变电容器,787,,,
缓冲放大器,775,,,
射频/微波隔离器/环行器,750,,,
光纤检测器,735,,,
两部分板连接器,709,,,
色度信号转换器,708,,,
特殊电容器,707,,,
LCD 显示器,704,,,
SIDAC,695,,,
调制解调器,662,,,
阶跃恢复二极管,655,,,
专用微波二极管,652,,,
解复用器,618,,,
SAW 谐振器,601,,,
旋转位置传感器,597,,,
射频/微波上/下变频器,584,,,
调谐器集成电路,576,,,
电信信令电路,559,,,
模拟计算功能,535,,,
射频/微波调制器/解调器,534,,,
特殊继电器,534,,,
次级存储控制器,518,,,
光纤 SC 连接器,514,,,
稳定二极管,511,,,
光纤波分复用器/解复用器,502,,,
其他开关,498,,,
内存控制器,481,,,
数字传输控制器,469,,,
电流感应变压器,467,,,
直流电源插头或插座,464,,,
压控时钟 SAW 振荡器,454,,,
射频 N 型连接器,422,,,
时钟集成电路,420,,,
电信转换电路,409,,,
远程控制集成电路,404,,,
位片处理器,401,,,
射频 MCX/MMCX 连接器,397,,,
其他触发装置,393,,,
无绳电话集成电路,389,,,
电信滤波器,386,,,
射频 TNC 连接器,386,,,
模拟特殊功能转换器,382,,,
光纤开关,359,,,
射频/微波移相器,354,,,
偏转集成电路,333,,,
射频 SMB/SSMB 连接器,329,,,
采样保持电路,327,,,
射频/微波直流阻隔器,324,,,
碳膜电阻器,322,,,
板堆叠连接器,304,,,
射频双轴/三轴/四轴连接器,290,,,
FFC / FPC连接器,288,,,
PCB 适配器,273,,,
射频/微波倍频器,264,,,
算术处理器,247,,,
云母电容器,245,,,
隔离放大器,226,,,
延时继电器,223,,,
逆变变压器,220,,,
电流互感器,214,,,
中断控制器,213,,,
射频/微波检测器,207,,,
DMA 控制器,207,,,
光纤 FC 连接器,205,,,
DIAC,194,,,
光纤衰减器,192,,,
叠加集成电路,184,,,
单结晶体管,179,,,
光纤 ST 连接器,178,,,
电信加密电路,177,,,
击穿二极管,175,,,
膜/箔电阻器,171,,,
射频/微波限幅器,170,,,
磁簧开关,166,,,
音频变压器,163,,,
电池,144,,,
噪声抑制集成电路,143,,,
系统接口逻辑集成电路,142,,,
压控正弦波 SAW/STW 振荡器,134,,,
图文电视集成电路,133,,,
内存管理单元,126,,,
图形处理器,114,,,
YIG调谐振荡器,108,,,
信号分离器集成电路,107,,,
汽车电路,93,,,
寻呼电路,91,,,
光纤网络连接器,80,,,
场效应晶体管,79,,,
可编程单结晶体管,79,,,
噪声发生器,70,,,
蜂鸣片,62,,,
跳线,58,,,
光伏电池,57,,,
射频 SMC/SSMC 连接器,52,,,
固定正弦波 SAW/STW 振荡器,51,,,
暂无类别数据,47,,,
射频盲插连接器,46,,,
光敏电阻,45,,,
反射物体传感器,44,,,
Microcontroller,41,,,
射频 SC 连接器,39,,,
自耦变压器,36,,,
射频 C 型连接器,36,,,
光纤分路器/耦合器,36,,,
射频 UHF 连接器,33,,,
SHV 连接器,30,,,
位置转换器,29,,,
红外传感器,27,,,
光电触发装置,26,,,
其他变压器,26,,,
玻璃电容器,25,,,
微处理器芯片组,25,,,
RTD传感器,24,,,
调谐介质谐振振荡器/同轴谐振振荡器,24,,,
中频变压器,23,,,
纸电容器,20,,,
空腔滤波器,18,,,
恒压变压器,18,,,
数字传输支持,17,,,
AK SERIES,17,,,
栅控开关,17,,,
光纤调制器,16,,,
光纤 SMA 连接器,16,,,
可控硅,14,,,
光纤环行器/隔离器,13,,,
可控硅开关,11,,,
PCMCIA连接器,9,,,
普通晶闸管/整流管混合模块,8,,,
固定时钟 SAW 振荡器,7,,,
PD,4,,,
OpAmps,3,,,
MultipleLDO,3,,,
Gauge,2,,,
其他PCB连接器,2,,,
MotorCont,1,,,
两部分式欧洲连接器,1,,,
MultipleCellChar,1,,,
Gate,1,,,
其他电容器,1,,,
Multi-Phase,1,,,
PROM,1,,,
