category,n,l1_code,l2_code,note
电阻,42972,,,
贴片电阻,29435,,,
电容,29056,,,
TVS二极管,24587,,,
稳压芯片,22679,,,
陶瓷电容,22524,,,
铝电解电容,18662,,,
DC/DC转换器,18348,,,
接口芯片,15815,,,
齐纳二极管,15399,,,
钽电容,14402,,,
逻辑控制器,14257,,,
电感,13599,,,
微控制器,13136,,,
逻辑芯片,13113,,,
MOS管,12903,,,
板对板连接器,12007,,,
运算放大器,11269,,,
双极性晶体管,11058,,,
AD转换器,9971,,,
放大器、缓冲器,8417,,,
电阻排,7507,,,
二极管,6985,,,
DA转换器,6927,,,
电源监控芯片,6632,,,
存储芯片,6333,,,
电压基准芯片,5045,,,
薄膜电容,4842,,,
插头插座,4726,,,
FPGA芯片,4619,,,
插件电阻,4218,,,
触发器,4097,,,
振荡器,4000,,,
电位器,3951,,,
压敏电阻,3946,,,
保险丝,3810,,,
AC-DC转换器,3712,,,
光耦合器/光隔离器,3702,,,
EEPROM芯片,3517,,,
电池管理芯片,3406,,,
FET驱动器,3404,,,
电压监控芯片,3370,,,
连接器,3161,,,
RAM芯片,3067,,,
晶振,3000,,,
比较器,2959,,,
主动器件,2953,,,
线对板连接器,2951,,,
热熔断路器/开关/保险丝,2668,,,
数字电位器,2568,,,
贴片电感,2564,,,
发光二极管,2374,,,
肖特基二极管,2361,,,
LED驱动器,2306,,,
音频放大器,2242,,,
二极管阵列,2192,,,
CPLD芯片,2158,,,
电源管理,2083,,,
时钟发生器,2024,,,
Flash芯片,2016,,,
功率二极管,1976,,,
端子,1934,,,
时钟信号器件,1885,,,
圆形连接器,1883,,,
温度传感器,1867,,,
锁存器,1856,,,
时钟缓冲器、驱动器、锁相环,1824,,,
晶闸管,1772,,,
连接器与适配器,1747,,,
接线端子,1679,,,
多工器,1641,,,
接口隔离器,1625,,,
微处理器,1537,,,
D-Sub连接器,1520,,,
负载控制器,1510,,,
8位微控制器,1491,,,
固态继电器,1433,,,
FIFO,1399,,,
模拟开关芯片,1366,,,
连接器外壳,1346,,,
TRIACs,1310,,,
功率继电器,1291,,,
铁氧体,1281,,,
连接器配件,1238,,,
柔性扁平排线,1209,,,
IGBT晶体管,1189,,,
放大器IC与RF模块,1167,,,
电机驱动器,1152,,,
DSP数字信号处理器,1142,,,
DIP/SIP,1039,,,
实时时钟芯片,1035,,,
SCR晶闸管,1006,,,
光源与发射器,946,,,
晶体管,924,,,
变压器,918,,,
扼流圈,909,,,
移位寄存器,908,,,
热敏电阻,856,,,
桥式整流器,853,,,
计数器,846,,,
整流二极管,818,,,
视频放大器,808,,,
无焊端子,797,,,
RF射频器件,781,,,
RF模块、IC及配件,728,,,
IC插座及配件,716,,,
电源器件,701,,,
电位器及配件,696,,,
工业继电器/通用,693,,,
UART接口芯片,671,,,
电压电平转换器,620,,,
射频连接器、同轴连接器,613,,,
轻触开关、轻推开关,608,,,
数模转换器,602,,,
发光二极管(离散),600,,,
LED阵列/发光条/条形图,598,,,
指示灯,577,,,
有源滤波器,559,,,
光敏传感器,544,,,
编解码器,524,,,
基础型/快动型/限制型,524,,,
插针,516,,,
电容排,509,,,
射频接收器,495,,,
LED显示器及模块,486,,,
地磁传感器,449,,,
PWM控制器,448,,,
EMI/RFI屏蔽/抑制,440,,,
保险丝座,429,,,
RF二极管,413,,,
32位控制器,411,,,
仪表放大器,407,,,
压接触点及配件,397,,,
DIN41612连接器,386,,,
JFET晶体管,381,,,
16位微控制器,370,,,
可编程定时器芯片,367,,,
模块连接器,354,,,
模块、插头与插孔,350,,,
分立器件,339,,,
拨动开关,338,,,
缓冲器,334,,,
压力传感器,328,,,
湿度传感器,325,,,
电源配件,319,,,
风扇与风机,319,,,
PCB连接器,316,,,
插头、插座,304,,,
开关电源,287,,,
按钮开关,280,,,
LVDS、M-LVDS、ECL、CML,279,,,
开发套件,271,,,
CAN芯片,267,,,
PLC可编程逻辑控制器,263,,,
插座,262,,,
电源滤波器,259,,,
扁平带状电缆,236,,,
滤波器与EMI/RFI部件,232,,,
小信号二极管,231,,,
滤波器,229,,,
霍尔传感器,228,,,
开关控制器,227,,,
机箱、通用盒,213,,,
编码器,212,,,
卡边缘连接器,210,,,
蜂鸣器,201,,,
延时时钟芯片,200,,,
电压转换器、逆变器、变压器,197,,,
音频连接器,192,,,
线束转接线,181,,,
直角工业连接器,180,,,
加速度传感器,176,,,
施密特触发器,171,,,
电流滤波器件,170,,,
非门芯片,169,,,
射频检测器,168,,,
射频同轴配件,165,,,
EPROM芯片,165,,,
变容二极管,152,,,
传感器,152,,,
光纤传输器件,148,,,
光电传感器,143,,,
RS232控制器,140,,,
USB芯片,135,,,
光电晶体管,133,,,
功率输入模块,129,,,
中高压MOS管,126,,,
RS485控制器,123,,,
白炽灯,121,,,
线性调节器,118,,,
测试线,118,,,
收发器,115,,,
插座与适配器,102,,,
USB连接器,101,,,
开关配件,98,,,
"DIAC双向触发二极管,DIAC",96,,,
开关,95,,,
D-Sub后壳,93,,,
陀螺仪,93,,,
特殊应用集成芯片,92,,,
缓冲放大器,91,,,
谐振器,91,,,
有源像素传感器(CMOS阵列),85,,,
锁相环(PLLs),84,,,
保险丝配件,84,,,
ESD保护,81,,,
香蕉插头、插座,81,,,
扎带,81,,,
7段LED显示器,80,,,
散热器,79,,,
距离传感器,76,,,
可调电容,76,,,
光纤与光通信设备,76,,,
运动传感器,75,,,
光纤,72,,,
电涌保护,71,,,
高亮度LED,70,,,
射频发射器,69,,,
电路保护器件,69,,,
光电二极管,68,,,
LED,68,,,
传感器及配件,67,,,
USB线,65,,,
环形舌片-铲,64,,,
光电器件,64,,,
跳线,60,,,
示波器,60,,,
SCSI终端,60,,,
摇杆/手柄,59,,,
SAW滤波器,58,,,
线路驱动器、接收器,58,,,
温度传感器IC,56,,,
簧片继电器,55,,,
放大器,52,,,
I/O模块,52,,,
旋转开关,51,,,
滤波器与保护器,51,,,
线缆标签,49,,,
光纤连接器及配件,49,,,
IDC连接器,49,,,
支座,48,,,
仪表配件,45,,,
D-Sub配件,42,,,
断路器,40,,,
RF天线,39,,,
以太网控制器,39,,,
SCSI连接器,38,,,
SIDAC开关型晶闸管,36,,,
连接线配件,36,,,
面板仪器,35,,,
开发套件与开发板,35,,,
线缆工具,35,,,
开发板,35,,,
连接线,34,,,
传感器配件,34,,,
延时继电器,34,,,
连接配件,33,,,
液位传感器,33,,,
同轴线,33,,,
电源线及配件,32,,,
未分类,31,,,
风扇,31,,,
麦克风,30,,,
功率分配器与定向耦合器,30,,,
紧急停止板/盖子,30,,,
D-Sub及配件,29,,,
台式电源,29,,,
以太网接口芯片,29,,,
线夹,28,,,
FlatLink类,28,,,
红外感应芯片(IrDA),27,,,
适配器,27,,,
IR发射器,27,,,
电缆配件,27,,,
垫片,25,,,
风扇、风机及配件,25,,,
PCI Express,25,,,
AB类放大器,24,,,
电池,24,,,
MIL-DTL-38999系列III型连接器,24,,,
LED显示器,24,,,
面板,24,,,
电容配件,24,,,
滑块开关,22,,,
继电器配件,22,,,
电流传感器,22,,,
柜子配件,20,,,
EMI滤波器,20,,,
电子显示器,19,,,
探头,19,,,
电阻配件,18,,,
电机及驱动器,18,,,
电池配件,18,,,
继电器及配件,18,,,
电池充电器,18,,,
文字显示器、信息显示器,17,,,
端子标识,17,,,
SCSI控制器,17,,,
CCFL逆变器,16,,,
编码器与解码器,16,,,
与非门芯片,16,,,
电容式触摸传感器,16,,,
硬件、紧固件,16,,,
线缆紧固件,16,,,
RJ45以太网线,15,,,
光纤线缆,15,,,
PCI芯片,15,,,
隔离放大器,14,,,
监控器、视频线,14,,,
LED光导管,14,,,
继电器、I/O模块,13,,,
白炽灯及配件,13,,,
热缩管,13,,,
流量仪,13,,,
电源排插,12,,,
电源、稳压器及配件,12,,,
多芯线,12,,,
或非门芯片,12,,,
台式柜,12,,,
电池及配件,12,,,
接线端子配件,11,,,
变送器,11,,,
接线柱,11,,,
对数放大器,11,,,
电位器刻度盘,11,,,
单芯线,11,,,
红外传感器,11,,,
汽车连接器,11,,,
万用表、压表,11,,,
接收器,11,,,
结构配件,10,,,
与门芯片,10,,,
结构件,10,,,
机电类,10,,,
套圈,10,,,
垫片与支座,10,,,
电池夹、触点,10,,,
或门芯片,9,,,
RS422控制器,9,,,
PROM芯片,9,,,
信号发生器,9,,,
接头,9,,,
衰减器,8,,,
小时计,8,,,
LED配件,8,,,
螺丝,8,,,
接触块,8,,,
风机配件,8,,,
输出模块,7,,,
电脑连接线,7,,,
示波器及配件,7,,,
USB控制器,7,,,
BNC同轴接口,7,,,
工业控制,7,,,
LIN芯片,7,,,
旋钮,7,,,
压接器,6,,,
DIMM插槽,6,,,
温控器件,6,,,
DIN导轨,6,,,
光电配件,6,,,
半导体激光器,6,,,
电子元器件,6,,,
OLED显示器,6,,,
电源模块配件,5,,,
1394接口芯片,5,,,
带钩夹子,5,,,
D类音频放大器,5,,,
测试仪器,5,,,
USB微控制器,5,,,
底脚,5,,,
CCD(电荷耦合器件),5,,,
测试探头、导线与夹子,5,,,
电源模块,5,,,
测试配件,5,,,
带锁开关,5,,,
鳄鱼夹,5,,,
防静电控制器,4,,,
电流监测器,4,,,
PCI桥,4,,,
USB收发器,4,,,
连接器套件,4,,,
LRC式滤波器,4,,,
手动/电动工具,4,,,
电缆系带,4,,,
胶带及胶粘剂,4,,,
工具与用品,4,,,
图形显示器,4,,,
LCD显示器与模块,4,,,
快速断开型,4,,,
塑料盒,4,,,
应力消除配件,3,,,
测试点,3,,,
光纤连接器配件,3,,,
脚垫,3,,,
计时器,3,,,
可编程增益放大器,3,,,
金属盒,3,,,
探测器,3,,,
螺母,3,,,
万用表、压表及配件,3,,,
带状电缆,3,,,
电流感应,3,,,
连接器与套件,3,,,
FireWire转接线,3,,,
汽车类配件,3,,,
信号继电器,3,,,
按键开关,3,,,
发声器件,3,,,
分析仪及配件,2,,,
电缆标签,2,,,
LCD显示器及模块,2,,,
点阵显示器,2,,,
链路层控制器,2,,,
螺丝与螺栓,2,,,
短接连接,2,,,
压接触、插座,2,,,
扬声器,2,,,
夹子,2,,,
输入模块,2,,,
电容套件,2,,,
信号调节放大器,2,,,
段式显示器,2,,,
压接工具,2,,,
联锁开关,2,,,
接地电缆,2,,,
频谱分析仪,2,,,
母端断开型,2,,,
角度传感器,2,,,
音频线、视频线,2,,,
保护罩、密封、保护,2,,,
指轮开关、推轮滚轮,2,,,
架子,2,,,
激光及配件,1,,,
拉手,1,,,
风机,1,,,
LED指示灯阵列,1,,,
样品册,1,,,
DIP线,1,,,
PNP BJT,1,,,
粘合剂,1,,,
剥线器,1,,,
SIMM插槽,1,,,
RF配件,1,,,
冲头、冲模,1,,,
PAL芯片,1,,,
异或门芯片,1,,,
簧片开关,1,,,
MIL-C-26482系列II微型圆形连接器,1,,,
JTAG接口芯片,1,,,
套管,1,,,
传动装置,1,,,
电位器配件,1,,,
USB瞬态电压抑制器,1,,,
音量控制,1,,,
MIL-C-26482系列I微型圆形连接器,1,,,
不间断电源(UPS),1,,,
针插座,1,,,
同轴电缆,1,,,
倾斜开关,1,,,
PCI CardBus控制器,1,,,
钳子,1,,,
按键,1,,,
N型连接器,1,,,
复合传感器,1,,,
D-Sub线缆,1,,,
电缆固定头,1,,,
安规型,1,,,
电池线接线片,1,,,
显示配件,1,,,
螺丝刀、螺母扳头、套筒扳手,1,,,
散热器及配件,1,,,
振动型,1,,,
微型灯,1,,,
物理层控制器,1,,,
集成设备,1,,,
高亮度直插型灯,1,,,
